Tue Aug 25 19:31:49 2026       
+-----------------------------------------------------------------------------------------+
| NVIDIA-SMI 590.48.01              Driver Version: 590.48.01      CUDA Version: 13.1     |
+-----------------------------------------+------------------------+----------------------+
| GPU  Name                 Persistence-M | Bus-Id          Disp.A | Volatile Uncorr. ECC |
| Fan  Temp   Perf          Pwr:Usage/Cap |           Memory-Usage | GPU-Util  Compute M. |
|                                         |                        |               MIG M. |
|=========================================+========================+======================|
|   0  NVIDIA A100-SXM4-40GB          On  |   00000000:01:00.0 Off |                    0 |
| N/A   29C    P0             49W /  400W |       0MiB /  40960MiB |      0%      Default |
|                                         |                        |             Disabled |
+-----------------------------------------+------------------------+----------------------+

+-----------------------------------------------------------------------------------------+
| Processes:                                                                              |
|  GPU   GI   CI              PID   Type   Process name                        GPU Memory |
|        ID   ID                                                               Usage      |
|=========================================================================================|
|  No running processes found                                                             |
+-----------------------------------------------------------------------------------------+
Job ID: 11613846
Job Name: MACE-Scratch
Node: gilbreth-n017
Start Time: Tue Aug 25 07:31:49 PM EDT 2026
Working Directory: /scratch/gilbreth/biswasm/MACE_added_charge/mace
GPU: NVIDIA A100-SXM4-40GB
Starting MACE training...
2026-08-25 19:32:03.865 INFO: ===========VERIFYING SETTINGS===========
2026-08-25 19:32:03.866 INFO: MACE version: 0.3.16
2026-08-25 19:32:04.063 INFO: CUDA version: 13.0, CUDA device: 0
2026-08-25 19:32:04.325 INFO: ===========LOADING INPUT DATA===========
2026-08-25 19:32:04.325 INFO: Using heads: ['Default']
2026-08-25 19:32:04.325 INFO: Using the key specifications to parse data:
2026-08-25 19:32:04.325 INFO: Default: KeySpecification(info_keys={'energy': 'REF_energy', 'stress': 'REF_stress', 'virials': 'REF_virials', 'dipole': 'dipole', 'head': 'head', 'elec_temp': 'elec_temp', 'total_charge': 'total_charge', 'polarizability': 'polarizability', 'total_spin': 'total_spin'}, arrays_keys={'forces': 'REF_forces', 'charges': 'REF_charges'})
2026-08-25 19:32:04.325 INFO: =============    Processing head Default     ===========
2026-08-25 19:32:23.693 INFO: Training set 1/1 [energy: 55837, stress: 55837, virials: 0, dipole components: 0, head: 55837, elec_temp: 0, total_charge: 55837, polarizability: 0, total_spin: 0, forces: 55837, charges: 0]
2026-08-25 19:32:23.740 INFO: Total Training set [energy: 55837, stress: 55837, virials: 0, dipole components: 0, head: 55837, elec_temp: 0, total_charge: 55837, polarizability: 0, total_spin: 0, forces: 55837, charges: 0]
2026-08-25 19:32:23.743 INFO: No validation set provided, splitting training data instead.
2026-08-25 19:32:23.760 INFO: Using random 10% of training set for validation with indices saved in: MACEDefect_outputs/MACEDefect_CsPbX3_valid_indices_278.txt
2026-08-25 19:32:23.888 INFO: Random Split Training set [energy: 50254, stress: 50254, virials: 0, dipole components: 0, head: 50254, elec_temp: 0, total_charge: 50254, polarizability: 0, total_spin: 0, forces: 50254, charges: 0]
2026-08-25 19:32:23.900 INFO: Random Split Validation set [energy: 5583, stress: 5583, virials: 0, dipole components: 0, head: 5583, elec_temp: 0, total_charge: 5583, polarizability: 0, total_spin: 0, forces: 5583, charges: 0]
2026-08-25 19:32:23.900 INFO: Total number of configurations: train=50254, valid=5583, tests=[],
2026-08-25 19:32:24.329 INFO: Atomic Numbers used: [np.int64(7), np.int64(8), np.int64(9), np.int64(15), np.int64(16), np.int64(17), np.int64(33), np.int64(34), np.int64(35), np.int64(52), np.int64(53), np.int64(55), np.int64(82)]
2026-08-25 19:32:24.360 INFO: [E0s] Using 13428 neutral (Q=0) structures out of 50254 total for E0s computation.
2026-08-25 19:32:24.360 INFO: Isolated Atomic Energies (E0s) not in training file, using command line argument
2026-08-25 19:32:24.360 INFO: Computing average Atomic Energies using least squares regression
2026-08-25 19:32:24.578 INFO: Atomic Energies used (z: eV) for head Default: {7: -5.7336223000259485, 8: -5.0194581279318555, 9: -4.2117744963995305, 15: -4.8048266912802395, 16: -3.6461162428460674, 17: -3.124499226183813, 33: -4.705960869379137, 34: -3.3693139310944855, 35: -2.520267638322867, 52: -3.4229792538740593, 53: -1.917885451663401, 55: -3.5846847246608213, 82: -4.568404385469172}
2026-08-25 19:32:24.578 INFO: Processing datasets for head 'Default'
2026-08-25 19:33:25.933 INFO: Combining 1 list datasets for head 'Default'
2026-08-25 19:33:32.427 INFO: Head 'Default' training dataset size: 50254
2026-08-25 19:33:32.428 INFO: Computing average number of neighbors
2026-08-25 19:33:45.965 INFO: Average number of neighbors: 17.53336106968311
2026-08-25 19:33:45.965 INFO: During training the following quantities will be reported: energy, forces
2026-08-25 19:33:45.965 INFO: ===========MODEL DETAILS===========
2026-08-25 19:33:56.729 INFO: Building model
2026-08-25 19:33:56.729 INFO: Message passing with 64 channels and max_L=1 (64x0e+64x1o)
2026-08-25 19:33:56.731 INFO: 2 layers, each with correlation order: 3 (body order: 4) and spherical harmonics up to: l=3
2026-08-25 19:33:56.731 INFO: 10 radial and 5 basis functions
2026-08-25 19:33:56.731 INFO: Radial cutoff: 6.0 A (total receptive field for each atom: 12.0 A)
2026-08-25 19:33:56.731 INFO: Distance transform for radial basis functions: Agnesi
2026-08-25 19:33:56.731 INFO: Hidden irreps: 64x0e+64x1o
2026-08-25 19:33:56.798 INFO: Charge states identified in training data: [-2, -1, 0, 1, 2]
2026-08-25 19:33:58.197 INFO: ===========OPTIMIZER INFORMATION===========
2026-08-25 19:33:58.198 INFO: Using ADAM as parameter optimizer
2026-08-25 19:33:58.198 INFO: Batch size: 10
2026-08-25 19:33:58.198 INFO: Using Exponential Moving Average with decay: 0.99
2026-08-25 19:33:58.198 INFO: Number of gradient updates: 1909652
2026-08-25 19:33:58.198 INFO: Learning rate: 0.005, weight decay: 1e-05
2026-08-25 19:33:58.198 INFO: WeightedEnergyForcesLoss(energy_weight=30.000, forces_weight=50.000)
2026-08-25 19:33:58.198 INFO: Auto-enabling CuEquivariance for MACEDefect on CUDA
2026-08-25 19:33:58.198 INFO: Converting model to CUEQ for accelerated training
2026-08-25 19:33:58.297 INFO: Creating new model with cuequivariance settings
2026-08-25 19:34:01.848 INFO: === Layer's learning rates ===
2026-08-25 19:34:01.848 INFO: Param group 0: lr = 0.0025
2026-08-25 19:34:01.848 INFO: Param group 1: lr = 0.0025
2026-08-25 19:34:01.849 INFO: Param group 2: lr = 0.0025
2026-08-25 19:34:01.849 INFO: Param group 3: lr = 0.0025
2026-08-25 19:34:01.849 INFO: Param group 4: lr = 0.0025
2026-08-25 19:34:01.849 INFO: Param group 5: lr = 0.005
2026-08-25 19:34:01.850 INFO: Using gradient clipping with tolerance=20.000
2026-08-25 19:34:01.850 INFO: 
2026-08-25 19:34:01.850 INFO: ===========TRAINING===========
2026-08-25 19:34:01.851 INFO: Started training, reporting errors on validation set
2026-08-25 19:34:01.851 INFO: Loss metrics on validation set
2026-08-25 19:35:15.751 INFO: Initial: head: Default, loss=0.68077763, RMSE_E_per_atom=  246.15 meV, RMSE_F=  269.38 meV / A
2026-08-25 19:35:45.049 INFO: --- Gradient diagnostics (epoch 0, batch 0) ---
2026-08-25 19:35:45.050 INFO:   forces: pred_rms=0.1123 eV/Å, ref_rms=0.1428 eV/Å, err_rms=0.2142 eV/Å
2026-08-25 19:35:45.050 INFO:   energy/atom: pred_mean=-3.1952 eV, ref_mean=-3.0292 eV, err_mean=0.2060 eV
2026-08-25 19:35:45.051 INFO:   energy decomposition (mean/atom): E_inter=-0.0346 eV, E_QEq=-0.145211 eV
2026-08-25 19:35:45.108 INFO:   QEq charges per element: Z=7: mean=-0.7725, std=nan, min=-0.7725, max=-0.7725 | Z=9: mean=0.2099, std=nan, min=0.2099, max=0.2099 | Z=15: mean=0.4969, std=nan, min=0.4969, max=0.4969 | Z=17: mean=0.3319, std=nan, min=0.3319, max=0.3319 | Z=33: mean=-0.4953, std=0.5860, min=-1.0662, max=0.3014 | Z=35: mean=-0.2283, std=0.1880, min=-0.4949, max=0.1911 | Z=53: mean=0.1928, std=0.2043, min=-0.1820, max=0.4207 | Z=55: mean=0.2843, std=0.4289, min=-0.3878, max=1.0441 | Z=82: mean=-0.0596, std=0.5516, min=-0.8730, max=0.6816
2026-08-25 19:35:45.110 INFO:   Top-10 param grad norms:
2026-08-25 19:35:45.110 INFO:     products.0.symmetric_contractions.weight: 11.282727
2026-08-25 19:35:45.110 INFO:     interactions.0.conv_tp_weights.layer0.weight: 5.404642
2026-08-25 19:35:45.110 INFO:     charge_embedding.weight: 4.812764
2026-08-25 19:35:45.110 INFO:     products.0.linear.weight: 4.497391
2026-08-25 19:35:45.110 INFO:     interactions.0.conv_tp_weights.layer2.weight: 4.316376
2026-08-25 19:35:45.110 INFO:     interactions.0.linear_up.weight: 4.273728
2026-08-25 19:35:45.110 INFO:     interactions.0.linear.weight: 4.148269
2026-08-25 19:35:45.110 INFO:     interactions.0.conv_tp_weights.layer3.weight: 3.973879
2026-08-25 19:35:45.110 INFO:     chi_readouts.0.linear.weight: 3.823330
2026-08-25 19:35:45.110 INFO:     interactions.0.conv_tp_weights.layer1.weight: 3.769794
2026-08-25 19:35:45.111 INFO:   All parameters have nonzero gradients ✓
2026-08-25 19:35:45.111 INFO:   Total grad norm (before clip): 17.7074
2026-08-25 19:35:45.111 INFO: --- End gradient diagnostics ---
2026-08-25 19:49:26.014 INFO:   Epoch energy decomposition (mean/atom): E_inter=0.2962 eV, E_QEq=-0.296550 eV
2026-08-25 19:50:22.626 INFO: Epoch 0: head: Default, loss=0.02244944, RMSE_E_per_atom=   13.73 meV, RMSE_F=   58.98 meV / A
2026-08-25 19:50:22.838 INFO: --- Gradient diagnostics (epoch 1, batch 0) ---
2026-08-25 19:50:22.839 INFO:   forces: pred_rms=0.2643 eV/Å, ref_rms=0.2426 eV/Å, err_rms=0.0778 eV/Å
2026-08-25 19:50:22.839 INFO:   energy/atom: pred_mean=-2.9866 eV, ref_mean=-2.9807 eV, err_mean=0.0176 eV
2026-08-25 19:50:22.839 INFO:   energy decomposition (mean/atom): E_inter=0.3292 eV, E_QEq=-0.308065 eV
2026-08-25 19:50:22.842 INFO:   QEq charges per element: Z=7: mean=-0.2280, std=0.1703, min=-0.3484, max=-0.1076 | Z=16: mean=-1.0002, std=nan, min=-1.0002, max=-1.0002 | Z=17: mean=0.3721, std=nan, min=0.3721, max=0.3721 | Z=33: mean=-0.4042, std=0.3243, min=-0.7779, max=-0.1961 | Z=35: mean=-0.0116, std=0.3930, min=-0.5166, max=0.4558 | Z=53: mean=0.0074, std=0.4096, min=-0.4851, max=0.5791 | Z=55: mean=0.0124, std=0.5417, min=-0.6083, max=0.6282 | Z=82: mean=-0.0105, std=0.6164, min=-0.7317, max=0.8303
2026-08-25 19:50:22.843 INFO:   Top-10 param grad norms:
2026-08-25 19:50:22.843 INFO:     interactions.0.conv_tp_weights.layer0.weight: 1.526402
2026-08-25 19:50:22.843 INFO:     interactions.0.conv_tp_weights.layer1.weight: 0.626393
2026-08-25 19:50:22.843 INFO:     interactions.0.conv_tp_weights.layer2.weight: 0.372029
2026-08-25 19:50:22.843 INFO:     products.0.symmetric_contractions.weight: 0.191193
2026-08-25 19:50:22.844 INFO:     charge_embedding.weight: 0.185732
2026-08-25 19:50:22.844 INFO:     interactions.0.conv_tp_weights.layer3.weight: 0.145164
2026-08-25 19:50:22.844 INFO:     interactions.0.linear_up.weight: 0.139309
2026-08-25 19:50:22.844 INFO:     interactions.0.linear.weight: 0.125527
2026-08-25 19:50:22.844 INFO:     products.0.linear.weight: 0.116923
2026-08-25 19:50:22.844 INFO:     products.1.symmetric_contractions.weight: 0.088363
2026-08-25 19:50:22.844 INFO:   All parameters have nonzero gradients ✓
2026-08-25 19:50:22.844 INFO:   Total grad norm (before clip): 1.7481
2026-08-25 19:50:22.844 INFO: --- End gradient diagnostics ---
2026-08-25 20:02:56.035 INFO:   Epoch energy decomposition (mean/atom): E_inter=0.3056 eV, E_QEq=-0.305355 eV
2026-08-25 20:03:52.270 INFO: Epoch 1: head: Default, loss=0.01291407, RMSE_E_per_atom=   10.94 meV, RMSE_F=   44.66 meV / A
2026-08-25 20:03:52.458 INFO: --- Gradient diagnostics (epoch 2, batch 0) ---
2026-08-25 20:03:52.459 INFO:   forces: pred_rms=0.0692 eV/Å, ref_rms=0.0543 eV/Å, err_rms=0.0471 eV/Å
2026-08-25 20:03:52.459 INFO:   energy/atom: pred_mean=-3.0695 eV, ref_mean=-3.0531 eV, err_mean=0.0170 eV
2026-08-25 20:03:52.459 INFO:   energy decomposition (mean/atom): E_inter=0.3009 eV, E_QEq=-0.330306 eV
2026-08-25 20:03:52.462 INFO:   QEq charges per element: Z=7: mean=-0.3945, std=nan, min=-0.3945, max=-0.3945 | Z=8: mean=-0.4340, std=0.2585, min=-0.6168, max=-0.2512 | Z=15: mean=-0.3326, std=nan, min=-0.3326, max=-0.3326 | Z=33: mean=-0.3938, std=nan, min=-0.3938, max=-0.3938 | Z=34: mean=-0.4802, std=nan, min=-0.4802, max=-0.4802 | Z=35: mean=0.0659, std=0.3901, min=-0.4192, max=0.5528 | Z=52: mean=0.3231, std=nan, min=0.3231, max=0.3231 | Z=53: mean=0.1398, std=0.3606, min=-0.4139, max=0.4429 | Z=55: mean=-0.1071, std=0.5424, min=-0.6418, max=0.6329 | Z=82: mean=-0.1610, std=0.5561, min=-0.6668, max=0.5674
2026-08-25 20:03:52.464 INFO:   Top-10 param grad norms:
2026-08-25 20:03:52.464 INFO:     interactions.0.conv_tp_weights.layer0.weight: 0.662534
2026-08-25 20:03:52.464 INFO:     interactions.0.conv_tp_weights.layer1.weight: 0.274167
2026-08-25 20:03:52.464 INFO:     products.0.symmetric_contractions.weight: 0.194732
2026-08-25 20:03:52.464 INFO:     interactions.0.conv_tp_weights.layer2.weight: 0.167874
2026-08-25 20:03:52.465 INFO:     chi_readouts.0.linear.weight: 0.133286
2026-08-25 20:03:52.465 INFO:     products.0.linear.weight: 0.122994
2026-08-25 20:03:52.465 INFO:     interactions.0.linear.weight: 0.115892
2026-08-25 20:03:52.465 INFO:     interactions.0.conv_tp_weights.layer3.weight: 0.111235
2026-08-25 20:03:52.465 INFO:     charge_embedding.weight: 0.102339
2026-08-25 20:03:52.465 INFO:     interactions.0.linear_up.weight: 0.074321
2026-08-25 20:03:52.465 INFO:   All parameters have nonzero gradients ✓
2026-08-25 20:03:52.465 INFO:   Total grad norm (before clip): 0.8273
2026-08-25 20:03:52.465 INFO: --- End gradient diagnostics ---
2026-08-25 20:16:15.600 INFO:   Epoch energy decomposition (mean/atom): E_inter=0.3113 eV, E_QEq=-0.311021 eV
2026-08-25 20:17:13.267 INFO: Epoch 2: head: Default, loss=0.01036549, RMSE_E_per_atom=    9.62 meV, RMSE_F=   40.03 meV / A
2026-08-25 20:17:13.449 INFO: --- Gradient diagnostics (epoch 3, batch 0) ---
2026-08-25 20:17:13.450 INFO:   forces: pred_rms=0.5027 eV/Å, ref_rms=0.5013 eV/Å, err_rms=0.0708 eV/Å
2026-08-25 20:17:13.450 INFO:   energy/atom: pred_mean=-2.9625 eV, ref_mean=-2.9719 eV, err_mean=0.0097 eV
2026-08-25 20:17:13.450 INFO:   energy decomposition (mean/atom): E_inter=0.3878 eV, E_QEq=-0.311253 eV
2026-08-25 20:17:13.453 INFO:   QEq charges per element: Z=9: mean=0.9224, std=nan, min=0.9224, max=0.9224 | Z=33: mean=-0.2594, std=0.2947, min=-0.5630, max=0.0255 | Z=34: mean=-0.8199, std=0.6954, min=-1.3116, max=-0.3282 | Z=35: mean=-0.0386, std=0.3657, min=-0.4894, max=0.4875 | Z=52: mean=-0.3206, std=0.0661, min=-0.3673, max=-0.2738 | Z=53: mean=0.1275, std=0.3392, min=-0.4283, max=0.5173 | Z=55: mean=0.0059, std=0.4964, min=-0.6767, max=0.6413 | Z=82: mean=-0.0399, std=0.5561, min=-0.7883, max=0.6620
2026-08-25 20:17:13.454 INFO:   Top-10 param grad norms:
2026-08-25 20:17:13.454 INFO:     products.0.symmetric_contractions.weight: 0.505651
2026-08-25 20:17:13.454 INFO:     interactions.0.conv_tp_weights.layer0.weight: 0.282573
2026-08-25 20:17:13.454 INFO:     charge_embedding.weight: 0.282316
2026-08-25 20:17:13.454 INFO:     interactions.0.linear_up.weight: 0.197252
2026-08-25 20:17:13.454 INFO:     interactions.0.linear.weight: 0.173663
2026-08-25 20:17:13.454 INFO:     interactions.0.conv_tp_weights.layer1.weight: 0.158034
2026-08-25 20:17:13.454 INFO:     interactions.0.conv_tp_weights.layer2.weight: 0.142707
2026-08-25 20:17:13.455 INFO:     interactions.0.conv_tp_weights.layer3.weight: 0.134513
2026-08-25 20:17:13.455 INFO:     products.0.linear.weight: 0.125152
2026-08-25 20:17:13.455 INFO:     chi_readouts.0.linear.weight: 0.096811
2026-08-25 20:17:13.455 INFO:   All parameters have nonzero gradients ✓
2026-08-25 20:17:13.455 INFO:   Total grad norm (before clip): 0.7858
2026-08-25 20:17:13.455 INFO: --- End gradient diagnostics ---
2026-08-25 20:29:41.305 INFO:   Epoch energy decomposition (mean/atom): E_inter=0.3238 eV, E_QEq=-0.323542 eV
2026-08-25 20:30:37.991 INFO: Epoch 3: head: Default, loss=0.00876982, RMSE_E_per_atom=    9.00 meV, RMSE_F=   36.80 meV / A
2026-08-25 20:30:38.180 INFO: --- Gradient diagnostics (epoch 4, batch 0) ---
2026-08-25 20:30:38.180 INFO:   forces: pred_rms=0.1147 eV/Å, ref_rms=0.1006 eV/Å, err_rms=0.0442 eV/Å
2026-08-25 20:30:38.180 INFO:   energy/atom: pred_mean=-2.9749 eV, ref_mean=-2.9466 eV, err_mean=0.0283 eV
2026-08-25 20:30:38.181 INFO:   energy decomposition (mean/atom): E_inter=0.2898 eV, E_QEq=-0.334015 eV
2026-08-25 20:30:38.184 INFO:   QEq charges per element: Z=7: mean=-0.1953, std=nan, min=-0.1953, max=-0.1953 | Z=15: mean=-0.5928, std=nan, min=-0.5928, max=-0.5928 | Z=16: mean=-0.3414, std=nan, min=-0.3414, max=-0.3414 | Z=17: mean=-0.7938, std=nan, min=-0.7938, max=-0.7938 | Z=33: mean=-0.5487, std=nan, min=-0.5487, max=-0.5487 | Z=34: mean=-0.8439, std=nan, min=-0.8439, max=-0.8439 | Z=35: mean=0.2020, std=0.3338, min=-0.4008, max=0.4593 | Z=52: mean=-0.8761, std=nan, min=-0.8761, max=-0.8761 | Z=53: mean=0.1400, std=0.3504, min=-0.3992, max=0.4604 | Z=55: mean=-0.2047, std=0.4677, min=-0.5711, max=0.5571 | Z=82: mean=-0.2446, std=0.5206, min=-0.6627, max=0.6675
2026-08-25 20:30:38.185 INFO:   Top-10 param grad norms:
2026-08-25 20:30:38.185 INFO:     interactions.0.conv_tp_weights.layer0.weight: 0.616845
2026-08-25 20:30:38.185 INFO:     interactions.0.conv_tp_weights.layer1.weight: 0.271843
2026-08-25 20:30:38.185 INFO:     products.0.symmetric_contractions.weight: 0.241768
2026-08-25 20:30:38.186 INFO:     chi_readouts.0.linear.weight: 0.193689
2026-08-25 20:30:38.186 INFO:     products.0.linear.weight: 0.184474
2026-08-25 20:30:38.186 INFO:     interactions.0.conv_tp_weights.layer2.weight: 0.176341
2026-08-25 20:30:38.186 INFO:     charge_embedding.weight: 0.161475
2026-08-25 20:30:38.186 INFO:     interactions.0.linear.weight: 0.148925
2026-08-25 20:30:38.186 INFO:     interactions.0.conv_tp_weights.layer3.weight: 0.136750
2026-08-25 20:30:38.186 INFO:     readouts.0.linear.weight: 0.124164
2026-08-25 20:30:38.186 INFO:   All parameters have nonzero gradients ✓
2026-08-25 20:30:38.186 INFO:   Total grad norm (before clip): 0.8743
2026-08-25 20:30:38.186 INFO: --- End gradient diagnostics ---
2026-08-25 20:43:01.807 INFO:   Epoch energy decomposition (mean/atom): E_inter=0.3257 eV, E_QEq=-0.325420 eV
2026-08-25 20:43:58.862 INFO: Epoch 4: head: Default, loss=0.00792820, RMSE_E_per_atom=    8.31 meV, RMSE_F=   35.03 meV / A
2026-08-25 20:43:59.058 INFO: --- Gradient diagnostics (epoch 5, batch 0) ---
2026-08-25 20:43:59.059 INFO:   forces: pred_rms=0.2190 eV/Å, ref_rms=0.2230 eV/Å, err_rms=0.0433 eV/Å
2026-08-25 20:43:59.059 INFO:   energy/atom: pred_mean=-3.0469 eV, ref_mean=-3.0338 eV, err_mean=0.0144 eV
2026-08-25 20:43:59.060 INFO:   energy decomposition (mean/atom): E_inter=0.3448 eV, E_QEq=-0.344456 eV
2026-08-25 20:43:59.062 INFO:   QEq charges per element: Z=7: mean=0.2454, std=nan, min=0.2454, max=0.2454 | Z=8: mean=-0.2902, std=nan, min=-0.2902, max=-0.2902 | Z=9: mean=-0.8975, std=nan, min=-0.8975, max=-0.8975 | Z=15: mean=-0.3740, std=0.4875, min=-0.7187, max=-0.0293 | Z=34: mean=0.0712, std=0.4136, min=-0.2213, max=0.3636 | Z=35: mean=0.1650, std=0.3406, min=-0.4121, max=0.4614 | Z=53: mean=0.1290, std=0.3471, min=-0.3737, max=0.4487 | Z=55: mean=-0.2259, std=0.4701, min=-0.5643, max=0.6065 | Z=82: mean=-0.2431, std=0.5245, min=-0.6412, max=0.7354
2026-08-25 20:43:59.064 INFO:   Top-10 param grad norms:
2026-08-25 20:43:59.064 INFO:     interactions.0.conv_tp_weights.layer0.weight: 0.955004
2026-08-25 20:43:59.064 INFO:     interactions.0.conv_tp_weights.layer1.weight: 0.379192
2026-08-25 20:43:59.064 INFO:     interactions.0.conv_tp_weights.layer2.weight: 0.222400
2026-08-25 20:43:59.064 INFO:     products.0.symmetric_contractions.weight: 0.155377
2026-08-25 20:43:59.064 INFO:     charge_embedding.weight: 0.131363
2026-08-25 20:43:59.064 INFO:     chi_readouts.0.linear.weight: 0.114990
2026-08-25 20:43:59.064 INFO:     interactions.0.linear.weight: 0.113333
2026-08-25 20:43:59.065 INFO:     products.0.linear.weight: 0.112647
2026-08-25 20:43:59.065 INFO:     interactions.0.conv_tp_weights.layer3.weight: 0.111088
2026-08-25 20:43:59.065 INFO:     readouts.0.linear.weight: 0.074102
2026-08-25 20:43:59.065 INFO:   All parameters have nonzero gradients ✓
2026-08-25 20:43:59.065 INFO:   Total grad norm (before clip): 1.1111
2026-08-25 20:43:59.065 INFO: --- End gradient diagnostics ---
2026-08-25 20:56:13.956 INFO:   Epoch energy decomposition (mean/atom): E_inter=0.3253 eV, E_QEq=-0.325051 eV
2026-08-25 20:57:07.648 INFO: Epoch 5: head: Default, loss=0.00742572, RMSE_E_per_atom=    7.68 meV, RMSE_F=   33.95 meV / A
2026-08-25 20:57:07.827 INFO: --- Gradient diagnostics (epoch 6, batch 0) ---
2026-08-25 20:57:07.828 INFO:   forces: pred_rms=0.2892 eV/Å, ref_rms=0.2914 eV/Å, err_rms=0.0497 eV/Å
2026-08-25 20:57:07.828 INFO:   energy/atom: pred_mean=-2.9969 eV, ref_mean=-2.9938 eV, err_mean=0.0082 eV
2026-08-25 20:57:07.828 INFO:   energy decomposition (mean/atom): E_inter=0.3328 eV, E_QEq=-0.324431 eV
2026-08-25 20:57:07.831 INFO:   QEq charges per element: Z=7: mean=-0.5707, std=0.2500, min=-0.7475, max=-0.3939 | Z=15: mean=-0.3781, std=0.7608, min=-0.9161, max=0.1599 | Z=17: mean=-0.2390, std=nan, min=-0.2390, max=-0.2390 | Z=33: mean=-0.9844, std=nan, min=-0.9844, max=-0.9844 | Z=35: mean=0.0099, std=0.3617, min=-0.4344, max=0.4616 | Z=52: mean=-0.5776, std=0.4510, min=-0.8965, max=-0.2587 | Z=53: mean=0.1945, std=0.3149, min=-0.3807, max=0.4594 | Z=55: mean=-0.0825, std=0.4436, min=-0.4867, max=0.5151 | Z=82: mean=-0.1274, std=0.5520, min=-0.6557, max=0.6421
2026-08-25 20:57:07.832 INFO:   Top-10 param grad norms:
2026-08-25 20:57:07.833 INFO:     interactions.0.conv_tp_weights.layer0.weight: 1.010175
2026-08-25 20:57:07.833 INFO:     interactions.0.conv_tp_weights.layer1.weight: 0.420343
2026-08-25 20:57:07.833 INFO:     interactions.0.conv_tp_weights.layer2.weight: 0.255621
2026-08-25 20:57:07.833 INFO:     products.0.symmetric_contractions.weight: 0.252242
2026-08-25 20:57:07.833 INFO:     interactions.0.linear.weight: 0.141414
2026-08-25 20:57:07.833 INFO:     charge_embedding.weight: 0.135630
2026-08-25 20:57:07.833 INFO:     interactions.0.conv_tp_weights.layer3.weight: 0.128795
2026-08-25 20:57:07.833 INFO:     interactions.0.linear_up.weight: 0.128014
2026-08-25 20:57:07.833 INFO:     products.1.symmetric_contractions.weight: 0.105856
2026-08-25 20:57:07.833 INFO:     products.0.linear.weight: 0.082612
2026-08-25 20:57:07.833 INFO:   All parameters have nonzero gradients ✓
2026-08-25 20:57:07.833 INFO:   Total grad norm (before clip): 1.2001
2026-08-25 20:57:07.833 INFO: --- End gradient diagnostics ---
2026-08-25 21:09:13.470 INFO:   Epoch energy decomposition (mean/atom): E_inter=0.3182 eV, E_QEq=-0.317889 eV
2026-08-25 21:10:07.763 INFO: Epoch 6: head: Default, loss=0.00710647, RMSE_E_per_atom=    7.52 meV, RMSE_F=   33.21 meV / A
2026-08-25 21:10:07.967 INFO: --- Gradient diagnostics (epoch 7, batch 0) ---
2026-08-25 21:10:07.967 INFO:   forces: pred_rms=0.1281 eV/Å, ref_rms=0.1227 eV/Å, err_rms=0.0379 eV/Å
2026-08-25 21:10:07.968 INFO:   energy/atom: pred_mean=-2.9985 eV, ref_mean=-3.0026 eV, err_mean=0.0069 eV
2026-08-25 21:10:07.968 INFO:   energy decomposition (mean/atom): E_inter=0.3208 eV, E_QEq=-0.319160 eV
2026-08-25 21:10:07.970 INFO:   QEq charges per element: Z=7: mean=-0.2986, std=nan, min=-0.2986, max=-0.2986 | Z=9: mean=-0.8030, std=0.0096, min=-0.8098, max=-0.7962 | Z=16: mean=-0.4226, std=0.4164, min=-0.8858, max=-0.0793 | Z=33: mean=-0.1019, std=nan, min=-0.1019, max=-0.1019 | Z=34: mean=-0.1334, std=nan, min=-0.1334, max=-0.1334 | Z=35: mean=0.0033, std=0.3403, min=-0.4159, max=0.4161 | Z=53: mean=0.0159, std=0.3612, min=-0.3783, max=0.4422 | Z=55: mean=0.0060, std=0.4629, min=-0.5274, max=0.6249 | Z=82: mean=-0.0419, std=0.5416, min=-0.6243, max=0.6804
2026-08-25 21:10:07.972 INFO:   Top-10 param grad norms:
2026-08-25 21:10:07.972 INFO:     products.0.symmetric_contractions.weight: 0.114493
2026-08-25 21:10:07.972 INFO:     interactions.0.conv_tp_weights.layer0.weight: 0.090687
2026-08-25 21:10:07.972 INFO:     products.0.linear.weight: 0.072974
2026-08-25 21:10:07.972 INFO:     interactions.0.linear.weight: 0.069033
2026-08-25 21:10:07.972 INFO:     products.1.symmetric_contractions.weight: 0.064182
2026-08-25 21:10:07.972 INFO:     charge_embedding.weight: 0.060767
2026-08-25 21:10:07.972 INFO:     interactions.1.linear.weight: 0.051814
2026-08-25 21:10:07.972 INFO:     chi_readouts.0.linear.weight: 0.051555
2026-08-25 21:10:07.973 INFO:     interactions.0.conv_tp_weights.layer3.weight: 0.047687
2026-08-25 21:10:07.973 INFO:     interactions.0.conv_tp_weights.layer2.weight: 0.047111
2026-08-25 21:10:07.973 INFO:   All parameters have nonzero gradients ✓
2026-08-25 21:10:07.973 INFO:   Total grad norm (before clip): 0.2553
2026-08-25 21:10:07.973 INFO: --- End gradient diagnostics ---
2026-08-25 21:22:00.922 INFO:   Epoch energy decomposition (mean/atom): E_inter=0.3209 eV, E_QEq=-0.320614 eV
2026-08-25 21:22:54.420 INFO: Epoch 7: head: Default, loss=0.00755139, RMSE_E_per_atom=    7.26 meV, RMSE_F=   34.30 meV / A
2026-08-25 21:22:54.552 INFO: --- Gradient diagnostics (epoch 8, batch 0) ---
2026-08-25 21:22:54.553 INFO:   forces: pred_rms=0.2503 eV/Å, ref_rms=0.2497 eV/Å, err_rms=0.0367 eV/Å
2026-08-25 21:22:54.553 INFO:   energy/atom: pred_mean=-2.9615 eV, ref_mean=-2.9529 eV, err_mean=0.0104 eV
2026-08-25 21:22:54.553 INFO:   energy decomposition (mean/atom): E_inter=0.3242 eV, E_QEq=-0.324698 eV
2026-08-25 21:22:54.556 INFO:   QEq charges per element: Z=7: mean=-0.5765, std=nan, min=-0.5765, max=-0.5765 | Z=8: mean=-0.2039, std=nan, min=-0.2039, max=-0.2039 | Z=15: mean=-1.0360, std=nan, min=-1.0360, max=-1.0360 | Z=34: mean=-0.6138, std=0.2994, min=-0.9057, max=-0.3074 | Z=35: mean=0.0738, std=0.3401, min=-0.3992, max=0.4549 | Z=53: mean=0.2255, std=0.2816, min=-0.3945, max=0.4730 | Z=55: mean=-0.2149, std=0.4251, min=-0.5785, max=0.5106 | Z=82: mean=-0.2089, std=0.4967, min=-0.6003, max=0.6883
2026-08-25 21:22:54.558 INFO:   Top-10 param grad norms:
2026-08-25 21:22:54.558 INFO:     interactions.0.conv_tp_weights.layer0.weight: 0.262883
2026-08-25 21:22:54.558 INFO:     interactions.0.conv_tp_weights.layer1.weight: 0.108347
2026-08-25 21:22:54.558 INFO:     products.0.symmetric_contractions.weight: 0.079080
2026-08-25 21:22:54.558 INFO:     chi_readouts.0.linear.weight: 0.070083
2026-08-25 21:22:54.558 INFO:     interactions.0.conv_tp_weights.layer2.weight: 0.065520
2026-08-25 21:22:54.558 INFO:     interactions.0.linear.weight: 0.059457
2026-08-25 21:22:54.558 INFO:     products.0.linear.weight: 0.057021
2026-08-25 21:22:54.558 INFO:     charge_embedding.weight: 0.056940
2026-08-25 21:22:54.558 INFO:     interactions.0.conv_tp_weights.layer3.weight: 0.044070
2026-08-25 21:22:54.558 INFO:     readouts.0.linear.weight: 0.041401
2026-08-25 21:22:54.558 INFO:   All parameters have nonzero gradients ✓
2026-08-25 21:22:54.558 INFO:   Total grad norm (before clip): 0.3460
2026-08-25 21:22:54.559 INFO: --- End gradient diagnostics ---
2026-08-25 21:34:40.872 INFO:   Epoch energy decomposition (mean/atom): E_inter=0.3274 eV, E_QEq=-0.327161 eV
2026-08-25 21:35:36.112 INFO: Epoch 8: head: Default, loss=0.00625184, RMSE_E_per_atom=    6.93 meV, RMSE_F=   31.17 meV / A
2026-08-25 21:35:36.287 INFO: --- Gradient diagnostics (epoch 9, batch 0) ---
2026-08-25 21:35:36.287 INFO:   forces: pred_rms=0.0670 eV/Å, ref_rms=0.0640 eV/Å, err_rms=0.0322 eV/Å
2026-08-25 21:35:36.288 INFO:   energy/atom: pred_mean=-2.9670 eV, ref_mean=-2.9596 eV, err_mean=0.0127 eV
2026-08-25 21:35:36.288 INFO:   energy decomposition (mean/atom): E_inter=0.2610 eV, E_QEq=-0.291759 eV
2026-08-25 21:35:36.290 INFO:   QEq charges per element: Z=7: mean=-0.4547, std=0.3510, min=-0.8106, max=-0.1088 | Z=8: mean=-0.2989, std=nan, min=-0.2989, max=-0.2989 | Z=34: mean=-0.5709, std=nan, min=-0.5709, max=-0.5709 | Z=35: mean=0.1210, std=0.2665, min=-0.4171, max=0.3187 | Z=52: mean=0.0200, std=nan, min=0.0200, max=0.0200 | Z=53: mean=0.2185, std=0.2480, min=-0.3407, max=0.3903 | Z=55: mean=-0.2202, std=0.3423, min=-0.4589, max=0.5084 | Z=82: mean=-0.2962, std=0.4125, min=-0.5693, max=0.6848
2026-08-25 21:35:36.291 INFO:   Top-10 param grad norms:
2026-08-25 21:35:36.292 INFO:     interactions.0.conv_tp_weights.layer0.weight: 0.250239
2026-08-25 21:35:36.292 INFO:     interactions.0.conv_tp_weights.layer1.weight: 0.115483
2026-08-25 21:35:36.292 INFO:     products.0.symmetric_contractions.weight: 0.082099
2026-08-25 21:35:36.292 INFO:     interactions.0.conv_tp_weights.layer2.weight: 0.079388
2026-08-25 21:35:36.292 INFO:     charge_embedding.weight: 0.077862
2026-08-25 21:35:36.292 INFO:     interactions.0.linear.weight: 0.056635
2026-08-25 21:35:36.292 INFO:     interactions.1.conv_tp_weights.layer0.weight: 0.055893
2026-08-25 21:35:36.292 INFO:     products.1.symmetric_contractions.weight: 0.047635
2026-08-25 21:35:36.292 INFO:     products.0.linear.weight: 0.047273
2026-08-25 21:35:36.292 INFO:     chi_readouts.0.linear.weight: 0.044859
2026-08-25 21:35:36.292 INFO:   All parameters have nonzero gradients ✓
2026-08-25 21:35:36.292 INFO:   Total grad norm (before clip): 0.3491
2026-08-25 21:35:36.292 INFO: --- End gradient diagnostics ---
2026-08-25 21:47:07.494 INFO:   Epoch energy decomposition (mean/atom): E_inter=0.3157 eV, E_QEq=-0.315431 eV
2026-08-25 21:48:01.612 INFO: Epoch 9: head: Default, loss=0.00591169, RMSE_E_per_atom=    6.59 meV, RMSE_F=   30.33 meV / A
2026-08-25 21:48:01.784 INFO: --- Gradient diagnostics (epoch 10, batch 0) ---
2026-08-25 21:48:01.785 INFO:   forces: pred_rms=0.0855 eV/Å, ref_rms=0.0795 eV/Å, err_rms=0.0276 eV/Å
2026-08-25 21:48:01.785 INFO:   energy/atom: pred_mean=-2.9711 eV, ref_mean=-2.9737 eV, err_mean=0.0071 eV
2026-08-25 21:48:01.785 INFO:   energy decomposition (mean/atom): E_inter=0.3211 eV, E_QEq=-0.330426 eV
2026-08-25 21:48:01.787 INFO:   QEq charges per element: Z=7: mean=0.0577, std=nan, min=0.0577, max=0.0577 | Z=15: mean=-0.4209, std=nan, min=-0.4209, max=-0.4209 | Z=17: mean=0.3505, std=nan, min=0.3505, max=0.3505 | Z=34: mean=-0.2193, std=nan, min=-0.2193, max=-0.2193 | Z=35: mean=0.2117, std=0.2806, min=-0.4013, max=0.4255 | Z=52: mean=-0.3007, std=0.4202, min=-0.5979, max=-0.0036 | Z=53: mean=0.0764, std=0.3329, min=-0.3948, max=0.3969 | Z=55: mean=-0.1895, std=0.4071, min=-0.4976, max=0.4609 | Z=82: mean=-0.2509, std=0.4824, min=-0.6206, max=0.5833
2026-08-25 21:48:01.789 INFO:   Top-10 param grad norms:
2026-08-25 21:48:01.789 INFO:     interactions.0.conv_tp_weights.layer0.weight: 0.122936
2026-08-25 21:48:01.789 INFO:     products.0.symmetric_contractions.weight: 0.059795
2026-08-25 21:48:01.789 INFO:     interactions.0.conv_tp_weights.layer1.weight: 0.052502
2026-08-25 21:48:01.789 INFO:     charge_embedding.weight: 0.043746
2026-08-25 21:48:01.789 INFO:     interactions.0.linear.weight: 0.037480
2026-08-25 21:48:01.789 INFO:     interactions.0.conv_tp_weights.layer2.weight: 0.035740
2026-08-25 21:48:01.789 INFO:     products.0.linear.weight: 0.031888
2026-08-25 21:48:01.790 INFO:     products.1.symmetric_contractions.weight: 0.029277
2026-08-25 21:48:01.790 INFO:     interactions.0.conv_tp_weights.layer3.weight: 0.026965
2026-08-25 21:48:01.790 INFO:     interactions.1.linear.weight: 0.026489
2026-08-25 21:48:01.790 INFO:   All parameters have nonzero gradients ✓
2026-08-25 21:48:01.790 INFO:   Total grad norm (before clip): 0.1834
2026-08-25 21:48:01.790 INFO: --- End gradient diagnostics ---
2026-08-25 21:59:49.921 INFO:   Epoch energy decomposition (mean/atom): E_inter=0.3235 eV, E_QEq=-0.323199 eV
2026-08-25 22:00:43.360 INFO: Epoch 10: head: Default, loss=0.00615748, RMSE_E_per_atom=    6.36 meV, RMSE_F=   31.00 meV / A
2026-08-25 22:00:43.495 INFO: --- Gradient diagnostics (epoch 11, batch 0) ---
2026-08-25 22:00:43.495 INFO:   forces: pred_rms=0.1535 eV/Å, ref_rms=0.1577 eV/Å, err_rms=0.0352 eV/Å
2026-08-25 22:00:43.496 INFO:   energy/atom: pred_mean=-2.9348 eV, ref_mean=-2.9395 eV, err_mean=0.0047 eV
2026-08-25 22:00:43.496 INFO:   energy decomposition (mean/atom): E_inter=0.3188 eV, E_QEq=-0.327890 eV
2026-08-25 22:00:43.498 INFO:   QEq charges per element: Z=7: mean=-0.4991, std=nan, min=-0.4991, max=-0.4991 | Z=9: mean=-0.5129, std=nan, min=-0.5129, max=-0.5129 | Z=15: mean=-0.7198, std=0.1845, min=-0.8503, max=-0.5893 | Z=33: mean=-0.8633, std=nan, min=-0.8633, max=-0.8633 | Z=35: mean=0.1710, std=0.2923, min=-0.3912, max=0.3966 | Z=52: mean=-0.3942, std=0.2705, min=-0.5855, max=-0.2029 | Z=53: mean=0.1329, std=0.3241, min=-0.4335, max=0.4558 | Z=55: mean=-0.1644, std=0.4112, min=-0.4831, max=0.5273 | Z=82: mean=-0.2528, std=0.4695, min=-0.6112, max=0.5626
2026-08-25 22:00:43.500 INFO:   Top-10 param grad norms:
2026-08-25 22:00:43.500 INFO:     interactions.0.conv_tp_weights.layer0.weight: 0.388107
2026-08-25 22:00:43.500 INFO:     interactions.0.conv_tp_weights.layer1.weight: 0.141607
2026-08-25 22:00:43.500 INFO:     products.0.symmetric_contractions.weight: 0.093645
2026-08-25 22:00:43.500 INFO:     interactions.0.conv_tp_weights.layer2.weight: 0.083658
2026-08-25 22:00:43.500 INFO:     products.0.linear.weight: 0.062374
2026-08-25 22:00:43.500 INFO:     interactions.0.linear.weight: 0.059763
2026-08-25 22:00:43.500 INFO:     products.1.symmetric_contractions.weight: 0.056921
2026-08-25 22:00:43.500 INFO:     interactions.1.linear.weight: 0.048889
2026-08-25 22:00:43.500 INFO:     charge_embedding.weight: 0.048037
2026-08-25 22:00:43.500 INFO:     chi_readouts.0.linear.weight: 0.043078
2026-08-25 22:00:43.501 INFO:   All parameters have nonzero gradients ✓
2026-08-25 22:00:43.501 INFO:   Total grad norm (before clip): 0.4653
2026-08-25 22:00:43.501 INFO: --- End gradient diagnostics ---
2026-08-25 22:12:24.092 INFO:   Epoch energy decomposition (mean/atom): E_inter=0.3153 eV, E_QEq=-0.315005 eV
2026-08-25 22:13:17.065 INFO: Epoch 11: head: Default, loss=0.00555389, RMSE_E_per_atom=    6.28 meV, RMSE_F=   29.41 meV / A
2026-08-25 22:13:17.237 INFO: --- Gradient diagnostics (epoch 12, batch 0) ---
2026-08-25 22:13:17.237 INFO:   forces: pred_rms=0.1019 eV/Å, ref_rms=0.0956 eV/Å, err_rms=0.0247 eV/Å
2026-08-25 22:13:17.237 INFO:   energy/atom: pred_mean=-2.9210 eV, ref_mean=-2.9239 eV, err_mean=0.0072 eV
2026-08-25 22:13:17.238 INFO:   energy decomposition (mean/atom): E_inter=0.3005 eV, E_QEq=-0.295287 eV
2026-08-25 22:13:17.240 INFO:   QEq charges per element: Z=15: mean=0.0530, std=0.0832, min=-0.0706, max=0.1047 | Z=34: mean=-0.3817, std=0.0997, min=-0.4522, max=-0.3112 | Z=35: mean=0.0039, std=0.3396, min=-0.3616, max=0.4464 | Z=52: mean=-0.1562, std=nan, min=-0.1562, max=-0.1562 | Z=53: mean=-0.1008, std=0.3230, min=-0.3677, max=0.3916 | Z=55: mean=0.0929, std=0.4376, min=-0.4981, max=0.4844 | Z=82: mean=0.0602, std=0.5106, min=-0.6443, max=0.5388
2026-08-25 22:13:17.241 INFO:   Top-10 param grad norms:
2026-08-25 22:13:17.241 INFO:     interactions.0.conv_tp_weights.layer0.weight: 0.109171
2026-08-25 22:13:17.241 INFO:     products.0.symmetric_contractions.weight: 0.091941
2026-08-25 22:13:17.241 INFO:     charge_embedding.weight: 0.048453
2026-08-25 22:13:17.241 INFO:     interactions.0.linear.weight: 0.046966
2026-08-25 22:13:17.241 INFO:     products.0.linear.weight: 0.046507
2026-08-25 22:13:17.241 INFO:     chi_readouts.0.linear.weight: 0.044566
2026-08-25 22:13:17.241 INFO:     interactions.0.conv_tp_weights.layer1.weight: 0.041958
2026-08-25 22:13:17.242 INFO:     products.1.symmetric_contractions.weight: 0.033388
2026-08-25 22:13:17.242 INFO:     interactions.0.skip_tp.weight: 0.032961
2026-08-25 22:13:17.242 INFO:     interactions.0.conv_tp_weights.layer2.weight: 0.032306
2026-08-25 22:13:17.242 INFO:   All parameters have nonzero gradients ✓
2026-08-25 22:13:17.242 INFO:   Total grad norm (before clip): 0.2001
2026-08-25 22:13:17.242 INFO: --- End gradient diagnostics ---
2026-08-25 22:24:56.196 INFO:   Epoch energy decomposition (mean/atom): E_inter=0.3169 eV, E_QEq=-0.316589 eV
2026-08-25 22:25:49.359 INFO: Epoch 12: head: Default, loss=0.00541327, RMSE_E_per_atom=    6.19 meV, RMSE_F=   29.04 meV / A
2026-08-25 22:25:49.540 INFO: --- Gradient diagnostics (epoch 13, batch 0) ---
2026-08-25 22:25:49.540 INFO:   forces: pred_rms=0.1477 eV/Å, ref_rms=0.1402 eV/Å, err_rms=0.0361 eV/Å
2026-08-25 22:25:49.541 INFO:   energy/atom: pred_mean=-3.0611 eV, ref_mean=-3.0425 eV, err_mean=0.0186 eV
2026-08-25 22:25:49.541 INFO:   energy decomposition (mean/atom): E_inter=0.2970 eV, E_QEq=-0.316459 eV
2026-08-25 22:25:49.544 INFO:   QEq charges per element: Z=7: mean=-0.3416, std=0.5794, min=-0.7513, max=0.0681 | Z=15: mean=-0.7935, std=0.5005, min=-1.1474, max=-0.4397 | Z=16: mean=-0.3986, std=nan, min=-0.3986, max=-0.3986 | Z=33: mean=-0.7147, std=nan, min=-0.7147, max=-0.7147 | Z=34: mean=-0.4657, std=nan, min=-0.4657, max=-0.4657 | Z=35: mean=0.2407, std=0.2277, min=-0.4454, max=0.4312 | Z=52: mean=-0.2895, std=nan, min=-0.2895, max=-0.2895 | Z=53: mean=-0.0986, std=0.3091, min=-0.3536, max=0.4420 | Z=55: mean=-0.1666, std=0.3892, min=-0.4962, max=0.4936 | Z=82: mean=-0.2295, std=0.4676, min=-0.6022, max=0.6149
2026-08-25 22:25:49.545 INFO:   Top-10 param grad norms:
2026-08-25 22:25:49.545 INFO:     interactions.0.conv_tp_weights.layer0.weight: 0.323863
2026-08-25 22:25:49.545 INFO:     products.0.symmetric_contractions.weight: 0.208258
2026-08-25 22:25:49.545 INFO:     interactions.0.conv_tp_weights.layer1.weight: 0.146695
2026-08-25 22:25:49.545 INFO:     interactions.0.linear.weight: 0.117609
2026-08-25 22:25:49.545 INFO:     products.0.linear.weight: 0.117023
2026-08-25 22:25:49.545 INFO:     chi_readouts.0.linear.weight: 0.111720
2026-08-25 22:25:49.545 INFO:     charge_embedding.weight: 0.106274
2026-08-25 22:25:49.546 INFO:     products.1.symmetric_contractions.weight: 0.100427
2026-08-25 22:25:49.546 INFO:     interactions.0.conv_tp_weights.layer2.weight: 0.095745
2026-08-25 22:25:49.546 INFO:     interactions.0.conv_tp_weights.layer3.weight: 0.086726
2026-08-25 22:25:49.546 INFO:   All parameters have nonzero gradients ✓
2026-08-25 22:25:49.546 INFO:   Total grad norm (before clip): 0.5364
2026-08-25 22:25:49.546 INFO: --- End gradient diagnostics ---
2026-08-25 22:37:43.704 INFO:   Epoch energy decomposition (mean/atom): E_inter=0.3172 eV, E_QEq=-0.316924 eV
2026-08-25 22:38:37.942 INFO: Epoch 13: head: Default, loss=0.00492099, RMSE_E_per_atom=    5.87 meV, RMSE_F=   27.69 meV / A
2026-08-25 22:38:38.126 INFO: --- Gradient diagnostics (epoch 14, batch 0) ---
2026-08-25 22:38:38.126 INFO:   forces: pred_rms=0.1468 eV/Å, ref_rms=0.1435 eV/Å, err_rms=0.0269 eV/Å
2026-08-25 22:38:38.127 INFO:   energy/atom: pred_mean=-2.9307 eV, ref_mean=-2.9370 eV, err_mean=0.0063 eV
2026-08-25 22:38:38.127 INFO:   energy decomposition (mean/atom): E_inter=0.3248 eV, E_QEq=-0.317621 eV
2026-08-25 22:38:38.130 INFO:   QEq charges per element: Z=7: mean=0.0679, std=0.0264, min=0.0492, max=0.0866 | Z=8: mean=-0.1144, std=nan, min=-0.1144, max=-0.1144 | Z=9: mean=-0.3917, std=nan, min=-0.3917, max=-0.3917 | Z=15: mean=-0.0845, std=nan, min=-0.0845, max=-0.0845 | Z=16: mean=-0.1380, std=nan, min=-0.1380, max=-0.1380 | Z=17: mean=-0.3960, std=0.1172, min=-0.4789, max=-0.3131 | Z=34: mean=-0.8142, std=nan, min=-0.8142, max=-0.8142 | Z=35: mean=0.1868, std=0.2961, min=-0.4037, max=0.4014 | Z=53: mean=-0.0940, std=0.3131, min=-0.4125, max=0.3834 | Z=55: mean=0.0001, std=0.4420, min=-0.4990, max=0.5279 | Z=82: mean=-0.0497, std=0.5036, min=-0.6213, max=0.5476
2026-08-25 22:38:38.131 INFO:   Top-10 param grad norms:
2026-08-25 22:38:38.132 INFO:     interactions.0.conv_tp_weights.layer0.weight: 0.129920
2026-08-25 22:38:38.132 INFO:     interactions.0.conv_tp_weights.layer1.weight: 0.059894
2026-08-25 22:38:38.132 INFO:     products.0.symmetric_contractions.weight: 0.052752
2026-08-25 22:38:38.132 INFO:     interactions.0.linear.weight: 0.040858
2026-08-25 22:38:38.132 INFO:     interactions.0.conv_tp_weights.layer2.weight: 0.039765
2026-08-25 22:38:38.132 INFO:     chi_readouts.0.linear.weight: 0.038710
2026-08-25 22:38:38.132 INFO:     products.0.linear.weight: 0.037582
2026-08-25 22:38:38.132 INFO:     interactions.0.conv_tp_weights.layer3.weight: 0.034775
2026-08-25 22:38:38.132 INFO:     products.1.symmetric_contractions.weight: 0.031349
2026-08-25 22:38:38.132 INFO:     charge_embedding.weight: 0.031095
2026-08-25 22:38:38.132 INFO:   All parameters have nonzero gradients ✓
2026-08-25 22:38:38.132 INFO:   Total grad norm (before clip): 0.1945
2026-08-25 22:38:38.132 INFO: --- End gradient diagnostics ---
2026-08-25 22:50:31.450 INFO:   Epoch energy decomposition (mean/atom): E_inter=0.3219 eV, E_QEq=-0.321623 eV
2026-08-25 22:51:25.658 INFO: Epoch 14: head: Default, loss=0.00455360, RMSE_E_per_atom=    5.62 meV, RMSE_F=   26.64 meV / A
2026-08-25 22:51:25.825 INFO: --- Gradient diagnostics (epoch 15, batch 0) ---
2026-08-25 22:51:25.826 INFO:   forces: pred_rms=0.0691 eV/Å, ref_rms=0.0591 eV/Å, err_rms=0.0274 eV/Å
2026-08-25 22:51:25.826 INFO:   energy/atom: pred_mean=-2.9003 eV, ref_mean=-2.8983 eV, err_mean=0.0044 eV
2026-08-25 22:51:25.826 INFO:   energy decomposition (mean/atom): E_inter=0.3042 eV, E_QEq=-0.314383 eV
2026-08-25 22:51:25.829 INFO:   QEq charges per element: Z=8: mean=-0.2898, std=0.2883, min=-0.4937, max=-0.0859 | Z=9: mean=0.1315, std=nan, min=0.1315, max=0.1315 | Z=15: mean=-0.0408, std=nan, min=-0.0408, max=-0.0408 | Z=16: mean=-0.2559, std=0.1757, min=-0.3802, max=-0.1316 | Z=34: mean=-0.2884, std=nan, min=-0.2884, max=-0.2884 | Z=35: mean=0.1167, std=0.2989, min=-0.3696, max=0.3521 | Z=52: mean=-0.5433, std=nan, min=-0.5433, max=-0.5433 | Z=53: mean=0.0620, std=0.3253, min=-0.3517, max=0.4248 | Z=55: mean=-0.1013, std=0.4202, min=-0.4888, max=0.4486 | Z=82: mean=-0.1604, std=0.4915, min=-0.5933, max=0.4982
2026-08-25 22:51:25.830 INFO:   Top-10 param grad norms:
2026-08-25 22:51:25.830 INFO:     interactions.0.conv_tp_weights.layer0.weight: 0.413418
2026-08-25 22:51:25.831 INFO:     interactions.0.conv_tp_weights.layer1.weight: 0.164496
2026-08-25 22:51:25.831 INFO:     interactions.0.conv_tp_weights.layer2.weight: 0.102471
2026-08-25 22:51:25.831 INFO:     products.0.symmetric_contractions.weight: 0.078732
2026-08-25 22:51:25.831 INFO:     interactions.0.linear.weight: 0.064414
2026-08-25 22:51:25.831 INFO:     interactions.1.linear.weight: 0.052728
2026-08-25 22:51:25.831 INFO:     products.1.symmetric_contractions.weight: 0.049003
2026-08-25 22:51:25.831 INFO:     products.0.linear.weight: 0.047551
2026-08-25 22:51:25.831 INFO:     interactions.0.conv_tp_weights.layer3.weight: 0.046965
2026-08-25 22:51:25.831 INFO:     charge_embedding.weight: 0.038912
2026-08-25 22:51:25.831 INFO:   All parameters have nonzero gradients ✓
2026-08-25 22:51:25.831 INFO:   Total grad norm (before clip): 0.4860
2026-08-25 22:51:25.831 INFO: --- End gradient diagnostics ---
2026-08-25 23:03:08.018 INFO:   Epoch energy decomposition (mean/atom): E_inter=0.3170 eV, E_QEq=-0.316705 eV
2026-08-25 23:04:02.002 INFO: Epoch 15: head: Default, loss=0.00459608, RMSE_E_per_atom=    5.64 meV, RMSE_F=   26.76 meV / A
2026-08-25 23:04:02.136 INFO: --- Gradient diagnostics (epoch 16, batch 0) ---
2026-08-25 23:04:02.137 INFO:   forces: pred_rms=0.0757 eV/Å, ref_rms=0.0713 eV/Å, err_rms=0.0239 eV/Å
2026-08-25 23:04:02.137 INFO:   energy/atom: pred_mean=-3.0330 eV, ref_mean=-3.0356 eV, err_mean=0.0063 eV
2026-08-25 23:04:02.137 INFO:   energy decomposition (mean/atom): E_inter=0.3022 eV, E_QEq=-0.319144 eV
2026-08-25 23:04:02.140 INFO:   QEq charges per element: Z=7: mean=-0.4706, std=0.3656, min=-0.6957, max=-0.0488 | Z=9: mean=-0.4495, std=nan, min=-0.4495, max=-0.4495 | Z=15: mean=-0.3051, std=0.0138, min=-0.3148, max=-0.2953 | Z=34: mean=-0.6123, std=nan, min=-0.6123, max=-0.6123 | Z=35: mean=0.2200, std=0.2348, min=-0.3254, max=0.3843 | Z=52: mean=-0.4290, std=nan, min=-0.4290, max=-0.4290 | Z=53: mean=-0.1339, std=0.2944, min=-0.3570, max=0.4205 | Z=55: mean=-0.0648, std=0.4070, min=-0.4364, max=0.4722 | Z=82: mean=-0.1381, std=0.4773, min=-0.6075, max=0.5393
2026-08-25 23:04:02.141 INFO:   Top-10 param grad norms:
2026-08-25 23:04:02.141 INFO:     interactions.0.conv_tp_weights.layer0.weight: 0.080499
2026-08-25 23:04:02.141 INFO:     products.0.symmetric_contractions.weight: 0.066928
2026-08-25 23:04:02.141 INFO:     products.1.symmetric_contractions.weight: 0.042860
2026-08-25 23:04:02.141 INFO:     interactions.0.linear.weight: 0.040866
2026-08-25 23:04:02.141 INFO:     chi_readouts.0.linear.weight: 0.040283
2026-08-25 23:04:02.141 INFO:     products.0.linear.weight: 0.039420
2026-08-25 23:04:02.142 INFO:     interactions.0.conv_tp_weights.layer1.weight: 0.038248
2026-08-25 23:04:02.142 INFO:     charge_embedding.weight: 0.032855
2026-08-25 23:04:02.142 INFO:     interactions.1.linear.weight: 0.030579
2026-08-25 23:04:02.142 INFO:     interactions.0.conv_tp_weights.layer2.weight: 0.028011
2026-08-25 23:04:02.142 INFO:   All parameters have nonzero gradients ✓
2026-08-25 23:04:02.142 INFO:   Total grad norm (before clip): 0.1602
2026-08-25 23:04:02.142 INFO: --- End gradient diagnostics ---
2026-08-25 23:15:36.154 INFO:   Epoch energy decomposition (mean/atom): E_inter=0.3232 eV, E_QEq=-0.322857 eV
2026-08-25 23:16:29.312 INFO: Epoch 16: head: Default, loss=0.00452954, RMSE_E_per_atom=    5.49 meV, RMSE_F=   26.58 meV / A
2026-08-25 23:16:29.510 INFO: --- Gradient diagnostics (epoch 17, batch 0) ---
2026-08-25 23:16:29.510 INFO:   forces: pred_rms=0.1002 eV/Å, ref_rms=0.1015 eV/Å, err_rms=0.0237 eV/Å
2026-08-25 23:16:29.511 INFO:   energy/atom: pred_mean=-3.0451 eV, ref_mean=-3.0403 eV, err_mean=0.0068 eV
2026-08-25 23:16:29.511 INFO:   energy decomposition (mean/atom): E_inter=0.2708 eV, E_QEq=-0.277420 eV
2026-08-25 23:16:29.513 INFO:   QEq charges per element: Z=7: mean=-0.2163, std=nan, min=-0.2163, max=-0.2163 | Z=8: mean=-0.6729, std=0.2233, min=-0.9271, max=-0.5082 | Z=16: mean=-0.0216, std=nan, min=-0.0216, max=-0.0216 | Z=33: mean=-0.7623, std=nan, min=-0.7623, max=-0.7623 | Z=35: mean=-0.3069, std=0.0434, min=-0.4159, max=0.1940 | Z=52: mean=-0.3655, std=nan, min=-0.3655, max=-0.3655 | Z=53: mean=-0.0934, std=0.3080, min=-0.3477, max=0.3662 | Z=55: mean=0.3500, std=0.2697, min=-0.4598, max=0.5115 | Z=82: mean=0.3362, std=0.3084, min=-0.6209, max=0.6736
2026-08-25 23:16:29.515 INFO:   Top-10 param grad norms:
2026-08-25 23:16:29.515 INFO:     products.0.symmetric_contractions.weight: 0.088394
2026-08-25 23:16:29.515 INFO:     interactions.0.conv_tp_weights.layer0.weight: 0.086138
2026-08-25 23:16:29.515 INFO:     interactions.0.linear.weight: 0.051341
2026-08-25 23:16:29.515 INFO:     products.0.linear.weight: 0.050050
2026-08-25 23:16:29.515 INFO:     products.1.symmetric_contractions.weight: 0.048430
2026-08-25 23:16:29.515 INFO:     chi_readouts.0.linear.weight: 0.042540
2026-08-25 23:16:29.515 INFO:     charge_embedding.weight: 0.041961
2026-08-25 23:16:29.516 INFO:     interactions.0.conv_tp_weights.layer1.weight: 0.037759
2026-08-25 23:16:29.516 INFO:     interactions.1.linear.weight: 0.034104
2026-08-25 23:16:29.516 INFO:     interactions.0.conv_tp_weights.layer3.weight: 0.028464
2026-08-25 23:16:29.516 INFO:   All parameters have nonzero gradients ✓
2026-08-25 23:16:29.516 INFO:   Total grad norm (before clip): 0.1870
2026-08-25 23:16:29.516 INFO: --- End gradient diagnostics ---
2026-08-25 23:28:55.343 INFO:   Epoch energy decomposition (mean/atom): E_inter=0.3232 eV, E_QEq=-0.322919 eV
2026-08-25 23:29:47.489 INFO: Epoch 17: head: Default, loss=0.00458910, RMSE_E_per_atom=    5.49 meV, RMSE_F=   26.76 meV / A
2026-08-25 23:29:47.629 INFO: --- Gradient diagnostics (epoch 18, batch 0) ---
2026-08-25 23:29:47.630 INFO:   forces: pred_rms=0.0646 eV/Å, ref_rms=0.0612 eV/Å, err_rms=0.0185 eV/Å
2026-08-25 23:29:47.630 INFO:   energy/atom: pred_mean=-2.9564 eV, ref_mean=-2.9605 eV, err_mean=0.0061 eV
2026-08-25 23:29:47.630 INFO:   energy decomposition (mean/atom): E_inter=0.3075 eV, E_QEq=-0.331041 eV
2026-08-25 23:29:47.633 INFO:   QEq charges per element: Z=7: mean=0.0990, std=nan, min=0.0990, max=0.0990 | Z=8: mean=0.1213, std=nan, min=0.1213, max=0.1213 | Z=16: mean=-0.4021, std=nan, min=-0.4021, max=-0.4021 | Z=33: mean=-0.4345, std=0.1930, min=-0.5710, max=-0.2981 | Z=35: mean=0.0158, std=0.3141, min=-0.3514, max=0.3605 | Z=52: mean=-0.5900, std=nan, min=-0.5900, max=-0.5900 | Z=53: mean=0.3333, std=0.0398, min=-0.1470, max=0.3895 | Z=55: mean=-0.2384, std=0.3462, min=-0.4537, max=0.4768 | Z=82: mean=-0.3646, std=0.3857, min=-0.6270, max=0.4738
2026-08-25 23:29:47.634 INFO:   Top-10 param grad norms:
2026-08-25 23:29:47.634 INFO:     interactions.0.conv_tp_weights.layer0.weight: 0.061764
2026-08-25 23:29:47.634 INFO:     products.0.symmetric_contractions.weight: 0.042183
2026-08-25 23:29:47.634 INFO:     chi_readouts.0.linear.weight: 0.041652
2026-08-25 23:29:47.634 INFO:     interactions.0.linear.weight: 0.037141
2026-08-25 23:29:47.635 INFO:     products.0.linear.weight: 0.032770
2026-08-25 23:29:47.635 INFO:     charge_embedding.weight: 0.032520
2026-08-25 23:29:47.635 INFO:     interactions.0.conv_tp_weights.layer1.weight: 0.030797
2026-08-25 23:29:47.635 INFO:     interactions.1.linear.weight: 0.026857
2026-08-25 23:29:47.635 INFO:     chi_readouts.1.linear_2.weight: 0.026203
2026-08-25 23:29:47.635 INFO:     interactions.0.skip_tp.weight: 0.024288
2026-08-25 23:29:47.635 INFO:   All parameters have nonzero gradients ✓
2026-08-25 23:29:47.635 INFO:   Total grad norm (before clip): 0.1325
2026-08-25 23:29:47.635 INFO: --- End gradient diagnostics ---
2026-08-25 23:41:38.749 INFO:   Epoch energy decomposition (mean/atom): E_inter=0.3283 eV, E_QEq=-0.328020 eV
2026-08-25 23:42:31.591 INFO: Epoch 18: head: Default, loss=0.00511745, RMSE_E_per_atom=    5.40 meV, RMSE_F=   28.31 meV / A
2026-08-25 23:42:31.732 INFO: --- Gradient diagnostics (epoch 19, batch 0) ---
2026-08-25 23:42:31.733 INFO:   forces: pred_rms=0.1348 eV/Å, ref_rms=0.1318 eV/Å, err_rms=0.0287 eV/Å
2026-08-25 23:42:31.733 INFO:   energy/atom: pred_mean=-3.0023 eV, ref_mean=-3.0058 eV, err_mean=0.0065 eV
2026-08-25 23:42:31.733 INFO:   energy decomposition (mean/atom): E_inter=0.3153 eV, E_QEq=-0.311436 eV
2026-08-25 23:42:31.737 INFO:   QEq charges per element: Z=7: mean=-0.3189, std=nan, min=-0.3189, max=-0.3189 | Z=8: mean=-0.0729, std=nan, min=-0.0729, max=-0.0729 | Z=9: mean=-0.3415, std=nan, min=-0.3415, max=-0.3415 | Z=15: mean=0.1013, std=nan, min=0.1013, max=0.1013 | Z=16: mean=-0.4171, std=0.0353, min=-0.4421, max=-0.3921 | Z=33: mean=0.0623, std=nan, min=0.0623, max=0.0623 | Z=35: mean=0.0125, std=0.3135, min=-0.4225, max=0.3787 | Z=52: mean=-0.2894, std=nan, min=-0.2894, max=-0.2894 | Z=53: mean=0.0311, std=0.3218, min=-0.3086, max=0.4066 | Z=55: mean=-0.0067, std=0.4202, min=-0.4638, max=0.4783 | Z=82: mean=-0.0687, std=0.4619, min=-0.5562, max=0.4499
2026-08-25 23:42:31.738 INFO:   Top-10 param grad norms:
2026-08-25 23:42:31.738 INFO:     products.0.symmetric_contractions.weight: 0.081290
2026-08-25 23:42:31.738 INFO:     interactions.0.linear.weight: 0.051336
2026-08-25 23:42:31.738 INFO:     products.0.linear.weight: 0.042492
2026-08-25 23:42:31.738 INFO:     products.1.symmetric_contractions.weight: 0.042393
2026-08-25 23:42:31.739 INFO:     interactions.1.linear.weight: 0.039142
2026-08-25 23:42:31.739 INFO:     charge_embedding.weight: 0.036887
2026-08-25 23:42:31.739 INFO:     chi_readouts.0.linear.weight: 0.031743
2026-08-25 23:42:31.739 INFO:     interactions.0.conv_tp_weights.layer0.weight: 0.025371
2026-08-25 23:42:31.739 INFO:     interactions.0.linear_up.weight: 0.024566
2026-08-25 23:42:31.739 INFO:     products.1.linear.weight: 0.022412
2026-08-25 23:42:31.739 INFO:   All parameters have nonzero gradients ✓
2026-08-25 23:42:31.739 INFO:   Total grad norm (before clip): 0.1483
2026-08-25 23:42:31.739 INFO: --- End gradient diagnostics ---
2026-08-25 23:54:22.782 INFO:   Epoch energy decomposition (mean/atom): E_inter=0.3235 eV, E_QEq=-0.323229 eV
2026-08-25 23:55:15.286 INFO: Epoch 19: head: Default, loss=0.00637170, RMSE_E_per_atom=    5.30 meV, RMSE_F=   31.67 meV / A
2026-08-25 23:55:15.422 INFO: --- Gradient diagnostics (epoch 20, batch 0) ---
2026-08-25 23:55:15.423 INFO:   forces: pred_rms=0.2950 eV/Å, ref_rms=0.2967 eV/Å, err_rms=0.0355 eV/Å
2026-08-25 23:55:15.423 INFO:   energy/atom: pred_mean=-2.9881 eV, ref_mean=-2.9898 eV, err_mean=0.0032 eV
2026-08-25 23:55:15.423 INFO:   energy decomposition (mean/atom): E_inter=0.3689 eV, E_QEq=-0.347307 eV
2026-08-25 23:55:15.426 INFO:   QEq charges per element: Z=7: mean=-0.1366, std=0.3898, min=-0.4122, max=0.1390 | Z=9: mean=0.4905, std=nan, min=0.4905, max=0.4905 | Z=15: mean=-0.0357, std=nan, min=-0.0357, max=-0.0357 | Z=16: mean=-0.3541, std=nan, min=-0.3541, max=-0.3541 | Z=33: mean=0.4629, std=nan, min=0.4629, max=0.4629 | Z=34: mean=-0.6719, std=0.3877, min=-0.9461, max=-0.3978 | Z=35: mean=0.1183, std=0.3095, min=-0.4504, max=0.4139 | Z=52: mean=-0.4182, std=nan, min=-0.4182, max=-0.4182 | Z=53: mean=0.1780, std=0.2905, min=-0.4062, max=0.3905 | Z=55: mean=-0.1745, std=0.3769, min=-0.5728, max=0.4839 | Z=82: mean=-0.2451, std=0.4574, min=-0.6246, max=0.5631
2026-08-25 23:55:15.428 INFO:   Top-10 param grad norms:
2026-08-25 23:55:15.428 INFO:     interactions.0.conv_tp_weights.layer0.weight: 0.266312
2026-08-25 23:55:15.428 INFO:     interactions.0.conv_tp_weights.layer1.weight: 0.100668
2026-08-25 23:55:15.428 INFO:     interactions.0.conv_tp_weights.layer2.weight: 0.063571
2026-08-25 23:55:15.428 INFO:     products.0.symmetric_contractions.weight: 0.050997
2026-08-25 23:55:15.428 INFO:     interactions.0.linear.weight: 0.039375
2026-08-25 23:55:15.428 INFO:     products.1.symmetric_contractions.weight: 0.033740
2026-08-25 23:55:15.428 INFO:     charge_embedding.weight: 0.032637
2026-08-25 23:55:15.428 INFO:     interactions.1.linear.weight: 0.030829
2026-08-25 23:55:15.428 INFO:     products.0.linear.weight: 0.027238
2026-08-25 23:55:15.429 INFO:     interactions.0.conv_tp_weights.layer3.weight: 0.026397
2026-08-25 23:55:15.429 INFO:   All parameters have nonzero gradients ✓
2026-08-25 23:55:15.429 INFO:   Total grad norm (before clip): 0.3100
2026-08-25 23:55:15.429 INFO: --- End gradient diagnostics ---
2026-08-26 00:07:02.325 INFO:   Epoch energy decomposition (mean/atom): E_inter=0.3298 eV, E_QEq=-0.329515 eV
2026-08-26 00:07:55.426 INFO: Epoch 20: head: Default, loss=0.00490065, RMSE_E_per_atom=    5.37 meV, RMSE_F=   27.69 meV / A
2026-08-26 00:07:55.565 INFO: --- Gradient diagnostics (epoch 21, batch 0) ---
2026-08-26 00:07:55.566 INFO:   forces: pred_rms=0.0364 eV/Å, ref_rms=0.0281 eV/Å, err_rms=0.0201 eV/Å
2026-08-26 00:07:55.566 INFO:   energy/atom: pred_mean=-2.9844 eV, ref_mean=-2.9787 eV, err_mean=0.0057 eV
2026-08-26 00:07:55.566 INFO:   energy decomposition (mean/atom): E_inter=0.2989 eV, E_QEq=-0.322375 eV
2026-08-26 00:07:55.568 INFO:   QEq charges per element: Z=8: mean=-0.3707, std=nan, min=-0.3707, max=-0.3707 | Z=15: mean=-0.1037, std=0.3334, min=-0.3395, max=0.1321 | Z=16: mean=-0.3832, std=nan, min=-0.3832, max=-0.3832 | Z=33: mean=-0.2579, std=0.2876, min=-0.4613, max=-0.0545 | Z=34: mean=-0.3564, std=0.5653, min=-0.7561, max=0.0433 | Z=35: mean=-0.0496, std=0.3180, min=-0.3558, max=0.3725 | Z=53: mean=0.2056, std=0.2546, min=-0.3213, max=0.3756 | Z=55: mean=-0.0830, std=0.4263, min=-0.4723, max=0.4725 | Z=82: mean=-0.1569, std=0.4773, min=-0.5810, max=0.4552
2026-08-26 00:07:55.570 INFO:   Top-10 param grad norms:
2026-08-26 00:07:55.570 INFO:     interactions.0.conv_tp_weights.layer0.weight: 0.068099
2026-08-26 00:07:55.570 INFO:     products.0.symmetric_contractions.weight: 0.060507
2026-08-26 00:07:55.570 INFO:     products.1.symmetric_contractions.weight: 0.041097
2026-08-26 00:07:55.570 INFO:     interactions.0.linear.weight: 0.038164
2026-08-26 00:07:55.570 INFO:     products.0.linear.weight: 0.036602
2026-08-26 00:07:55.570 INFO:     interactions.1.linear.weight: 0.036480
2026-08-26 00:07:55.570 INFO:     charge_embedding.weight: 0.033010
2026-08-26 00:07:55.570 INFO:     interactions.0.conv_tp_weights.layer1.weight: 0.032361
2026-08-26 00:07:55.571 INFO:     chi_readouts.0.linear.weight: 0.031649
2026-08-26 00:07:55.571 INFO:     interactions.1.conv_tp_weights.layer0.weight: 0.026264
2026-08-26 00:07:55.571 INFO:   All parameters have nonzero gradients ✓
2026-08-26 00:07:55.571 INFO:   Total grad norm (before clip): 0.1499
2026-08-26 00:07:55.571 INFO: --- End gradient diagnostics ---
2026-08-26 00:19:33.210 INFO:   Epoch energy decomposition (mean/atom): E_inter=0.3287 eV, E_QEq=-0.328412 eV
2026-08-26 00:20:28.262 INFO: Epoch 21: head: Default, loss=0.00426376, RMSE_E_per_atom=    4.98 meV, RMSE_F=   25.83 meV / A
2026-08-26 00:20:28.437 INFO: --- Gradient diagnostics (epoch 22, batch 0) ---
2026-08-26 00:20:28.438 INFO:   forces: pred_rms=0.0962 eV/Å, ref_rms=0.0891 eV/Å, err_rms=0.0279 eV/Å
2026-08-26 00:20:28.438 INFO:   energy/atom: pred_mean=-3.0103 eV, ref_mean=-3.0038 eV, err_mean=0.0076 eV
2026-08-26 00:20:28.438 INFO:   energy decomposition (mean/atom): E_inter=0.2748 eV, E_QEq=-0.285542 eV
2026-08-26 00:20:28.441 INFO:   QEq charges per element: Z=9: mean=-0.2293, std=0.4808, min=-0.6554, max=0.2919 | Z=15: mean=-0.5978, std=nan, min=-0.5978, max=-0.5978 | Z=34: mean=-0.4140, std=nan, min=-0.4140, max=-0.4140 | Z=35: mean=-0.0959, std=0.2973, min=-0.3641, max=0.4118 | Z=52: mean=-0.2334, std=0.5450, min=-0.7620, max=0.3267 | Z=53: mean=-0.1459, std=0.2731, min=-0.3518, max=0.3496 | Z=55: mean=0.1858, std=0.3920, min=-0.4639, max=0.4932 | Z=82: mean=0.1379, std=0.4671, min=-0.6647, max=0.6412
2026-08-26 00:20:28.443 INFO:   Top-10 param grad norms:
2026-08-26 00:20:28.443 INFO:     interactions.0.conv_tp_weights.layer0.weight: 0.595347
2026-08-26 00:20:28.443 INFO:     interactions.0.conv_tp_weights.layer1.weight: 0.226893
2026-08-26 00:20:28.443 INFO:     interactions.0.conv_tp_weights.layer2.weight: 0.140375
2026-08-26 00:20:28.443 INFO:     products.0.symmetric_contractions.weight: 0.128598
2026-08-26 00:20:28.443 INFO:     interactions.0.linear.weight: 0.095401
2026-08-26 00:20:28.444 INFO:     products.0.linear.weight: 0.081640
2026-08-26 00:20:28.444 INFO:     interactions.0.conv_tp_weights.layer3.weight: 0.073289
2026-08-26 00:20:28.444 INFO:     charge_embedding.weight: 0.067967
2026-08-26 00:20:28.444 INFO:     interactions.1.linear.weight: 0.062341
2026-08-26 00:20:28.444 INFO:     products.1.symmetric_contractions.weight: 0.060657
2026-08-26 00:20:28.444 INFO:   All parameters have nonzero gradients ✓
2026-08-26 00:20:28.444 INFO:   Total grad norm (before clip): 0.7006
2026-08-26 00:20:28.444 INFO: --- End gradient diagnostics ---
2026-08-26 00:32:27.107 INFO:   Epoch energy decomposition (mean/atom): E_inter=0.3262 eV, E_QEq=-0.325839 eV
2026-08-26 00:33:29.601 INFO: Epoch 22: head: Default, loss=0.00391305, RMSE_E_per_atom=    4.95 meV, RMSE_F=   24.72 meV / A
2026-08-26 00:33:29.793 INFO: --- Gradient diagnostics (epoch 23, batch 0) ---
2026-08-26 00:33:29.794 INFO:   forces: pred_rms=0.1113 eV/Å, ref_rms=0.1048 eV/Å, err_rms=0.0260 eV/Å
2026-08-26 00:33:29.794 INFO:   energy/atom: pred_mean=-3.0177 eV, ref_mean=-3.0209 eV, err_mean=0.0059 eV
2026-08-26 00:33:29.795 INFO:   energy decomposition (mean/atom): E_inter=0.3257 eV, E_QEq=-0.329780 eV
2026-08-26 00:33:29.797 INFO:   QEq charges per element: Z=7: mean=-0.1603, std=0.2905, min=-0.3657, max=0.0451 | Z=9: mean=-0.6848, std=0.0560, min=-0.7244, max=-0.6452 | Z=15: mean=0.0056, std=nan, min=0.0056, max=0.0056 | Z=16: mean=0.2413, std=nan, min=0.2413, max=0.2413 | Z=35: mean=0.1218, std=0.2982, min=-0.3368, max=0.4090 | Z=52: mean=-0.2218, std=nan, min=-0.2218, max=-0.2218 | Z=53: mean=0.0124, std=0.3142, min=-0.3519, max=0.3628 | Z=55: mean=-0.0779, std=0.3981, min=-0.4578, max=0.5369 | Z=82: mean=-0.1516, std=0.4646, min=-0.5827, max=0.5989
2026-08-26 00:33:29.799 INFO:   Top-10 param grad norms:
2026-08-26 00:33:29.799 INFO:     interactions.0.conv_tp_weights.layer0.weight: 0.072672
2026-08-26 00:33:29.799 INFO:     products.0.symmetric_contractions.weight: 0.055047
2026-08-26 00:33:29.799 INFO:     interactions.0.linear.weight: 0.034445
2026-08-26 00:33:29.799 INFO:     interactions.0.conv_tp_weights.layer1.weight: 0.032375
2026-08-26 00:33:29.799 INFO:     charge_embedding.weight: 0.030416
2026-08-26 00:33:29.799 INFO:     products.0.linear.weight: 0.029616
2026-08-26 00:33:29.799 INFO:     interactions.1.linear.weight: 0.028820
2026-08-26 00:33:29.799 INFO:     products.1.symmetric_contractions.weight: 0.028735
2026-08-26 00:33:29.799 INFO:     chi_readouts.0.linear.weight: 0.027465
2026-08-26 00:33:29.799 INFO:     interactions.0.conv_tp_weights.layer2.weight: 0.022106
2026-08-26 00:33:29.799 INFO:   All parameters have nonzero gradients ✓
2026-08-26 00:33:29.800 INFO:   Total grad norm (before clip): 0.1328
2026-08-26 00:33:29.800 INFO: --- End gradient diagnostics ---
2026-08-26 00:46:38.298 INFO:   Epoch energy decomposition (mean/atom): E_inter=0.3289 eV, E_QEq=-0.328634 eV
2026-08-26 00:47:35.255 INFO: Epoch 23: head: Default, loss=0.00370681, RMSE_E_per_atom=    4.85 meV, RMSE_F=   24.06 meV / A
2026-08-26 00:47:35.448 INFO: --- Gradient diagnostics (epoch 24, batch 0) ---
2026-08-26 00:47:35.448 INFO:   forces: pred_rms=0.1125 eV/Å, ref_rms=0.1114 eV/Å, err_rms=0.0234 eV/Å
2026-08-26 00:47:35.449 INFO:   energy/atom: pred_mean=-3.0026 eV, ref_mean=-3.0077 eV, err_mean=0.0056 eV
2026-08-26 00:47:35.449 INFO:   energy decomposition (mean/atom): E_inter=0.3124 eV, E_QEq=-0.309553 eV
2026-08-26 00:47:35.451 INFO:   QEq charges per element: Z=7: mean=-0.3565, std=0.2320, min=-0.5717, max=-0.1107 | Z=8: mean=-0.5700, std=nan, min=-0.5700, max=-0.5700 | Z=15: mean=-0.0529, std=nan, min=-0.0529, max=-0.0529 | Z=33: mean=-0.5063, std=nan, min=-0.5063, max=-0.5063 | Z=35: mean=0.0179, std=0.3139, min=-0.3671, max=0.4122 | Z=53: mean=-0.2965, std=0.0478, min=-0.3457, max=0.2865 | Z=55: mean=0.1730, std=0.3658, min=-0.4027, max=0.4715 | Z=82: mean=0.1406, std=0.4217, min=-0.5259, max=0.4858
2026-08-26 00:47:35.453 INFO:   Top-10 param grad norms:
2026-08-26 00:47:35.453 INFO:     interactions.0.conv_tp_weights.layer0.weight: 0.106745
2026-08-26 00:47:35.453 INFO:     products.0.symmetric_contractions.weight: 0.063138
2026-08-26 00:47:35.453 INFO:     products.1.symmetric_contractions.weight: 0.042611
2026-08-26 00:47:35.453 INFO:     interactions.0.linear.weight: 0.042448
2026-08-26 00:47:35.453 INFO:     charge_embedding.weight: 0.040118
2026-08-26 00:47:35.453 INFO:     interactions.1.linear.weight: 0.039880
2026-08-26 00:47:35.453 INFO:     interactions.0.conv_tp_weights.layer1.weight: 0.038558
2026-08-26 00:47:35.453 INFO:     products.0.linear.weight: 0.034003
2026-08-26 00:47:35.454 INFO:     chi_readouts.0.linear.weight: 0.030189
2026-08-26 00:47:35.454 INFO:     interactions.0.conv_tp_weights.layer2.weight: 0.029035
2026-08-26 00:47:35.454 INFO:   All parameters have nonzero gradients ✓
2026-08-26 00:47:35.454 INFO:   Total grad norm (before clip): 0.1770
2026-08-26 00:47:35.454 INFO: --- End gradient diagnostics ---
2026-08-26 01:00:37.643 INFO:   Epoch energy decomposition (mean/atom): E_inter=0.3314 eV, E_QEq=-0.331045 eV
2026-08-26 01:01:31.819 INFO: Epoch 24: head: Default, loss=0.00354896, RMSE_E_per_atom=    4.69 meV, RMSE_F=   23.55 meV / A
2026-08-26 01:01:32.002 INFO: --- Gradient diagnostics (epoch 25, batch 0) ---
2026-08-26 01:01:32.002 INFO:   forces: pred_rms=0.2858 eV/Å, ref_rms=0.2679 eV/Å, err_rms=0.0433 eV/Å
2026-08-26 01:01:32.003 INFO:   energy/atom: pred_mean=-2.8659 eV, ref_mean=-2.8774 eV, err_mean=0.0115 eV
2026-08-26 01:01:32.003 INFO:   energy decomposition (mean/atom): E_inter=0.3641 eV, E_QEq=-0.340267 eV
2026-08-26 01:01:32.006 INFO:   QEq charges per element: Z=7: mean=-0.2841, std=0.3197, min=-0.5102, max=-0.0580 | Z=8: mean=-0.0984, std=nan, min=-0.0984, max=-0.0984 | Z=16: mean=-0.4050, std=nan, min=-0.4050, max=-0.4050 | Z=33: mean=-0.0543, std=nan, min=-0.0543, max=-0.0543 | Z=34: mean=-0.4966, std=nan, min=-0.4966, max=-0.4966 | Z=35: mean=0.1171, std=0.3007, min=-0.4442, max=0.3597 | Z=52: mean=-0.3646, std=0.6246, min=-0.8062, max=0.0770 | Z=53: mean=0.1516, std=0.2838, min=-0.3156, max=0.3985 | Z=55: mean=-0.1566, std=0.3785, min=-0.4626, max=0.5012 | Z=82: mean=-0.2390, std=0.4379, min=-0.6073, max=0.5177
2026-08-26 01:01:32.008 INFO:   Top-10 param grad norms:
2026-08-26 01:01:32.008 INFO:     interactions.0.conv_tp_weights.layer0.weight: 2.652194
2026-08-26 01:01:32.008 INFO:     interactions.0.conv_tp_weights.layer1.weight: 0.993127
2026-08-26 01:01:32.008 INFO:     interactions.0.conv_tp_weights.layer2.weight: 0.616103
2026-08-26 01:01:32.008 INFO:     products.0.symmetric_contractions.weight: 0.311564
2026-08-26 01:01:32.008 INFO:     interactions.0.linear.weight: 0.291452
2026-08-26 01:01:32.008 INFO:     interactions.0.conv_tp_weights.layer3.weight: 0.265710
2026-08-26 01:01:32.008 INFO:     charge_embedding.weight: 0.250486
2026-08-26 01:01:32.008 INFO:     products.0.linear.weight: 0.196397
2026-08-26 01:01:32.009 INFO:     interactions.0.linear_up.weight: 0.160266
2026-08-26 01:01:32.009 INFO:     readouts.0.linear.weight: 0.151979
2026-08-26 01:01:32.009 INFO:   All parameters have nonzero gradients ✓
2026-08-26 01:01:32.009 INFO:   Total grad norm (before clip): 2.9823
2026-08-26 01:01:32.009 INFO: --- End gradient diagnostics ---
2026-08-26 01:13:43.570 INFO:   Epoch energy decomposition (mean/atom): E_inter=0.3306 eV, E_QEq=-0.330242 eV
2026-08-26 01:14:41.503 INFO: Epoch 25: head: Default, loss=0.00352240, RMSE_E_per_atom=    4.62 meV, RMSE_F=   23.47 meV / A
2026-08-26 01:14:41.687 INFO: --- Gradient diagnostics (epoch 26, batch 0) ---
2026-08-26 01:14:41.688 INFO:   forces: pred_rms=0.3874 eV/Å, ref_rms=0.3767 eV/Å, err_rms=0.0380 eV/Å
2026-08-26 01:14:41.688 INFO:   energy/atom: pred_mean=-2.9597 eV, ref_mean=-2.9576 eV, err_mean=0.0025 eV
2026-08-26 01:14:41.689 INFO:   energy decomposition (mean/atom): E_inter=0.3781 eV, E_QEq=-0.339414 eV
2026-08-26 01:14:41.691 INFO:   QEq charges per element: Z=16: mean=-0.0213, std=0.3551, min=-0.4243, max=0.3252 | Z=33: mean=-0.4679, std=nan, min=-0.4679, max=-0.4679 | Z=34: mean=-0.4628, std=nan, min=-0.4628, max=-0.4628 | Z=35: mean=0.3093, std=0.0326, min=0.1409, max=0.4203 | Z=52: mean=0.2806, std=0.0524, min=0.2435, max=0.3176 | Z=53: mean=0.0090, std=0.3211, min=-0.4427, max=0.4427 | Z=55: mean=-0.2262, std=0.3292, min=-0.4391, max=0.5006 | Z=82: mean=-0.3509, std=0.3736, min=-0.6244, max=0.4940
2026-08-26 01:14:41.693 INFO:   Top-10 param grad norms:
2026-08-26 01:14:41.693 INFO:     interactions.0.conv_tp_weights.layer0.weight: 1.174556
2026-08-26 01:14:41.693 INFO:     interactions.0.conv_tp_weights.layer1.weight: 0.419490
2026-08-26 01:14:41.693 INFO:     interactions.0.conv_tp_weights.layer2.weight: 0.253765
2026-08-26 01:14:41.693 INFO:     products.0.symmetric_contractions.weight: 0.137387
2026-08-26 01:14:41.693 INFO:     interactions.0.linear.weight: 0.132246
2026-08-26 01:14:41.693 INFO:     charge_embedding.weight: 0.130226
2026-08-26 01:14:41.693 INFO:     interactions.0.conv_tp_weights.layer3.weight: 0.103093
2026-08-26 01:14:41.693 INFO:     products.0.linear.weight: 0.094768
2026-08-26 01:14:41.693 INFO:     interactions.1.linear.weight: 0.089268
2026-08-26 01:14:41.694 INFO:     interactions.0.linear_up.weight: 0.085992
2026-08-26 01:14:41.694 INFO:   All parameters have nonzero gradients ✓
2026-08-26 01:14:41.694 INFO:   Total grad norm (before clip): 1.3166
2026-08-26 01:14:41.694 INFO: --- End gradient diagnostics ---
2026-08-26 01:26:42.853 INFO:   Epoch energy decomposition (mean/atom): E_inter=0.3267 eV, E_QEq=-0.326384 eV
2026-08-26 01:27:38.174 INFO: Epoch 26: head: Default, loss=0.00364074, RMSE_E_per_atom=    4.64 meV, RMSE_F=   23.87 meV / A
2026-08-26 01:27:38.310 INFO: --- Gradient diagnostics (epoch 27, batch 0) ---
2026-08-26 01:27:38.311 INFO:   forces: pred_rms=0.1193 eV/Å, ref_rms=0.1191 eV/Å, err_rms=0.0215 eV/Å
2026-08-26 01:27:38.311 INFO:   energy/atom: pred_mean=-3.0085 eV, ref_mean=-3.0097 eV, err_mean=0.0024 eV
2026-08-26 01:27:38.311 INFO:   energy decomposition (mean/atom): E_inter=0.3086 eV, E_QEq=-0.310583 eV
2026-08-26 01:27:38.314 INFO:   QEq charges per element: Z=7: mean=0.1074, std=nan, min=0.1074, max=0.1074 | Z=8: mean=-0.9980, std=nan, min=-0.9980, max=-0.9980 | Z=17: mean=-0.6139, std=nan, min=-0.6139, max=-0.6139 | Z=33: mean=-0.1145, std=0.1405, min=-0.2668, max=0.0102 | Z=34: mean=-0.1371, std=nan, min=-0.1371, max=-0.1371 | Z=35: mean=0.0075, std=0.3057, min=-0.4347, max=0.3710 | Z=52: mean=-0.2932, std=nan, min=-0.2932, max=-0.2932 | Z=53: mean=0.0143, std=0.3121, min=-0.3768, max=0.3531 | Z=55: mean=0.0118, std=0.3969, min=-0.4271, max=0.4922 | Z=82: mean=-0.0595, std=0.4869, min=-0.6046, max=0.6498
2026-08-26 01:27:38.316 INFO:   Top-10 param grad norms:
2026-08-26 01:27:38.316 INFO:     interactions.0.conv_tp_weights.layer0.weight: 0.037489
2026-08-26 01:27:38.316 INFO:     products.0.symmetric_contractions.weight: 0.037364
2026-08-26 01:27:38.316 INFO:     interactions.1.linear.weight: 0.026022
2026-08-26 01:27:38.316 INFO:     products.1.symmetric_contractions.weight: 0.023688
2026-08-26 01:27:38.316 INFO:     interactions.0.linear.weight: 0.020997
2026-08-26 01:27:38.316 INFO:     charge_embedding.weight: 0.017415
2026-08-26 01:27:38.316 INFO:     products.0.linear.weight: 0.017335
2026-08-26 01:27:38.316 INFO:     interactions.0.conv_tp_weights.layer1.weight: 0.013670
2026-08-26 01:27:38.316 INFO:     products.1.linear.weight: 0.013545
2026-08-26 01:27:38.316 INFO:     chi_readouts.0.linear.weight: 0.011546
2026-08-26 01:27:38.317 INFO:   All parameters have nonzero gradients ✓
2026-08-26 01:27:38.317 INFO:   Total grad norm (before clip): 0.0803
2026-08-26 01:27:38.317 INFO: --- End gradient diagnostics ---
2026-08-26 01:39:46.909 INFO:   Epoch energy decomposition (mean/atom): E_inter=0.3213 eV, E_QEq=-0.321029 eV
2026-08-26 01:40:48.325 INFO: Epoch 27: head: Default, loss=0.00370139, RMSE_E_per_atom=    4.68 meV, RMSE_F=   24.06 meV / A
2026-08-26 01:40:48.475 INFO: --- Gradient diagnostics (epoch 28, batch 0) ---
2026-08-26 01:40:48.476 INFO:   forces: pred_rms=0.1174 eV/Å, ref_rms=0.1163 eV/Å, err_rms=0.0233 eV/Å
2026-08-26 01:40:48.477 INFO:   energy/atom: pred_mean=-2.9611 eV, ref_mean=-2.9725 eV, err_mean=0.0115 eV
2026-08-26 01:40:48.477 INFO:   energy decomposition (mean/atom): E_inter=0.3159 eV, E_QEq=-0.312538 eV
2026-08-26 01:40:48.479 INFO:   QEq charges per element: Z=7: mean=0.2167, std=nan, min=0.2167, max=0.2167 | Z=15: mean=-0.7160, std=nan, min=-0.7160, max=-0.7160 | Z=16: mean=-0.4886, std=0.2899, min=-0.6936, max=-0.2836 | Z=17: mean=0.0551, std=nan, min=0.0551, max=0.0551 | Z=35: mean=0.0588, std=0.2970, min=-0.3990, max=0.3749 | Z=53: mean=0.1953, std=0.2391, min=-0.3014, max=0.3840 | Z=55: mean=-0.1556, std=0.3651, min=-0.4507, max=0.4413 | Z=82: mean=-0.2396, std=0.4190, min=-0.5883, max=0.4618
2026-08-26 01:40:48.481 INFO:   Top-10 param grad norms:
2026-08-26 01:40:48.481 INFO:     interactions.0.conv_tp_weights.layer0.weight: 0.333991
2026-08-26 01:40:48.481 INFO:     interactions.0.conv_tp_weights.layer1.weight: 0.139116
2026-08-26 01:40:48.482 INFO:     products.0.symmetric_contractions.weight: 0.112135
2026-08-26 01:40:48.482 INFO:     interactions.0.conv_tp_weights.layer2.weight: 0.086997
2026-08-26 01:40:48.482 INFO:     interactions.0.linear.weight: 0.085666
2026-08-26 01:40:48.482 INFO:     products.0.linear.weight: 0.077598
2026-08-26 01:40:48.482 INFO:     interactions.0.conv_tp_weights.layer3.weight: 0.064812
2026-08-26 01:40:48.482 INFO:     charge_embedding.weight: 0.058676
2026-08-26 01:40:48.482 INFO:     interactions.1.linear.weight: 0.058464
2026-08-26 01:40:48.482 INFO:     chi_readouts.0.linear.weight: 0.057200
2026-08-26 01:40:48.482 INFO:   All parameters have nonzero gradients ✓
2026-08-26 01:40:48.482 INFO:   Total grad norm (before clip): 0.4418
2026-08-26 01:40:48.482 INFO: --- End gradient diagnostics ---
2026-08-26 01:53:28.621 INFO:   Epoch energy decomposition (mean/atom): E_inter=0.3235 eV, E_QEq=-0.323195 eV
2026-08-26 01:54:27.948 INFO: Epoch 28: head: Default, loss=0.00394481, RMSE_E_per_atom=    4.70 meV, RMSE_F=   24.86 meV / A
2026-08-26 01:54:28.093 INFO: --- Gradient diagnostics (epoch 29, batch 0) ---
2026-08-26 01:54:28.093 INFO:   forces: pred_rms=0.0988 eV/Å, ref_rms=0.0937 eV/Å, err_rms=0.0220 eV/Å
2026-08-26 01:54:28.094 INFO:   energy/atom: pred_mean=-2.9510 eV, ref_mean=-2.9499 eV, err_mean=0.0020 eV
2026-08-26 01:54:28.094 INFO:   energy decomposition (mean/atom): E_inter=0.3227 eV, E_QEq=-0.351250 eV
2026-08-26 01:54:28.096 INFO:   QEq charges per element: Z=7: mean=-0.1568, std=nan, min=-0.1568, max=-0.1568 | Z=16: mean=-0.3142, std=0.1585, min=-0.4761, max=-0.1593 | Z=17: mean=0.3856, std=nan, min=0.3856, max=0.3856 | Z=33: mean=-0.4458, std=0.2670, min=-0.6346, max=-0.2570 | Z=35: mean=0.3108, std=0.0396, min=0.0050, max=0.3646 | Z=53: mean=0.3177, std=0.0576, min=-0.2218, max=0.3869 | Z=55: mean=-0.4018, std=0.0254, min=-0.4621, max=-0.3212 | Z=82: mean=-0.5202, std=0.0308, min=-0.5839, max=-0.3568
2026-08-26 01:54:28.098 INFO:   Top-10 param grad norms:
2026-08-26 01:54:28.098 INFO:     interactions.0.conv_tp_weights.layer0.weight: 0.136367
2026-08-26 01:54:28.098 INFO:     interactions.0.conv_tp_weights.layer1.weight: 0.050215
2026-08-26 01:54:28.098 INFO:     products.0.symmetric_contractions.weight: 0.032282
2026-08-26 01:54:28.098 INFO:     interactions.0.conv_tp_weights.layer2.weight: 0.031252
2026-08-26 01:54:28.098 INFO:     products.1.symmetric_contractions.weight: 0.028514
2026-08-26 01:54:28.098 INFO:     interactions.1.linear.weight: 0.025721
2026-08-26 01:54:28.098 INFO:     interactions.0.linear.weight: 0.024915
2026-08-26 01:54:28.098 INFO:     charge_embedding.weight: 0.017962
2026-08-26 01:54:28.098 INFO:     products.0.linear.weight: 0.017689
2026-08-26 01:54:28.098 INFO:     interactions.0.conv_tp_weights.layer3.weight: 0.013779
2026-08-26 01:54:28.098 INFO:   All parameters have nonzero gradients ✓
2026-08-26 01:54:28.098 INFO:   Total grad norm (before clip): 0.1642
2026-08-26 01:54:28.099 INFO: --- End gradient diagnostics ---
2026-08-26 02:07:35.159 INFO:   Epoch energy decomposition (mean/atom): E_inter=0.3237 eV, E_QEq=-0.323429 eV
2026-08-26 02:08:32.439 INFO: Epoch 29: head: Default, loss=0.00329186, RMSE_E_per_atom=    4.42 meV, RMSE_F=   22.69 meV / A
2026-08-26 02:08:32.640 INFO: --- Gradient diagnostics (epoch 30, batch 0) ---
2026-08-26 02:08:32.641 INFO:   forces: pred_rms=0.1388 eV/Å, ref_rms=0.1313 eV/Å, err_rms=0.0228 eV/Å
2026-08-26 02:08:32.641 INFO:   energy/atom: pred_mean=-3.0874 eV, ref_mean=-3.0926 eV, err_mean=0.0062 eV
2026-08-26 02:08:32.642 INFO:   energy decomposition (mean/atom): E_inter=0.3469 eV, E_QEq=-0.353360 eV
2026-08-26 02:08:32.645 INFO:   QEq charges per element: Z=7: mean=0.0263, std=nan, min=0.0263, max=0.0263 | Z=8: mean=-0.4529, std=nan, min=-0.4529, max=-0.4529 | Z=15: mean=-0.4124, std=0.2452, min=-0.5858, max=-0.2390 | Z=16: mean=-0.3139, std=nan, min=-0.3139, max=-0.3139 | Z=33: mean=-0.2342, std=nan, min=-0.2342, max=-0.2342 | Z=35: mean=0.1686, std=0.2732, min=-0.3205, max=0.3958 | Z=53: mean=0.0177, std=0.3120, min=-0.3118, max=0.3734 | Z=55: mean=-0.1547, std=0.3669, min=-0.4400, max=0.4585 | Z=82: mean=-0.2329, std=0.4314, min=-0.6085, max=0.4524
2026-08-26 02:08:32.647 INFO:   Top-10 param grad norms:
2026-08-26 02:08:32.647 INFO:     interactions.0.conv_tp_weights.layer0.weight: 0.264679
2026-08-26 02:08:32.647 INFO:     interactions.0.conv_tp_weights.layer1.weight: 0.104678
2026-08-26 02:08:32.647 INFO:     products.0.symmetric_contractions.weight: 0.077205
2026-08-26 02:08:32.647 INFO:     interactions.0.conv_tp_weights.layer2.weight: 0.068379
2026-08-26 02:08:32.647 INFO:     interactions.0.linear.weight: 0.055065
2026-08-26 02:08:32.647 INFO:     charge_embedding.weight: 0.044512
2026-08-26 02:08:32.647 INFO:     interactions.1.linear.weight: 0.040306
2026-08-26 02:08:32.647 INFO:     products.0.linear.weight: 0.037271
2026-08-26 02:08:32.647 INFO:     products.1.symmetric_contractions.weight: 0.037093
2026-08-26 02:08:32.647 INFO:     interactions.0.conv_tp_weights.layer3.weight: 0.035576
2026-08-26 02:08:32.647 INFO:   All parameters have nonzero gradients ✓
2026-08-26 02:08:32.648 INFO:   Total grad norm (before clip): 0.3287
2026-08-26 02:08:32.648 INFO: --- End gradient diagnostics ---
2026-08-26 02:21:30.854 INFO:   Epoch energy decomposition (mean/atom): E_inter=0.3287 eV, E_QEq=-0.328333 eV
2026-08-26 02:22:24.785 INFO: Epoch 30: head: Default, loss=0.00331385, RMSE_E_per_atom=    4.39 meV, RMSE_F=   22.77 meV / A
2026-08-26 02:22:24.922 INFO: --- Gradient diagnostics (epoch 31, batch 0) ---
2026-08-26 02:22:24.922 INFO:   forces: pred_rms=0.2389 eV/Å, ref_rms=0.2389 eV/Å, err_rms=0.0265 eV/Å
2026-08-26 02:22:24.923 INFO:   energy/atom: pred_mean=-2.8354 eV, ref_mean=-2.8366 eV, err_mean=0.0041 eV
2026-08-26 02:22:24.923 INFO:   energy decomposition (mean/atom): E_inter=0.3435 eV, E_QEq=-0.318406 eV
2026-08-26 02:22:24.925 INFO:   QEq charges per element: Z=7: mean=-0.0517, std=nan, min=-0.0517, max=-0.0517 | Z=16: mean=-0.4135, std=nan, min=-0.4135, max=-0.4135 | Z=33: mean=-0.6508, std=0.2621, min=-0.8892, max=-0.2809 | Z=35: mean=0.3210, std=0.0345, min=0.1113, max=0.3728 | Z=52: mean=0.0517, std=0.2666, min=-0.2154, max=0.3179 | Z=53: mean=-0.0695, std=0.3029, min=-0.3927, max=0.3892 | Z=55: mean=0.0081, std=0.4006, min=-0.4349, max=0.4450 | Z=82: mean=-0.0349, std=0.4831, min=-0.6104, max=0.4911
2026-08-26 02:22:24.927 INFO:   Top-10 param grad norms:
2026-08-26 02:22:24.927 INFO:     interactions.0.conv_tp_weights.layer0.weight: 0.270885
2026-08-26 02:22:24.927 INFO:     interactions.0.conv_tp_weights.layer1.weight: 0.096376
2026-08-26 02:22:24.927 INFO:     interactions.0.conv_tp_weights.layer2.weight: 0.057707
2026-08-26 02:22:24.927 INFO:     products.0.symmetric_contractions.weight: 0.054987
2026-08-26 02:22:24.927 INFO:     interactions.1.linear.weight: 0.049914
2026-08-26 02:22:24.927 INFO:     products.1.symmetric_contractions.weight: 0.049545
2026-08-26 02:22:24.927 INFO:     interactions.0.linear.weight: 0.044110
2026-08-26 02:22:24.927 INFO:     products.0.linear.weight: 0.032519
2026-08-26 02:22:24.927 INFO:     interactions.0.conv_tp_weights.layer3.weight: 0.026731
2026-08-26 02:22:24.927 INFO:     charge_embedding.weight: 0.026437
2026-08-26 02:22:24.927 INFO:   All parameters have nonzero gradients ✓
2026-08-26 02:22:24.928 INFO:   Total grad norm (before clip): 0.3177
2026-08-26 02:22:24.928 INFO: --- End gradient diagnostics ---
2026-08-26 02:34:11.396 INFO:   Epoch energy decomposition (mean/atom): E_inter=0.3305 eV, E_QEq=-0.330184 eV
2026-08-26 02:35:05.555 INFO: Epoch 31: head: Default, loss=0.00311220, RMSE_E_per_atom=    4.39 meV, RMSE_F=   22.05 meV / A
2026-08-26 02:35:05.730 INFO: --- Gradient diagnostics (epoch 32, batch 0) ---
2026-08-26 02:35:05.730 INFO:   forces: pred_rms=0.0700 eV/Å, ref_rms=0.0656 eV/Å, err_rms=0.0174 eV/Å
2026-08-26 02:35:05.730 INFO:   energy/atom: pred_mean=-3.0118 eV, ref_mean=-3.0090 eV, err_mean=0.0048 eV
2026-08-26 02:35:05.731 INFO:   energy decomposition (mean/atom): E_inter=0.3030 eV, E_QEq=-0.312748 eV
2026-08-26 02:35:05.733 INFO:   QEq charges per element: Z=7: mean=0.0417, std=0.0300, min=0.0205, max=0.0629 | Z=16: mean=-0.2896, std=0.1457, min=-0.4441, max=-0.1547 | Z=17: mean=-0.0831, std=0.4102, min=-0.5275, max=0.2811 | Z=35: mean=-0.0868, std=0.2817, min=-0.3644, max=0.3453 | Z=52: mean=-0.2987, std=nan, min=-0.2987, max=-0.2987 | Z=53: mean=0.1592, std=0.2674, min=-0.3256, max=0.3707 | Z=55: mean=0.0124, std=0.4097, min=-0.4232, max=0.5068 | Z=82: mean=-0.0719, std=0.4474, min=-0.5461, max=0.4271
2026-08-26 02:35:05.734 INFO:   Top-10 param grad norms:
2026-08-26 02:35:05.734 INFO:     interactions.0.conv_tp_weights.layer0.weight: 0.153265
2026-08-26 02:35:05.734 INFO:     products.0.symmetric_contractions.weight: 0.089528
2026-08-26 02:35:05.734 INFO:     interactions.1.linear.weight: 0.066983
2026-08-26 02:35:05.735 INFO:     products.1.symmetric_contractions.weight: 0.058119
2026-08-26 02:35:05.735 INFO:     interactions.0.conv_tp_weights.layer1.weight: 0.052001
2026-08-26 02:35:05.735 INFO:     interactions.0.linear.weight: 0.050897
2026-08-26 02:35:05.735 INFO:     products.0.linear.weight: 0.046081
2026-08-26 02:35:05.735 INFO:     products.1.linear.weight: 0.033896
2026-08-26 02:35:05.735 INFO:     interactions.0.conv_tp_weights.layer2.weight: 0.032004
2026-08-26 02:35:05.735 INFO:     charge_embedding.weight: 0.028042
2026-08-26 02:35:05.735 INFO:   All parameters have nonzero gradients ✓
2026-08-26 02:35:05.735 INFO:   Total grad norm (before clip): 0.2298
2026-08-26 02:35:05.735 INFO: --- End gradient diagnostics ---
2026-08-26 02:46:46.915 INFO:   Epoch energy decomposition (mean/atom): E_inter=0.3318 eV, E_QEq=-0.331447 eV
2026-08-26 02:47:40.066 INFO: Epoch 32: head: Default, loss=0.00323552, RMSE_E_per_atom=    4.41 meV, RMSE_F=   22.49 meV / A
2026-08-26 02:47:40.196 INFO: --- Gradient diagnostics (epoch 33, batch 0) ---
2026-08-26 02:47:40.197 INFO:   forces: pred_rms=0.0668 eV/Å, ref_rms=0.0636 eV/Å, err_rms=0.0164 eV/Å
2026-08-26 02:47:40.197 INFO:   energy/atom: pred_mean=-2.9390 eV, ref_mean=-2.9391 eV, err_mean=0.0040 eV
2026-08-26 02:47:40.197 INFO:   energy decomposition (mean/atom): E_inter=0.3028 eV, E_QEq=-0.323561 eV
2026-08-26 02:47:40.200 INFO:   QEq charges per element: Z=9: mean=0.5812, std=nan, min=0.5812, max=0.5812 | Z=15: mean=-0.0024, std=nan, min=-0.0024, max=-0.0024 | Z=34: mean=-0.5870, std=nan, min=-0.5870, max=-0.5870 | Z=35: mean=0.3221, std=0.0296, min=0.2115, max=0.3816 | Z=52: mean=-0.5734, std=0.2538, min=-0.7528, max=-0.3940 | Z=53: mean=-0.0862, std=0.2849, min=-0.3378, max=0.3581 | Z=55: mean=-0.0902, std=0.4027, min=-0.5140, max=0.4381 | Z=82: mean=-0.1355, std=0.4507, min=-0.5901, max=0.4799
2026-08-26 02:47:40.201 INFO:   Top-10 param grad norms:
2026-08-26 02:47:40.201 INFO:     products.0.symmetric_contractions.weight: 0.030518
2026-08-26 02:47:40.201 INFO:     interactions.1.linear.weight: 0.020766
2026-08-26 02:47:40.201 INFO:     interactions.0.linear.weight: 0.020610
2026-08-26 02:47:40.201 INFO:     interactions.0.conv_tp_weights.layer0.weight: 0.019136
2026-08-26 02:47:40.201 INFO:     charge_embedding.weight: 0.018564
2026-08-26 02:47:40.201 INFO:     products.1.symmetric_contractions.weight: 0.017453
2026-08-26 02:47:40.201 INFO:     products.0.linear.weight: 0.016386
2026-08-26 02:47:40.202 INFO:     interactions.0.skip_tp.weight: 0.012412
2026-08-26 02:47:40.202 INFO:     products.1.linear.weight: 0.011878
2026-08-26 02:47:40.202 INFO:     chi_readouts.0.linear.weight: 0.009924
2026-08-26 02:47:40.202 INFO:   All parameters have nonzero gradients ✓
2026-08-26 02:47:40.202 INFO:   Total grad norm (before clip): 0.0639
2026-08-26 02:47:40.202 INFO: --- End gradient diagnostics ---
2026-08-26 02:59:17.825 INFO:   Epoch energy decomposition (mean/atom): E_inter=0.3333 eV, E_QEq=-0.332996 eV
2026-08-26 03:00:15.462 INFO: Epoch 33: head: Default, loss=0.00322113, RMSE_E_per_atom=    4.47 meV, RMSE_F=   22.44 meV / A
2026-08-26 03:00:15.593 INFO: --- Gradient diagnostics (epoch 34, batch 0) ---
2026-08-26 03:00:15.593 INFO:   forces: pred_rms=0.2648 eV/Å, ref_rms=0.2598 eV/Å, err_rms=0.0293 eV/Å
2026-08-26 03:00:15.594 INFO:   energy/atom: pred_mean=-2.9795 eV, ref_mean=-2.9803 eV, err_mean=0.0034 eV
2026-08-26 03:00:15.594 INFO:   energy decomposition (mean/atom): E_inter=0.3342 eV, E_QEq=-0.315387 eV
2026-08-26 03:00:15.596 INFO:   QEq charges per element: Z=15: mean=-0.4642, std=nan, min=-0.4642, max=-0.4642 | Z=17: mean=-0.2448, std=nan, min=-0.2448, max=-0.2448 | Z=33: mean=-0.2185, std=0.4025, min=-0.5031, max=0.0661 | Z=35: mean=-0.0842, std=0.2895, min=-0.3793, max=0.3964 | Z=52: mean=-0.3658, std=0.1576, min=-0.4773, max=-0.2544 | Z=53: mean=0.1747, std=0.2629, min=-0.3012, max=0.4370 | Z=55: mean=0.0054, std=0.4260, min=-0.4753, max=0.4530 | Z=82: mean=-0.0736, std=0.4613, min=-0.6055, max=0.4645
2026-08-26 03:00:15.597 INFO:   Top-10 param grad norms:
2026-08-26 03:00:15.598 INFO:     interactions.0.conv_tp_weights.layer0.weight: 0.291801
2026-08-26 03:00:15.598 INFO:     products.0.symmetric_contractions.weight: 0.160319
2026-08-26 03:00:15.598 INFO:     interactions.0.linear.weight: 0.106048
2026-08-26 03:00:15.598 INFO:     interactions.0.conv_tp_weights.layer1.weight: 0.101547
2026-08-26 03:00:15.598 INFO:     interactions.1.linear.weight: 0.093820
2026-08-26 03:00:15.598 INFO:     products.0.linear.weight: 0.089481
2026-08-26 03:00:15.598 INFO:     products.1.symmetric_contractions.weight: 0.072562
2026-08-26 03:00:15.598 INFO:     interactions.0.conv_tp_weights.layer2.weight: 0.066933
2026-08-26 03:00:15.598 INFO:     charge_embedding.weight: 0.059505
2026-08-26 03:00:15.598 INFO:     interactions.1.linear_up.weight: 0.052971
2026-08-26 03:00:15.598 INFO:   All parameters have nonzero gradients ✓
2026-08-26 03:00:15.598 INFO:   Total grad norm (before clip): 0.4250
2026-08-26 03:00:15.598 INFO: --- End gradient diagnostics ---
2026-08-26 03:12:13.244 INFO:   Epoch energy decomposition (mean/atom): E_inter=0.3285 eV, E_QEq=-0.328200 eV
2026-08-26 03:13:07.801 INFO: Epoch 34: head: Default, loss=0.00307948, RMSE_E_per_atom=    4.27 meV, RMSE_F=   21.95 meV / A
2026-08-26 03:13:07.974 INFO: --- Gradient diagnostics (epoch 35, batch 0) ---
2026-08-26 03:13:07.974 INFO:   forces: pred_rms=0.0992 eV/Å, ref_rms=0.1009 eV/Å, err_rms=0.0219 eV/Å
2026-08-26 03:13:07.974 INFO:   energy/atom: pred_mean=-2.9728 eV, ref_mean=-2.9755 eV, err_mean=0.0031 eV
2026-08-26 03:13:07.975 INFO:   energy decomposition (mean/atom): E_inter=0.3265 eV, E_QEq=-0.335806 eV
2026-08-26 03:13:07.978 INFO:   QEq charges per element: Z=7: mean=-0.5335, std=nan, min=-0.5335, max=-0.5335 | Z=15: mean=-0.0251, std=0.5033, min=-0.3811, max=0.3308 | Z=33: mean=0.0484, std=nan, min=0.0484, max=0.0484 | Z=34: mean=-0.1312, std=nan, min=-0.1312, max=-0.1312 | Z=35: mean=0.0677, std=0.2974, min=-0.4068, max=0.4183 | Z=52: mean=-0.5413, std=0.0599, min=-0.5837, max=-0.4990 | Z=53: mean=0.0846, std=0.3080, min=-0.3212, max=0.4025 | Z=55: mean=-0.0684, std=0.3917, min=-0.4082, max=0.4527 | Z=82: mean=-0.1546, std=0.4473, min=-0.5929, max=0.4447
2026-08-26 03:13:07.980 INFO:   Top-10 param grad norms:
2026-08-26 03:13:07.980 INFO:     interactions.0.conv_tp_weights.layer0.weight: 0.097041
2026-08-26 03:13:07.980 INFO:     products.0.symmetric_contractions.weight: 0.053961
2026-08-26 03:13:07.980 INFO:     interactions.0.conv_tp_weights.layer1.weight: 0.041928
2026-08-26 03:13:07.980 INFO:     interactions.1.linear.weight: 0.041757
2026-08-26 03:13:07.980 INFO:     interactions.0.linear.weight: 0.040652
2026-08-26 03:13:07.981 INFO:     products.1.symmetric_contractions.weight: 0.036367
2026-08-26 03:13:07.981 INFO:     products.0.linear.weight: 0.034284
2026-08-26 03:13:07.981 INFO:     interactions.0.conv_tp_weights.layer2.weight: 0.030153
2026-08-26 03:13:07.981 INFO:     products.1.linear.weight: 0.027755
2026-08-26 03:13:07.981 INFO:     interactions.0.conv_tp_weights.layer3.weight: 0.027450
2026-08-26 03:13:07.981 INFO:   All parameters have nonzero gradients ✓
2026-08-26 03:13:07.981 INFO:   Total grad norm (before clip): 0.1614
2026-08-26 03:13:07.981 INFO: --- End gradient diagnostics ---
2026-08-26 03:24:49.676 INFO:   Epoch energy decomposition (mean/atom): E_inter=0.3305 eV, E_QEq=-0.330218 eV
2026-08-26 03:25:42.637 INFO: Epoch 35: head: Default, loss=0.00301312, RMSE_E_per_atom=    4.36 meV, RMSE_F=   21.69 meV / A
2026-08-26 03:25:42.811 INFO: --- Gradient diagnostics (epoch 36, batch 0) ---
2026-08-26 03:25:42.812 INFO:   forces: pred_rms=0.1855 eV/Å, ref_rms=0.1799 eV/Å, err_rms=0.0234 eV/Å
2026-08-26 03:25:42.812 INFO:   energy/atom: pred_mean=-2.9314 eV, ref_mean=-2.9281 eV, err_mean=0.0047 eV
2026-08-26 03:25:42.812 INFO:   energy decomposition (mean/atom): E_inter=0.3292 eV, E_QEq=-0.323135 eV
2026-08-26 03:25:42.815 INFO:   QEq charges per element: Z=7: mean=-0.0371, std=nan, min=-0.0371, max=-0.0371 | Z=15: mean=-0.5703, std=0.1903, min=-0.7048, max=-0.4357 | Z=33: mean=-0.4914, std=0.2514, min=-0.6691, max=-0.3136 | Z=34: mean=-0.7001, std=0.2486, min=-0.8760, max=-0.5243 | Z=35: mean=0.0243, std=0.3055, min=-0.3098, max=0.4114 | Z=52: mean=-0.1685, std=nan, min=-0.1685, max=-0.1685 | Z=53: mean=-0.0761, std=0.2967, min=-0.4022, max=0.3776 | Z=55: mean=0.0756, std=0.3755, min=-0.3981, max=0.4807 | Z=82: mean=0.0450, std=0.4426, min=-0.5461, max=0.6079
2026-08-26 03:25:42.816 INFO:   Top-10 param grad norms:
2026-08-26 03:25:42.816 INFO:     interactions.0.conv_tp_weights.layer0.weight: 0.062241
2026-08-26 03:25:42.816 INFO:     products.0.symmetric_contractions.weight: 0.053799
2026-08-26 03:25:42.816 INFO:     interactions.1.linear.weight: 0.032253
2026-08-26 03:25:42.816 INFO:     interactions.0.linear.weight: 0.032119
2026-08-26 03:25:42.816 INFO:     products.1.symmetric_contractions.weight: 0.029677
2026-08-26 03:25:42.817 INFO:     products.0.linear.weight: 0.027073
2026-08-26 03:25:42.817 INFO:     charge_embedding.weight: 0.025899
2026-08-26 03:25:42.817 INFO:     chi_readouts.0.linear.weight: 0.025803
2026-08-26 03:25:42.817 INFO:     chi_readouts.1.linear_2.weight: 0.024876
2026-08-26 03:25:42.817 INFO:     products.1.linear.weight: 0.022775
2026-08-26 03:25:42.817 INFO:   All parameters have nonzero gradients ✓
2026-08-26 03:25:42.817 INFO:   Total grad norm (before clip): 0.1248
2026-08-26 03:25:42.817 INFO: --- End gradient diagnostics ---
2026-08-26 03:37:35.873 INFO:   Epoch energy decomposition (mean/atom): E_inter=0.3315 eV, E_QEq=-0.331164 eV
2026-08-26 03:38:29.920 INFO: Epoch 36: head: Default, loss=0.00295235, RMSE_E_per_atom=    4.24 meV, RMSE_F=   21.48 meV / A
2026-08-26 03:38:30.104 INFO: --- Gradient diagnostics (epoch 37, batch 0) ---
2026-08-26 03:38:30.104 INFO:   forces: pred_rms=0.1474 eV/Å, ref_rms=0.1467 eV/Å, err_rms=0.0251 eV/Å
2026-08-26 03:38:30.105 INFO:   energy/atom: pred_mean=-2.9457 eV, ref_mean=-2.9466 eV, err_mean=0.0025 eV
2026-08-26 03:38:30.105 INFO:   energy decomposition (mean/atom): E_inter=0.3281 eV, E_QEq=-0.337770 eV
2026-08-26 03:38:30.108 INFO:   QEq charges per element: Z=7: mean=-0.6552, std=0.3563, min=-0.9071, max=-0.4032 | Z=8: mean=-0.0823, std=0.1524, min=-0.1770, max=0.0935 | Z=15: mean=-0.6648, std=nan, min=-0.6648, max=-0.6648 | Z=33: mean=-0.4604, std=nan, min=-0.4604, max=-0.4604 | Z=34: mean=-0.3118, std=nan, min=-0.3118, max=-0.3118 | Z=35: mean=0.0262, std=0.3094, min=-0.3753, max=0.3775 | Z=52: mean=-0.2321, std=nan, min=-0.2321, max=-0.2321 | Z=53: mean=0.2142, std=0.2293, min=-0.3173, max=0.3747 | Z=55: mean=-0.1677, std=0.3792, min=-0.4532, max=0.4686 | Z=82: mean=-0.2446, std=0.4151, min=-0.5899, max=0.4295
2026-08-26 03:38:30.109 INFO:   Top-10 param grad norms:
2026-08-26 03:38:30.109 INFO:     interactions.0.conv_tp_weights.layer0.weight: 0.145356
2026-08-26 03:38:30.109 INFO:     products.0.symmetric_contractions.weight: 0.049113
2026-08-26 03:38:30.110 INFO:     interactions.0.conv_tp_weights.layer1.weight: 0.046035
2026-08-26 03:38:30.110 INFO:     products.1.symmetric_contractions.weight: 0.040501
2026-08-26 03:38:30.110 INFO:     interactions.1.linear.weight: 0.040463
2026-08-26 03:38:30.110 INFO:     interactions.0.linear.weight: 0.035661
2026-08-26 03:38:30.110 INFO:     products.0.linear.weight: 0.028167
2026-08-26 03:38:30.110 INFO:     interactions.0.conv_tp_weights.layer2.weight: 0.025352
2026-08-26 03:38:30.110 INFO:     products.1.linear.weight: 0.021800
2026-08-26 03:38:30.110 INFO:     charge_embedding.weight: 0.020622
2026-08-26 03:38:30.110 INFO:   All parameters have nonzero gradients ✓
2026-08-26 03:38:30.110 INFO:   Total grad norm (before clip): 0.1857
2026-08-26 03:38:30.110 INFO: --- End gradient diagnostics ---
2026-08-26 03:50:12.252 INFO:   Epoch energy decomposition (mean/atom): E_inter=0.3328 eV, E_QEq=-0.332512 eV
2026-08-26 03:51:09.156 INFO: Epoch 37: head: Default, loss=0.00299988, RMSE_E_per_atom=    4.24 meV, RMSE_F=   21.66 meV / A
2026-08-26 03:51:09.286 INFO: --- Gradient diagnostics (epoch 38, batch 0) ---
2026-08-26 03:51:09.287 INFO:   forces: pred_rms=0.1096 eV/Å, ref_rms=0.1077 eV/Å, err_rms=0.0211 eV/Å
2026-08-26 03:51:09.287 INFO:   energy/atom: pred_mean=-2.9558 eV, ref_mean=-2.9586 eV, err_mean=0.0044 eV
2026-08-26 03:51:09.287 INFO:   energy decomposition (mean/atom): E_inter=0.3402 eV, E_QEq=-0.352260 eV
2026-08-26 03:51:09.290 INFO:   QEq charges per element: Z=7: mean=0.0711, std=0.2812, min=-0.1278, max=0.2699 | Z=8: mean=-0.0764, std=nan, min=-0.0764, max=-0.0764 | Z=15: mean=0.0904, std=nan, min=0.0904, max=0.0904 | Z=17: mean=-0.1320, std=nan, min=-0.1320, max=-0.1320 | Z=33: mean=-0.4097, std=0.3853, min=-0.6912, max=0.0295 | Z=35: mean=0.3088, std=0.0309, min=0.0426, max=0.4206 | Z=53: mean=0.1090, std=0.2926, min=-0.3411, max=0.3754 | Z=55: mean=-0.2275, std=0.3138, min=-0.4094, max=0.4124 | Z=82: mean=-0.3290, std=0.3673, min=-0.5769, max=0.4266
2026-08-26 03:51:09.291 INFO:   Top-10 param grad norms:
2026-08-26 03:51:09.291 INFO:     interactions.0.conv_tp_weights.layer0.weight: 0.226044
2026-08-26 03:51:09.291 INFO:     products.0.symmetric_contractions.weight: 0.101099
2026-08-26 03:51:09.291 INFO:     interactions.0.conv_tp_weights.layer1.weight: 0.092312
2026-08-26 03:51:09.292 INFO:     interactions.0.linear.weight: 0.082032
2026-08-26 03:51:09.292 INFO:     charge_embedding.weight: 0.076747
2026-08-26 03:51:09.292 INFO:     interactions.0.conv_tp_weights.layer2.weight: 0.072445
2026-08-26 03:51:09.292 INFO:     products.1.symmetric_contractions.weight: 0.061226
2026-08-26 03:51:09.292 INFO:     interactions.1.linear.weight: 0.058117
2026-08-26 03:51:09.292 INFO:     products.0.linear.weight: 0.047276
2026-08-26 03:51:09.292 INFO:     interactions.0.linear_up.weight: 0.045167
2026-08-26 03:51:09.292 INFO:   All parameters have nonzero gradients ✓
2026-08-26 03:51:09.292 INFO:   Total grad norm (before clip): 0.3275
2026-08-26 03:51:09.292 INFO: --- End gradient diagnostics ---
2026-08-26 04:02:40.831 INFO:   Epoch energy decomposition (mean/atom): E_inter=0.3350 eV, E_QEq=-0.334718 eV
2026-08-26 04:03:34.931 INFO: Epoch 38: head: Default, loss=0.00344250, RMSE_E_per_atom=    4.46 meV, RMSE_F=   23.21 meV / A
2026-08-26 04:03:35.062 INFO: --- Gradient diagnostics (epoch 39, batch 0) ---
2026-08-26 04:03:35.062 INFO:   forces: pred_rms=0.2081 eV/Å, ref_rms=0.2031 eV/Å, err_rms=0.0262 eV/Å
2026-08-26 04:03:35.063 INFO:   energy/atom: pred_mean=-2.9776 eV, ref_mean=-2.9782 eV, err_mean=0.0028 eV
2026-08-26 04:03:35.063 INFO:   energy decomposition (mean/atom): E_inter=0.3551 eV, E_QEq=-0.362409 eV
2026-08-26 04:03:35.065 INFO:   QEq charges per element: Z=8: mean=0.0233, std=nan, min=0.0233, max=0.0233 | Z=9: mean=0.5895, std=nan, min=0.5895, max=0.5895 | Z=15: mean=-0.4506, std=0.2564, min=-0.6268, max=-0.1565 | Z=17: mean=0.0075, std=nan, min=0.0075, max=0.0075 | Z=35: mean=0.0781, std=0.2927, min=-0.3501, max=0.3842 | Z=52: mean=0.1113, std=nan, min=0.1113, max=0.1113 | Z=53: mean=0.3225, std=0.0248, min=0.2292, max=0.3943 | Z=55: mean=-0.2275, std=0.3338, min=-0.4692, max=0.4518 | Z=82: mean=-0.3342, std=0.3396, min=-0.6034, max=0.3857
2026-08-26 04:03:35.067 INFO:   Top-10 param grad norms:
2026-08-26 04:03:35.067 INFO:     interactions.0.conv_tp_weights.layer0.weight: 0.352373
2026-08-26 04:03:35.067 INFO:     interactions.0.conv_tp_weights.layer1.weight: 0.122735
2026-08-26 04:03:35.067 INFO:     products.0.symmetric_contractions.weight: 0.072329
2026-08-26 04:03:35.067 INFO:     interactions.0.conv_tp_weights.layer2.weight: 0.071911
2026-08-26 04:03:35.067 INFO:     interactions.0.linear.weight: 0.068145
2026-08-26 04:03:35.068 INFO:     interactions.1.linear.weight: 0.052863
2026-08-26 04:03:35.068 INFO:     products.1.symmetric_contractions.weight: 0.049139
2026-08-26 04:03:35.068 INFO:     products.0.linear.weight: 0.045990
2026-08-26 04:03:35.068 INFO:     interactions.0.conv_tp_weights.layer3.weight: 0.036088
2026-08-26 04:03:35.068 INFO:     products.1.linear.weight: 0.031863
2026-08-26 04:03:35.068 INFO:   All parameters have nonzero gradients ✓
2026-08-26 04:03:35.068 INFO:   Total grad norm (before clip): 0.4097
2026-08-26 04:03:35.068 INFO: --- End gradient diagnostics ---
2026-08-26 04:15:12.547 INFO:   Epoch energy decomposition (mean/atom): E_inter=0.3367 eV, E_QEq=-0.336370 eV
2026-08-26 04:16:05.676 INFO: Epoch 39: head: Default, loss=0.00280752, RMSE_E_per_atom=    4.18 meV, RMSE_F=   20.94 meV / A
2026-08-26 04:16:05.856 INFO: --- Gradient diagnostics (epoch 40, batch 0) ---
2026-08-26 04:16:05.857 INFO:   forces: pred_rms=0.1547 eV/Å, ref_rms=0.1497 eV/Å, err_rms=0.0240 eV/Å
2026-08-26 04:16:05.857 INFO:   energy/atom: pred_mean=-2.9833 eV, ref_mean=-2.9821 eV, err_mean=0.0054 eV
2026-08-26 04:16:05.857 INFO:   energy decomposition (mean/atom): E_inter=0.3481 eV, E_QEq=-0.359226 eV
2026-08-26 04:16:05.860 INFO:   QEq charges per element: Z=8: mean=-0.0414, std=nan, min=-0.0414, max=-0.0414 | Z=15: mean=-0.5418, std=nan, min=-0.5418, max=-0.5418 | Z=17: mean=-0.4864, std=0.0282, min=-0.5064, max=-0.4665 | Z=33: mean=-0.3073, std=0.3067, min=-0.7350, max=-0.0357 | Z=34: mean=-0.5460, std=nan, min=-0.5460, max=-0.5460 | Z=35: mean=0.2086, std=0.2500, min=-0.3364, max=0.3969 | Z=53: mean=-0.0387, std=0.2981, min=-0.3755, max=0.3549 | Z=55: mean=-0.0600, std=0.3951, min=-0.4258, max=0.5066 | Z=82: mean=-0.1519, std=0.4419, min=-0.6242, max=0.4555
2026-08-26 04:16:05.861 INFO:   Top-10 param grad norms:
2026-08-26 04:16:05.861 INFO:     interactions.0.conv_tp_weights.layer0.weight: 0.141593
2026-08-26 04:16:05.861 INFO:     products.0.symmetric_contractions.weight: 0.062852
2026-08-26 04:16:05.861 INFO:     interactions.0.conv_tp_weights.layer1.weight: 0.059384
2026-08-26 04:16:05.861 INFO:     interactions.0.linear.weight: 0.049993
2026-08-26 04:16:05.861 INFO:     interactions.1.linear.weight: 0.040974
2026-08-26 04:16:05.861 INFO:     products.0.linear.weight: 0.040574
2026-08-26 04:16:05.861 INFO:     interactions.0.conv_tp_weights.layer2.weight: 0.039799
2026-08-26 04:16:05.862 INFO:     charge_embedding.weight: 0.037681
2026-08-26 04:16:05.862 INFO:     products.1.symmetric_contractions.weight: 0.036641
2026-08-26 04:16:05.862 INFO:     chi_readouts.0.linear.weight: 0.036515
2026-08-26 04:16:05.862 INFO:   All parameters have nonzero gradients ✓
2026-08-26 04:16:05.862 INFO:   Total grad norm (before clip): 0.2068
2026-08-26 04:16:05.862 INFO: --- End gradient diagnostics ---
2026-08-26 04:27:45.674 INFO:   Epoch energy decomposition (mean/atom): E_inter=0.3386 eV, E_QEq=-0.338248 eV
2026-08-26 04:28:38.106 INFO: Epoch 40: head: Default, loss=0.00313863, RMSE_E_per_atom=    4.18 meV, RMSE_F=   22.17 meV / A
2026-08-26 04:28:38.242 INFO: --- Gradient diagnostics (epoch 41, batch 0) ---
2026-08-26 04:28:38.244 INFO:   forces: pred_rms=0.3380 eV/Å, ref_rms=0.3402 eV/Å, err_rms=0.0312 eV/Å
2026-08-26 04:28:38.244 INFO:   energy/atom: pred_mean=-2.9162 eV, ref_mean=-2.9168 eV, err_mean=0.0023 eV
2026-08-26 04:28:38.244 INFO:   energy decomposition (mean/atom): E_inter=0.3773 eV, E_QEq=-0.335013 eV
2026-08-26 04:28:38.247 INFO:   QEq charges per element: Z=9: mean=-0.4797, std=nan, min=-0.4797, max=-0.4797 | Z=15: mean=-0.4179, std=nan, min=-0.4179, max=-0.4179 | Z=16: mean=-0.2781, std=nan, min=-0.2781, max=-0.2781 | Z=17: mean=-0.1833, std=nan, min=-0.1833, max=-0.1833 | Z=33: mean=0.0777, std=nan, min=0.0777, max=0.0777 | Z=34: mean=-0.2989, std=0.2178, min=-0.4529, max=-0.1449 | Z=35: mean=0.1932, std=0.2532, min=-0.3698, max=0.3837 | Z=52: mean=-0.3283, std=nan, min=-0.3283, max=-0.3283 | Z=53: mean=-0.1738, std=0.2506, min=-0.4054, max=0.3641 | Z=55: mean=0.0222, std=0.4110, min=-0.4272, max=0.4744 | Z=82: mean=-0.0618, std=0.4624, min=-0.5799, max=0.5183
2026-08-26 04:28:38.249 INFO:   Top-10 param grad norms:
2026-08-26 04:28:38.249 INFO:     products.0.symmetric_contractions.weight: 0.066352
2026-08-26 04:28:38.249 INFO:     interactions.1.linear.weight: 0.063111
2026-08-26 04:28:38.249 INFO:     interactions.0.linear.weight: 0.062245
2026-08-26 04:28:38.249 INFO:     products.1.symmetric_contractions.weight: 0.051171
2026-08-26 04:28:38.249 INFO:     products.0.linear.weight: 0.042821
2026-08-26 04:28:38.249 INFO:     products.1.linear.weight: 0.029868
2026-08-26 04:28:38.249 INFO:     charge_embedding.weight: 0.023088
2026-08-26 04:28:38.249 INFO:     interactions.0.conv_tp_weights.layer3.weight: 0.021891
2026-08-26 04:28:38.250 INFO:     interactions.0.conv_tp_weights.layer0.weight: 0.019681
2026-08-26 04:28:38.250 INFO:     interactions.0.linear_up.weight: 0.018841
2026-08-26 04:28:38.250 INFO:   All parameters have nonzero gradients ✓
2026-08-26 04:28:38.250 INFO:   Total grad norm (before clip): 0.1471
2026-08-26 04:28:38.250 INFO: --- End gradient diagnostics ---
2026-08-26 04:40:07.219 INFO:   Epoch energy decomposition (mean/atom): E_inter=0.3344 eV, E_QEq=-0.334019 eV
2026-08-26 04:40:59.072 INFO: Epoch 41: head: Default, loss=0.00269711, RMSE_E_per_atom=    4.10 meV, RMSE_F=   20.53 meV / A
2026-08-26 04:40:59.244 INFO: --- Gradient diagnostics (epoch 42, batch 0) ---
2026-08-26 04:40:59.244 INFO:   forces: pred_rms=0.3314 eV/Å, ref_rms=0.3223 eV/Å, err_rms=0.0385 eV/Å
2026-08-26 04:40:59.244 INFO:   energy/atom: pred_mean=-2.9012 eV, ref_mean=-2.9006 eV, err_mean=0.0044 eV
2026-08-26 04:40:59.245 INFO:   energy decomposition (mean/atom): E_inter=0.3806 eV, E_QEq=-0.353356 eV
2026-08-26 04:40:59.247 INFO:   QEq charges per element: Z=8: mean=0.0286, std=0.0356, min=0.0035, max=0.0538 | Z=9: mean=0.0420, std=nan, min=0.0420, max=0.0420 | Z=16: mean=-0.3220, std=0.2016, min=-0.4646, max=-0.1795 | Z=17: mean=0.0969, std=nan, min=0.0969, max=0.0969 | Z=34: mean=-0.4840, std=nan, min=-0.4840, max=-0.4840 | Z=35: mean=0.1603, std=0.2598, min=-0.3344, max=0.3685 | Z=52: mean=-0.6513, std=nan, min=-0.6513, max=-0.6513 | Z=53: mean=0.2074, std=0.2327, min=-0.3900, max=0.4417 | Z=55: mean=-0.2384, std=0.3134, min=-0.4428, max=0.4375 | Z=82: mean=-0.3130, std=0.3576, min=-0.5722, max=0.4536
2026-08-26 04:40:59.249 INFO:   Top-10 param grad norms:
2026-08-26 04:40:59.249 INFO:     interactions.0.conv_tp_weights.layer0.weight: 1.235812
2026-08-26 04:40:59.249 INFO:     products.0.symmetric_contractions.weight: 0.676614
2026-08-26 04:40:59.249 INFO:     interactions.0.conv_tp_weights.layer1.weight: 0.476901
2026-08-26 04:40:59.249 INFO:     charge_embedding.weight: 0.408153
2026-08-26 04:40:59.249 INFO:     products.1.symmetric_contractions.weight: 0.366597
2026-08-26 04:40:59.249 INFO:     interactions.0.conv_tp_weights.layer2.weight: 0.348550
2026-08-26 04:40:59.249 INFO:     interactions.0.linear.weight: 0.345194
2026-08-26 04:40:59.249 INFO:     interactions.1.linear.weight: 0.249722
2026-08-26 04:40:59.249 INFO:     interactions.0.linear_up.weight: 0.214073
2026-08-26 04:40:59.249 INFO:     products.0.linear.weight: 0.213227
2026-08-26 04:40:59.249 INFO:   All parameters have nonzero gradients ✓
2026-08-26 04:40:59.250 INFO:   Total grad norm (before clip): 1.7347
2026-08-26 04:40:59.250 INFO: --- End gradient diagnostics ---
2026-08-26 04:52:34.419 INFO:   Epoch energy decomposition (mean/atom): E_inter=0.3376 eV, E_QEq=-0.337334 eV
2026-08-26 04:53:27.078 INFO: Epoch 42: head: Default, loss=0.00275858, RMSE_E_per_atom=    4.11 meV, RMSE_F=   20.77 meV / A
2026-08-26 04:53:27.215 INFO: --- Gradient diagnostics (epoch 43, batch 0) ---
2026-08-26 04:53:27.215 INFO:   forces: pred_rms=0.0612 eV/Å, ref_rms=0.0571 eV/Å, err_rms=0.0167 eV/Å
2026-08-26 04:53:27.216 INFO:   energy/atom: pred_mean=-3.0449 eV, ref_mean=-3.0435 eV, err_mean=0.0028 eV
2026-08-26 04:53:27.216 INFO:   energy decomposition (mean/atom): E_inter=0.3193 eV, E_QEq=-0.331649 eV
2026-08-26 04:53:27.219 INFO:   QEq charges per element: Z=15: mean=-0.5026, std=nan, min=-0.5026, max=-0.5026 | Z=16: mean=-0.2333, std=0.3970, min=-0.5122, max=0.2212 | Z=17: mean=-0.0775, std=0.2746, min=-0.2717, max=0.1167 | Z=33: mean=-0.1924, std=nan, min=-0.1924, max=-0.1924 | Z=35: mean=0.1338, std=0.2675, min=-0.3228, max=0.3885 | Z=52: mean=-0.4841, std=nan, min=-0.4841, max=-0.4841 | Z=53: mean=-0.0851, std=0.2857, min=-0.3181, max=0.3585 | Z=55: mean=-0.0717, std=0.4008, min=-0.4398, max=0.4917 | Z=82: mean=-0.1507, std=0.4369, min=-0.5620, max=0.4664
2026-08-26 04:53:27.220 INFO:   Top-10 param grad norms:
2026-08-26 04:53:27.220 INFO:     interactions.0.conv_tp_weights.layer0.weight: 0.055629
2026-08-26 04:53:27.220 INFO:     products.0.symmetric_contractions.weight: 0.045726
2026-08-26 04:53:27.220 INFO:     interactions.1.linear.weight: 0.034222
2026-08-26 04:53:27.220 INFO:     products.1.symmetric_contractions.weight: 0.033746
2026-08-26 04:53:27.221 INFO:     interactions.0.linear.weight: 0.029854
2026-08-26 04:53:27.221 INFO:     interactions.0.conv_tp_weights.layer1.weight: 0.023112
2026-08-26 04:53:27.221 INFO:     products.0.linear.weight: 0.022229
2026-08-26 04:53:27.221 INFO:     charge_embedding.weight: 0.020289
2026-08-26 04:53:27.221 INFO:     interactions.0.conv_tp_weights.layer2.weight: 0.016747
2026-08-26 04:53:27.221 INFO:     chi_readouts.0.linear.weight: 0.015796
2026-08-26 04:53:27.221 INFO:   All parameters have nonzero gradients ✓
2026-08-26 04:53:27.221 INFO:   Total grad norm (before clip): 0.1085
2026-08-26 04:53:27.221 INFO: --- End gradient diagnostics ---
2026-08-26 05:05:08.016 INFO:   Epoch energy decomposition (mean/atom): E_inter=0.3333 eV, E_QEq=-0.332995 eV
2026-08-26 05:06:02.031 INFO: Epoch 43: head: Default, loss=0.00268233, RMSE_E_per_atom=    4.02 meV, RMSE_F=   20.48 meV / A
2026-08-26 05:06:02.201 INFO: --- Gradient diagnostics (epoch 44, batch 0) ---
2026-08-26 05:06:02.201 INFO:   forces: pred_rms=0.1105 eV/Å, ref_rms=0.1047 eV/Å, err_rms=0.0178 eV/Å
2026-08-26 05:06:02.201 INFO:   energy/atom: pred_mean=-3.0070 eV, ref_mean=-3.0092 eV, err_mean=0.0042 eV
2026-08-26 05:06:02.202 INFO:   energy decomposition (mean/atom): E_inter=0.3285 eV, E_QEq=-0.338519 eV
2026-08-26 05:06:02.203 INFO:   QEq charges per element: Z=15: mean=-0.6908, std=0.0400, min=-0.7191, max=-0.6626 | Z=35: mean=0.2111, std=0.2181, min=-0.3418, max=0.3695 | Z=52: mean=-0.2977, std=0.1391, min=-0.4584, max=-0.2147 | Z=53: mean=-0.1300, std=0.2571, min=-0.3088, max=0.3901 | Z=55: mean=-0.0572, std=0.3840, min=-0.3973, max=0.4812 | Z=82: mean=-0.1600, std=0.4325, min=-0.6110, max=0.4256
2026-08-26 05:06:02.205 INFO:   Top-10 param grad norms:
2026-08-26 05:06:02.205 INFO:     interactions.0.conv_tp_weights.layer0.weight: 0.265477
2026-08-26 05:06:02.205 INFO:     interactions.0.conv_tp_weights.layer1.weight: 0.097098
2026-08-26 05:06:02.205 INFO:     interactions.0.conv_tp_weights.layer2.weight: 0.060277
2026-08-26 05:06:02.205 INFO:     products.0.symmetric_contractions.weight: 0.058656
2026-08-26 05:06:02.205 INFO:     interactions.0.linear.weight: 0.051297
2026-08-26 05:06:02.205 INFO:     interactions.1.linear.weight: 0.039446
2026-08-26 05:06:02.205 INFO:     products.0.linear.weight: 0.038077
2026-08-26 05:06:02.205 INFO:     products.1.symmetric_contractions.weight: 0.034922
2026-08-26 05:06:02.205 INFO:     interactions.0.conv_tp_weights.layer3.weight: 0.031774
2026-08-26 05:06:02.206 INFO:     charge_embedding.weight: 0.029250
2026-08-26 05:06:02.206 INFO:   All parameters have nonzero gradients ✓
2026-08-26 05:06:02.206 INFO:   Total grad norm (before clip): 0.3144
2026-08-26 05:06:02.206 INFO: --- End gradient diagnostics ---
2026-08-26 05:17:39.759 INFO:   Epoch energy decomposition (mean/atom): E_inter=0.3376 eV, E_QEq=-0.337299 eV
2026-08-26 05:18:33.778 INFO: Epoch 44: head: Default, loss=0.00336897, RMSE_E_per_atom=    4.38 meV, RMSE_F=   22.97 meV / A
2026-08-26 05:18:33.915 INFO: --- Gradient diagnostics (epoch 45, batch 0) ---
2026-08-26 05:18:33.915 INFO:   forces: pred_rms=0.1185 eV/Å, ref_rms=0.1203 eV/Å, err_rms=0.0219 eV/Å
2026-08-26 05:18:33.915 INFO:   energy/atom: pred_mean=-2.9621 eV, ref_mean=-2.9655 eV, err_mean=0.0041 eV
2026-08-26 05:18:33.915 INFO:   energy decomposition (mean/atom): E_inter=0.3196 eV, E_QEq=-0.311216 eV
2026-08-26 05:18:33.918 INFO:   QEq charges per element: Z=9: mean=-0.6373, std=nan, min=-0.6373, max=-0.6373 | Z=15: mean=-0.1757, std=0.3410, min=-0.4169, max=0.0654 | Z=16: mean=-0.0920, std=0.0094, min=-0.0986, max=-0.0853 | Z=17: mean=0.3857, std=nan, min=0.3857, max=0.3857 | Z=33: mean=-0.4058, std=0.4833, min=-0.7417, max=0.1481 | Z=34: mean=-0.5944, std=nan, min=-0.5944, max=-0.5944 | Z=35: mean=0.0605, std=0.2865, min=-0.3589, max=0.3295 | Z=53: mean=-0.0384, std=0.2933, min=-0.3432, max=0.3946 | Z=55: mean=0.0134, std=0.3829, min=-0.4213, max=0.4517 | Z=82: mean=-0.0567, std=0.4364, min=-0.5568, max=0.6121
2026-08-26 05:18:33.920 INFO:   Top-10 param grad norms:
2026-08-26 05:18:33.920 INFO:     interactions.0.conv_tp_weights.layer0.weight: 0.110674
2026-08-26 05:18:33.920 INFO:     products.0.symmetric_contractions.weight: 0.046778
2026-08-26 05:18:33.920 INFO:     interactions.1.linear.weight: 0.039962
2026-08-26 05:18:33.920 INFO:     products.0.linear.weight: 0.037811
2026-08-26 05:18:33.920 INFO:     products.1.symmetric_contractions.weight: 0.037810
2026-08-26 05:18:33.920 INFO:     interactions.0.conv_tp_weights.layer1.weight: 0.036604
2026-08-26 05:18:33.920 INFO:     interactions.0.linear.weight: 0.036331
2026-08-26 05:18:33.920 INFO:     charge_embedding.weight: 0.030487
2026-08-26 05:18:33.920 INFO:     chi_readouts.0.linear.weight: 0.030462
2026-08-26 05:18:33.920 INFO:     chi_readouts.1.linear_2.weight: 0.026277
2026-08-26 05:18:33.920 INFO:   All parameters have nonzero gradients ✓
2026-08-26 05:18:33.921 INFO:   Total grad norm (before clip): 0.1649
2026-08-26 05:18:33.921 INFO: --- End gradient diagnostics ---
2026-08-26 05:30:06.743 INFO:   Epoch energy decomposition (mean/atom): E_inter=0.3350 eV, E_QEq=-0.334651 eV
2026-08-26 05:31:01.198 INFO: Epoch 45: head: Default, loss=0.00269849, RMSE_E_per_atom=    4.06 meV, RMSE_F=   20.54 meV / A
2026-08-26 05:31:01.336 INFO: --- Gradient diagnostics (epoch 46, batch 0) ---
2026-08-26 05:31:01.336 INFO:   forces: pred_rms=0.1018 eV/Å, ref_rms=0.0961 eV/Å, err_rms=0.0251 eV/Å
2026-08-26 05:31:01.337 INFO:   energy/atom: pred_mean=-3.0997 eV, ref_mean=-3.0970 eV, err_mean=0.0036 eV
2026-08-26 05:31:01.337 INFO:   energy decomposition (mean/atom): E_inter=0.3391 eV, E_QEq=-0.351064 eV
2026-08-26 05:31:01.339 INFO:   QEq charges per element: Z=7: mean=-0.2680, std=0.4372, min=-0.6226, max=0.2206 | Z=15: mean=-0.5444, std=0.1215, min=-0.6303, max=-0.4585 | Z=16: mean=-0.0954, std=nan, min=-0.0954, max=-0.0954 | Z=33: mean=-0.6541, std=nan, min=-0.6541, max=-0.6541 | Z=35: mean=0.0914, std=0.2849, min=-0.3456, max=0.3765 | Z=52: mean=-0.2394, std=nan, min=-0.2394, max=-0.2394 | Z=53: mean=0.2960, std=0.0153, min=0.2451, max=0.3287 | Z=55: mean=-0.1475, std=0.3721, min=-0.4609, max=0.4800 | Z=82: mean=-0.2304, std=0.3889, min=-0.5814, max=0.3983
2026-08-26 05:31:01.341 INFO:   Top-10 param grad norms:
2026-08-26 05:31:01.341 INFO:     products.0.symmetric_contractions.weight: 0.060628
2026-08-26 05:31:01.341 INFO:     interactions.1.linear.weight: 0.042586
2026-08-26 05:31:01.341 INFO:     interactions.0.linear.weight: 0.039099
2026-08-26 05:31:01.341 INFO:     products.1.symmetric_contractions.weight: 0.038003
2026-08-26 05:31:01.342 INFO:     products.0.linear.weight: 0.032438
2026-08-26 05:31:01.342 INFO:     interactions.0.conv_tp_weights.layer0.weight: 0.029694
2026-08-26 05:31:01.342 INFO:     charge_embedding.weight: 0.024306
2026-08-26 05:31:01.342 INFO:     chi_readouts.0.linear.weight: 0.022423
2026-08-26 05:31:01.342 INFO:     products.1.linear.weight: 0.019632
2026-08-26 05:31:01.342 INFO:     chi_readouts.1.linear_2.weight: 0.018365
2026-08-26 05:31:01.342 INFO:   All parameters have nonzero gradients ✓
2026-08-26 05:31:01.342 INFO:   Total grad norm (before clip): 0.1178
2026-08-26 05:31:01.342 INFO: --- End gradient diagnostics ---
2026-08-26 05:42:35.312 INFO:   Epoch energy decomposition (mean/atom): E_inter=0.3383 eV, E_QEq=-0.337988 eV
2026-08-26 05:43:29.360 INFO: Epoch 46: head: Default, loss=0.00259268, RMSE_E_per_atom=    3.97 meV, RMSE_F=   20.13 meV / A
2026-08-26 05:43:29.534 INFO: --- Gradient diagnostics (epoch 47, batch 0) ---
2026-08-26 05:43:29.534 INFO:   forces: pred_rms=0.1363 eV/Å, ref_rms=0.1336 eV/Å, err_rms=0.0183 eV/Å
2026-08-26 05:43:29.534 INFO:   energy/atom: pred_mean=-3.0706 eV, ref_mean=-3.0687 eV, err_mean=0.0024 eV
2026-08-26 05:43:29.535 INFO:   energy decomposition (mean/atom): E_inter=0.3283 eV, E_QEq=-0.327779 eV
2026-08-26 05:43:29.538 INFO:   QEq charges per element: Z=7: mean=-0.2603, std=nan, min=-0.2603, max=-0.2603 | Z=8: mean=-0.4041, std=0.1548, min=-0.5136, max=-0.2947 | Z=9: mean=-0.3299, std=nan, min=-0.3299, max=-0.3299 | Z=16: mean=-0.2498, std=nan, min=-0.2498, max=-0.2498 | Z=33: mean=0.1590, std=nan, min=0.1590, max=0.1590 | Z=34: mean=-0.3596, std=0.4246, min=-0.6598, max=-0.0594 | Z=35: mean=-0.0602, std=0.2900, min=-0.3943, max=0.3445 | Z=52: mean=-0.2378, std=nan, min=-0.2378, max=-0.2378 | Z=53: mean=0.0154, std=0.2818, min=-0.3466, max=0.3194 | Z=55: mean=0.1017, std=0.3880, min=-0.4266, max=0.4947 | Z=82: mean=0.0324, std=0.4099, min=-0.4979, max=0.4906
2026-08-26 05:43:29.539 INFO:   Top-10 param grad norms:
2026-08-26 05:43:29.539 INFO:     products.0.symmetric_contractions.weight: 0.058366
2026-08-26 05:43:29.539 INFO:     interactions.1.linear.weight: 0.044898
2026-08-26 05:43:29.539 INFO:     products.1.symmetric_contractions.weight: 0.043267
2026-08-26 05:43:29.539 INFO:     interactions.0.linear.weight: 0.035487
2026-08-26 05:43:29.540 INFO:     interactions.0.conv_tp_weights.layer0.weight: 0.033432
2026-08-26 05:43:29.540 INFO:     products.0.linear.weight: 0.031474
2026-08-26 05:43:29.540 INFO:     products.1.linear.weight: 0.020124
2026-08-26 05:43:29.540 INFO:     charge_embedding.weight: 0.016566
2026-08-26 05:43:29.540 INFO:     interactions.0.conv_tp_weights.layer3.weight: 0.012977
2026-08-26 05:43:29.540 INFO:     interactions.0.conv_tp_weights.layer1.weight: 0.012881
2026-08-26 05:43:29.540 INFO:   All parameters have nonzero gradients ✓
2026-08-26 05:43:29.540 INFO:   Total grad norm (before clip): 0.1133
2026-08-26 05:43:29.540 INFO: --- End gradient diagnostics ---
2026-08-26 05:55:16.297 INFO:   Epoch energy decomposition (mean/atom): E_inter=0.3413 eV, E_QEq=-0.341015 eV
2026-08-26 05:56:10.725 INFO: Epoch 47: head: Default, loss=0.00282868, RMSE_E_per_atom=    4.05 meV, RMSE_F=   21.04 meV / A
2026-08-26 05:56:10.854 INFO: --- Gradient diagnostics (epoch 48, batch 0) ---
2026-08-26 05:56:10.855 INFO:   forces: pred_rms=0.0819 eV/Å, ref_rms=0.0768 eV/Å, err_rms=0.0170 eV/Å
2026-08-26 05:56:10.855 INFO:   energy/atom: pred_mean=-3.0201 eV, ref_mean=-3.0254 eV, err_mean=0.0053 eV
2026-08-26 05:56:10.855 INFO:   energy decomposition (mean/atom): E_inter=0.3477 eV, E_QEq=-0.358578 eV
2026-08-26 05:56:10.858 INFO:   QEq charges per element: Z=7: mean=-0.6765, std=nan, min=-0.6765, max=-0.6765 | Z=8: mean=0.0660, std=nan, min=0.0660, max=0.0660 | Z=15: mean=-0.1181, std=0.3430, min=-0.5051, max=0.1480 | Z=16: mean=-0.0841, std=nan, min=-0.0841, max=-0.0841 | Z=33: mean=-0.4054, std=nan, min=-0.4054, max=-0.4054 | Z=34: mean=-0.2919, std=nan, min=-0.2919, max=-0.2919 | Z=35: mean=0.2028, std=0.2164, min=-0.3019, max=0.3495 | Z=52: mean=-0.4625, std=nan, min=-0.4625, max=-0.4625 | Z=53: mean=0.2992, std=0.0217, min=0.2111, max=0.3415 | Z=55: mean=-0.2953, std=0.2271, min=-0.4112, max=0.3880 | Z=82: mean=-0.4136, std=0.2650, min=-0.5749, max=0.3892
2026-08-26 05:56:10.860 INFO:   Top-10 param grad norms:
2026-08-26 05:56:10.860 INFO:     interactions.0.conv_tp_weights.layer0.weight: 0.140723
2026-08-26 05:56:10.860 INFO:     products.0.symmetric_contractions.weight: 0.065704
2026-08-26 05:56:10.860 INFO:     interactions.0.conv_tp_weights.layer1.weight: 0.062078
2026-08-26 05:56:10.860 INFO:     interactions.0.linear.weight: 0.057817
2026-08-26 05:56:10.860 INFO:     products.0.linear.weight: 0.042760
2026-08-26 05:56:10.860 INFO:     interactions.0.conv_tp_weights.layer2.weight: 0.040483
2026-08-26 05:56:10.860 INFO:     interactions.1.linear.weight: 0.040298
2026-08-26 05:56:10.860 INFO:     interactions.0.conv_tp_weights.layer3.weight: 0.035060
2026-08-26 05:56:10.860 INFO:     chi_readouts.0.linear.weight: 0.033944
2026-08-26 05:56:10.860 INFO:     products.1.symmetric_contractions.weight: 0.032653
2026-08-26 05:56:10.860 INFO:   All parameters have nonzero gradients ✓
2026-08-26 05:56:10.860 INFO:   Total grad norm (before clip): 0.2131
2026-08-26 05:56:10.861 INFO: --- End gradient diagnostics ---
2026-08-26 06:07:51.083 INFO:   Epoch energy decomposition (mean/atom): E_inter=0.3426 eV, E_QEq=-0.342269 eV
2026-08-26 06:08:44.367 INFO: Epoch 48: head: Default, loss=0.00274452, RMSE_E_per_atom=    3.95 meV, RMSE_F=   20.73 meV / A
2026-08-26 06:08:44.505 INFO: --- Gradient diagnostics (epoch 49, batch 0) ---
2026-08-26 06:08:44.506 INFO:   forces: pred_rms=0.0729 eV/Å, ref_rms=0.0723 eV/Å, err_rms=0.0143 eV/Å
2026-08-26 06:08:44.506 INFO:   energy/atom: pred_mean=-2.9880 eV, ref_mean=-2.9880 eV, err_mean=0.0018 eV
2026-08-26 06:08:44.506 INFO:   energy decomposition (mean/atom): E_inter=0.3358 eV, E_QEq=-0.351112 eV
2026-08-26 06:08:44.509 INFO:   QEq charges per element: Z=7: mean=-0.0759, std=0.0864, min=-0.1690, max=0.0017 | Z=15: mean=-0.2687, std=0.5760, min=-0.6759, max=0.1386 | Z=16: mean=-0.4964, std=nan, min=-0.4964, max=-0.4964 | Z=17: mean=-0.3060, std=nan, min=-0.3060, max=-0.3060 | Z=33: mean=-0.6976, std=nan, min=-0.6976, max=-0.6976 | Z=35: mean=0.0750, std=0.2931, min=-0.3049, max=0.3961 | Z=52: mean=0.2558, std=nan, min=0.2558, max=0.2558 | Z=53: mean=0.0740, std=0.2927, min=-0.3155, max=0.3561 | Z=55: mean=-0.0762, std=0.3989, min=-0.4286, max=0.4664 | Z=82: mean=-0.1324, std=0.4221, min=-0.5202, max=0.4166
2026-08-26 06:08:44.510 INFO:   Top-10 param grad norms:
2026-08-26 06:08:44.510 INFO:     products.0.symmetric_contractions.weight: 0.026987
2026-08-26 06:08:44.511 INFO:     interactions.1.linear.weight: 0.021815
2026-08-26 06:08:44.511 INFO:     interactions.0.linear.weight: 0.019485
2026-08-26 06:08:44.511 INFO:     products.1.symmetric_contractions.weight: 0.018139
2026-08-26 06:08:44.511 INFO:     products.0.linear.weight: 0.016372
2026-08-26 06:08:44.511 INFO:     products.1.linear.weight: 0.013855
2026-08-26 06:08:44.511 INFO:     chi_readouts.0.linear.weight: 0.011374
2026-08-26 06:08:44.511 INFO:     charge_embedding.weight: 0.011232
2026-08-26 06:08:44.511 INFO:     interactions.0.conv_tp_weights.layer0.weight: 0.007089
2026-08-26 06:08:44.511 INFO:     chi_readouts.1.linear_1.weight: 0.006646
2026-08-26 06:08:44.511 INFO:   All parameters have nonzero gradients ✓
2026-08-26 06:08:44.511 INFO:   Total grad norm (before clip): 0.0551
2026-08-26 06:08:44.511 INFO: --- End gradient diagnostics ---
2026-08-26 06:20:10.983 INFO:   Epoch energy decomposition (mean/atom): E_inter=0.3404 eV, E_QEq=-0.340084 eV
2026-08-26 06:21:05.550 INFO: Epoch 49: head: Default, loss=0.00312480, RMSE_E_per_atom=    3.99 meV, RMSE_F=   22.15 meV / A
2026-08-26 06:21:05.682 INFO: --- Gradient diagnostics (epoch 50, batch 0) ---
2026-08-26 06:21:05.683 INFO:   forces: pred_rms=0.3119 eV/Å, ref_rms=0.3158 eV/Å, err_rms=0.0316 eV/Å
2026-08-26 06:21:05.683 INFO:   energy/atom: pred_mean=-2.9853 eV, ref_mean=-2.9807 eV, err_mean=0.0056 eV
2026-08-26 06:21:05.683 INFO:   energy decomposition (mean/atom): E_inter=0.3927 eV, E_QEq=-0.368709 eV
2026-08-26 06:21:05.686 INFO:   QEq charges per element: Z=8: mean=-0.0556, std=nan, min=-0.0556, max=-0.0556 | Z=9: mean=0.5647, std=nan, min=0.5647, max=0.5647 | Z=16: mean=-0.3209, std=nan, min=-0.3209, max=-0.3209 | Z=33: mean=-0.1958, std=0.4116, min=-0.4868, max=0.0953 | Z=35: mean=0.1138, std=0.2897, min=-0.3480, max=0.3834 | Z=52: mean=-0.2796, std=0.4257, min=-0.6544, max=0.1832 | Z=53: mean=0.1554, std=0.2660, min=-0.3519, max=0.4472 | Z=55: mean=-0.1362, std=0.3596, min=-0.4324, max=0.4673 | Z=82: mean=-0.2297, std=0.4051, min=-0.5843, max=0.4498
2026-08-26 06:21:05.687 INFO:   Top-10 param grad norms:
2026-08-26 06:21:05.687 INFO:     interactions.0.conv_tp_weights.layer0.weight: 0.883742
2026-08-26 06:21:05.687 INFO:     interactions.0.conv_tp_weights.layer1.weight: 0.334510
2026-08-26 06:21:05.687 INFO:     products.0.symmetric_contractions.weight: 0.246090
2026-08-26 06:21:05.687 INFO:     interactions.0.conv_tp_weights.layer2.weight: 0.232545
2026-08-26 06:21:05.687 INFO:     interactions.0.linear.weight: 0.228251
2026-08-26 06:21:05.688 INFO:     charge_embedding.weight: 0.209182
2026-08-26 06:21:05.688 INFO:     interactions.0.linear_up.weight: 0.135896
2026-08-26 06:21:05.688 INFO:     interactions.1.linear.weight: 0.131873
2026-08-26 06:21:05.688 INFO:     interactions.0.conv_tp_weights.layer3.weight: 0.129675
2026-08-26 06:21:05.688 INFO:     products.0.linear.weight: 0.124411
2026-08-26 06:21:05.688 INFO:   All parameters have nonzero gradients ✓
2026-08-26 06:21:05.688 INFO:   Total grad norm (before clip): 1.1016
2026-08-26 06:21:05.688 INFO: --- End gradient diagnostics ---
2026-08-26 06:32:48.790 INFO:   Epoch energy decomposition (mean/atom): E_inter=0.3407 eV, E_QEq=-0.340398 eV
2026-08-26 06:33:43.213 INFO: Epoch 50: head: Default, loss=0.00249383, RMSE_E_per_atom=    3.86 meV, RMSE_F=   19.75 meV / A
2026-08-26 06:33:43.400 INFO: --- Gradient diagnostics (epoch 51, batch 0) ---
2026-08-26 06:33:43.401 INFO:   forces: pred_rms=0.0816 eV/Å, ref_rms=0.0763 eV/Å, err_rms=0.0189 eV/Å
2026-08-26 06:33:43.401 INFO:   energy/atom: pred_mean=-3.0391 eV, ref_mean=-3.0413 eV, err_mean=0.0032 eV
2026-08-26 06:33:43.401 INFO:   energy decomposition (mean/atom): E_inter=0.3150 eV, E_QEq=-0.314013 eV
2026-08-26 06:33:43.404 INFO:   QEq charges per element: Z=7: mean=0.2326, std=nan, min=0.2326, max=0.2326 | Z=15: mean=-0.1407, std=nan, min=-0.1407, max=-0.1407 | Z=33: mean=-0.3711, std=0.3330, min=-0.6491, max=-0.0021 | Z=34: mean=-0.0704, std=nan, min=-0.0704, max=-0.0704 | Z=35: mean=-0.0263, std=0.2886, min=-0.3196, max=0.3597 | Z=52: mean=-0.2679, std=0.0487, min=-0.3023, max=-0.2334 | Z=53: mean=-0.0851, std=0.2698, min=-0.3053, max=0.3647 | Z=55: mean=0.0928, std=0.3908, min=-0.4257, max=0.4812 | Z=82: mean=0.0125, std=0.4131, min=-0.5416, max=0.4093
2026-08-26 06:33:43.405 INFO:   Top-10 param grad norms:
2026-08-26 06:33:43.405 INFO:     interactions.0.conv_tp_weights.layer0.weight: 0.203985
2026-08-26 06:33:43.405 INFO:     interactions.0.conv_tp_weights.layer1.weight: 0.076597
2026-08-26 06:33:43.405 INFO:     products.0.symmetric_contractions.weight: 0.060207
2026-08-26 06:33:43.405 INFO:     interactions.0.conv_tp_weights.layer2.weight: 0.049117
2026-08-26 06:33:43.405 INFO:     products.1.symmetric_contractions.weight: 0.049061
2026-08-26 06:33:43.406 INFO:     interactions.1.linear.weight: 0.048216
2026-08-26 06:33:43.406 INFO:     interactions.0.linear.weight: 0.047814
2026-08-26 06:33:43.406 INFO:     products.0.linear.weight: 0.036891
2026-08-26 06:33:43.406 INFO:     interactions.0.conv_tp_weights.layer3.weight: 0.026615
2026-08-26 06:33:43.406 INFO:     products.1.linear.weight: 0.025202
2026-08-26 06:33:43.406 INFO:   All parameters have nonzero gradients ✓
2026-08-26 06:33:43.406 INFO:   Total grad norm (before clip): 0.2553
2026-08-26 06:33:43.406 INFO: --- End gradient diagnostics ---
2026-08-26 06:47:52.292 INFO:   Epoch energy decomposition (mean/atom): E_inter=0.3448 eV, E_QEq=-0.344507 eV
2026-08-26 06:49:40.385 INFO: Epoch 51: head: Default, loss=0.00314221, RMSE_E_per_atom=    4.01 meV, RMSE_F=   22.21 meV / A
2026-08-26 06:49:40.564 INFO: --- Gradient diagnostics (epoch 52, batch 0) ---
2026-08-26 06:49:40.565 INFO:   forces: pred_rms=0.0554 eV/Å, ref_rms=0.0510 eV/Å, err_rms=0.0168 eV/Å
2026-08-26 06:49:40.565 INFO:   energy/atom: pred_mean=-3.0650 eV, ref_mean=-3.0632 eV, err_mean=0.0036 eV
2026-08-26 06:49:40.565 INFO:   energy decomposition (mean/atom): E_inter=0.3277 eV, E_QEq=-0.349105 eV
2026-08-26 06:49:40.569 INFO:   QEq charges per element: Z=7: mean=0.2379, std=nan, min=0.2379, max=0.2379 | Z=8: mean=-0.0789, std=nan, min=-0.0789, max=-0.0789 | Z=15: mean=0.0876, std=nan, min=0.0876, max=0.0876 | Z=16: mean=0.5343, std=nan, min=0.5343, max=0.5343 | Z=33: mean=0.0444, std=nan, min=0.0444, max=0.0444 | Z=34: mean=-0.4790, std=nan, min=-0.4790, max=-0.4790 | Z=35: mean=0.1343, std=0.2712, min=-0.3977, max=0.3963 | Z=52: mean=-0.3581, std=nan, min=-0.3581, max=-0.3581 | Z=53: mean=0.1133, std=0.2791, min=-0.2909, max=0.3313 | Z=55: mean=-0.1425, std=0.3911, min=-0.4274, max=0.4847 | Z=82: mean=-0.2377, std=0.3836, min=-0.5415, max=0.3961
2026-08-26 06:49:40.570 INFO:   Top-10 param grad norms:
2026-08-26 06:49:40.570 INFO:     interactions.0.conv_tp_weights.layer0.weight: 0.082470
2026-08-26 06:49:40.570 INFO:     products.0.symmetric_contractions.weight: 0.047250
2026-08-26 06:49:40.571 INFO:     interactions.0.conv_tp_weights.layer1.weight: 0.036279
2026-08-26 06:49:40.571 INFO:     interactions.1.linear.weight: 0.036011
2026-08-26 06:49:40.571 INFO:     interactions.0.linear.weight: 0.034576
2026-08-26 06:49:40.571 INFO:     products.1.symmetric_contractions.weight: 0.032331
2026-08-26 06:49:40.571 INFO:     products.0.linear.weight: 0.024144
2026-08-26 06:49:40.571 INFO:     interactions.0.conv_tp_weights.layer2.weight: 0.022569
2026-08-26 06:49:40.571 INFO:     products.1.linear.weight: 0.018468
2026-08-26 06:49:40.571 INFO:     charge_embedding.weight: 0.016052
2026-08-26 06:49:40.571 INFO:   All parameters have nonzero gradients ✓
2026-08-26 06:49:40.571 INFO:   Total grad norm (before clip): 0.1306
2026-08-26 06:49:40.571 INFO: --- End gradient diagnostics ---
2026-08-26 07:02:53.649 INFO:   Epoch energy decomposition (mean/atom): E_inter=0.3428 eV, E_QEq=-0.342511 eV
2026-08-26 07:03:52.423 INFO: Epoch 52: head: Default, loss=0.00269014, RMSE_E_per_atom=    3.85 meV, RMSE_F=   20.53 meV / A
2026-08-26 07:03:52.571 INFO: --- Gradient diagnostics (epoch 53, batch 0) ---
2026-08-26 07:03:52.572 INFO:   forces: pred_rms=0.5038 eV/Å, ref_rms=0.5079 eV/Å, err_rms=0.0399 eV/Å
2026-08-26 07:03:52.572 INFO:   energy/atom: pred_mean=-2.8561 eV, ref_mean=-2.8549 eV, err_mean=0.0040 eV
2026-08-26 07:03:52.572 INFO:   energy decomposition (mean/atom): E_inter=0.4300 eV, E_QEq=-0.361091 eV
2026-08-26 07:03:52.575 INFO:   QEq charges per element: Z=7: mean=-0.2270, std=nan, min=-0.2270, max=-0.2270 | Z=15: mean=-0.6323, std=nan, min=-0.6323, max=-0.6323 | Z=16: mean=-0.0765, std=0.0842, min=-0.1360, max=-0.0170 | Z=17: mean=-0.2677, std=nan, min=-0.2677, max=-0.2677 | Z=34: mean=-0.4926, std=nan, min=-0.4926, max=-0.4926 | Z=35: mean=0.1548, std=0.2663, min=-0.4436, max=0.4875 | Z=52: mean=-0.4404, std=nan, min=-0.4404, max=-0.4404 | Z=53: mean=0.1063, std=0.2858, min=-0.3919, max=0.3618 | Z=55: mean=-0.1495, std=0.3606, min=-0.4307, max=0.4628 | Z=82: mean=-0.2151, std=0.3990, min=-0.5770, max=0.5472
2026-08-26 07:03:52.576 INFO:   Top-10 param grad norms:
2026-08-26 07:03:52.577 INFO:     interactions.0.conv_tp_weights.layer0.weight: 0.527676
2026-08-26 07:03:52.577 INFO:     products.0.symmetric_contractions.weight: 0.333029
2026-08-26 07:03:52.577 INFO:     interactions.0.conv_tp_weights.layer1.weight: 0.184945
2026-08-26 07:03:52.577 INFO:     interactions.0.linear.weight: 0.165247
2026-08-26 07:03:52.577 INFO:     charge_embedding.weight: 0.143850
2026-08-26 07:03:52.577 INFO:     products.1.symmetric_contractions.weight: 0.130359
2026-08-26 07:03:52.577 INFO:     interactions.1.linear.weight: 0.118242
2026-08-26 07:03:52.577 INFO:     interactions.0.conv_tp_weights.layer2.weight: 0.102845
2026-08-26 07:03:52.577 INFO:     interactions.0.linear_up.weight: 0.090495
2026-08-26 07:03:52.577 INFO:     products.0.linear.weight: 0.081650
2026-08-26 07:03:52.577 INFO:   All parameters have nonzero gradients ✓
2026-08-26 07:03:52.577 INFO:   Total grad norm (before clip): 0.7376
2026-08-26 07:03:52.577 INFO: --- End gradient diagnostics ---
2026-08-26 07:15:40.804 INFO:   Epoch energy decomposition (mean/atom): E_inter=0.3428 eV, E_QEq=-0.342520 eV
2026-08-26 07:16:32.837 INFO: Epoch 53: head: Default, loss=0.00249230, RMSE_E_per_atom=    3.86 meV, RMSE_F=   19.74 meV / A
2026-08-26 07:16:33.011 INFO: --- Gradient diagnostics (epoch 54, batch 0) ---
2026-08-26 07:16:33.011 INFO:   forces: pred_rms=0.2418 eV/Å, ref_rms=0.2377 eV/Å, err_rms=0.0256 eV/Å
2026-08-26 07:16:33.011 INFO:   energy/atom: pred_mean=-2.8817 eV, ref_mean=-2.8838 eV, err_mean=0.0032 eV
2026-08-26 07:16:33.012 INFO:   energy decomposition (mean/atom): E_inter=0.3471 eV, E_QEq=-0.335825 eV
2026-08-26 07:16:33.014 INFO:   QEq charges per element: Z=7: mean=-0.2702, std=nan, min=-0.2702, max=-0.2702 | Z=9: mean=0.3947, std=0.1163, min=0.3125, max=0.4769 | Z=17: mean=0.3223, std=nan, min=0.3223, max=0.3223 | Z=33: mean=-0.3247, std=0.1726, min=-0.4467, max=-0.2027 | Z=35: mean=0.2955, std=0.0529, min=-0.2377, max=0.3563 | Z=53: mean=0.0539, std=0.2851, min=-0.3423, max=0.3947 | Z=55: mean=-0.1517, std=0.3784, min=-0.4707, max=0.4289 | Z=82: mean=-0.2373, std=0.3838, min=-0.5684, max=0.3943
2026-08-26 07:16:33.015 INFO:   Top-10 param grad norms:
2026-08-26 07:16:33.015 INFO:     products.0.symmetric_contractions.weight: 1.375403
2026-08-26 07:16:33.016 INFO:     interactions.0.conv_tp_weights.layer0.weight: 0.855179
2026-08-26 07:16:33.016 INFO:     charge_embedding.weight: 0.615649
2026-08-26 07:16:33.016 INFO:     interactions.0.linear.weight: 0.520232
2026-08-26 07:16:33.016 INFO:     interactions.0.conv_tp_weights.layer1.weight: 0.483480
2026-08-26 07:16:33.016 INFO:     interactions.0.conv_tp_weights.layer2.weight: 0.444307
2026-08-26 07:16:33.016 INFO:     products.0.linear.weight: 0.347114
2026-08-26 07:16:33.016 INFO:     interactions.0.linear_up.weight: 0.334783
2026-08-26 07:16:33.016 INFO:     interactions.0.conv_tp_weights.layer3.weight: 0.294369
2026-08-26 07:16:33.016 INFO:     interactions.1.linear.weight: 0.262729
2026-08-26 07:16:33.016 INFO:   All parameters have nonzero gradients ✓
2026-08-26 07:16:33.016 INFO:   Total grad norm (before clip): 2.0705
2026-08-26 07:16:33.016 INFO: --- End gradient diagnostics ---
2026-08-26 07:28:10.463 INFO:   Epoch energy decomposition (mean/atom): E_inter=0.3427 eV, E_QEq=-0.342379 eV
2026-08-26 07:29:02.596 INFO: Epoch 54: head: Default, loss=0.00333460, RMSE_E_per_atom=    4.20 meV, RMSE_F=   22.87 meV / A
2026-08-26 07:29:02.741 INFO: --- Gradient diagnostics (epoch 55, batch 0) ---
2026-08-26 07:29:02.741 INFO:   forces: pred_rms=0.0654 eV/Å, ref_rms=0.0587 eV/Å, err_rms=0.0211 eV/Å
2026-08-26 07:29:02.742 INFO:   energy/atom: pred_mean=-2.9857 eV, ref_mean=-2.9874 eV, err_mean=0.0048 eV
2026-08-26 07:29:02.742 INFO:   energy decomposition (mean/atom): E_inter=0.3258 eV, E_QEq=-0.351524 eV
2026-08-26 07:29:02.745 INFO:   QEq charges per element: Z=15: mean=-0.0549, std=nan, min=-0.0549, max=-0.0549 | Z=16: mean=-0.3272, std=0.1476, min=-0.4941, max=-0.2138 | Z=17: mean=0.3931, std=nan, min=0.3931, max=0.3931 | Z=33: mean=-0.5410, std=nan, min=-0.5410, max=-0.5410 | Z=34: mean=-0.4728, std=nan, min=-0.4728, max=-0.4728 | Z=35: mean=0.0773, std=0.2854, min=-0.3679, max=0.3674 | Z=53: mean=0.0803, std=0.2857, min=-0.2990, max=0.3452 | Z=55: mean=-0.0768, std=0.3862, min=-0.4558, max=0.4262 | Z=82: mean=-0.1482, std=0.4125, min=-0.5600, max=0.4054
2026-08-26 07:29:02.746 INFO:   Top-10 param grad norms:
2026-08-26 07:29:02.746 INFO:     interactions.0.conv_tp_weights.layer0.weight: 0.252867
2026-08-26 07:29:02.747 INFO:     products.1.symmetric_contractions.weight: 0.120709
2026-08-26 07:29:02.747 INFO:     interactions.1.linear.weight: 0.102898
2026-08-26 07:29:02.747 INFO:     products.0.symmetric_contractions.weight: 0.099936
2026-08-26 07:29:02.747 INFO:     interactions.0.conv_tp_weights.layer1.weight: 0.078403
2026-08-26 07:29:02.747 INFO:     interactions.0.linear.weight: 0.073081
2026-08-26 07:29:02.747 INFO:     products.0.linear.weight: 0.064690
2026-08-26 07:29:02.747 INFO:     products.1.linear.weight: 0.055731
2026-08-26 07:29:02.747 INFO:     interactions.0.conv_tp_weights.layer2.weight: 0.044057
2026-08-26 07:29:02.747 INFO:     charge_embedding.weight: 0.043061
2026-08-26 07:29:02.747 INFO:   All parameters have nonzero gradients ✓
2026-08-26 07:29:02.747 INFO:   Total grad norm (before clip): 0.3579
2026-08-26 07:29:02.747 INFO: --- End gradient diagnostics ---
2026-08-26 07:40:47.044 INFO:   Epoch energy decomposition (mean/atom): E_inter=0.3443 eV, E_QEq=-0.343952 eV
2026-08-26 07:41:40.112 INFO: Epoch 55: head: Default, loss=0.00239162, RMSE_E_per_atom=    3.80 meV, RMSE_F=   19.34 meV / A
2026-08-26 07:41:40.288 INFO: --- Gradient diagnostics (epoch 56, batch 0) ---
2026-08-26 07:41:40.288 INFO:   forces: pred_rms=0.1181 eV/Å, ref_rms=0.1156 eV/Å, err_rms=0.0183 eV/Å
2026-08-26 07:41:40.289 INFO:   energy/atom: pred_mean=-3.0038 eV, ref_mean=-3.0038 eV, err_mean=0.0022 eV
2026-08-26 07:41:40.289 INFO:   energy decomposition (mean/atom): E_inter=0.3437 eV, E_QEq=-0.343259 eV
2026-08-26 07:41:40.291 INFO:   QEq charges per element: Z=7: mean=-0.1776, std=0.5972, min=-0.5999, max=0.2447 | Z=16: mean=-0.0931, std=nan, min=-0.0931, max=-0.0931 | Z=33: mean=-0.2252, std=0.6040, min=-0.6523, max=0.2019 | Z=34: mean=-0.5926, std=0.0951, min=-0.6598, max=-0.5254 | Z=35: mean=0.1137, std=0.2850, min=-0.3697, max=0.3826 | Z=52: mean=-0.3948, std=nan, min=-0.3948, max=-0.3948 | Z=53: mean=-0.2759, std=0.0496, min=-0.3348, max=0.3037 | Z=55: mean=0.0911, std=0.3783, min=-0.3959, max=0.4938 | Z=82: mean=0.0328, std=0.4284, min=-0.5271, max=0.4515
2026-08-26 07:41:40.293 INFO:   Top-10 param grad norms:
2026-08-26 07:41:40.293 INFO:     interactions.0.conv_tp_weights.layer0.weight: 0.104455
2026-08-26 07:41:40.293 INFO:     products.0.symmetric_contractions.weight: 0.045235
2026-08-26 07:41:40.293 INFO:     interactions.0.linear.weight: 0.044656
2026-08-26 07:41:40.293 INFO:     interactions.0.conv_tp_weights.layer1.weight: 0.043898
2026-08-26 07:41:40.293 INFO:     interactions.1.linear.weight: 0.039021
2026-08-26 07:41:40.293 INFO:     products.1.symmetric_contractions.weight: 0.033435
2026-08-26 07:41:40.293 INFO:     interactions.0.conv_tp_weights.layer2.weight: 0.031431
2026-08-26 07:41:40.293 INFO:     products.0.linear.weight: 0.028595
2026-08-26 07:41:40.293 INFO:     charge_embedding.weight: 0.019460
2026-08-26 07:41:40.293 INFO:     interactions.0.conv_tp_weights.layer3.weight: 0.019216
2026-08-26 07:41:40.294 INFO:   All parameters have nonzero gradients ✓
2026-08-26 07:41:40.294 INFO:   Total grad norm (before clip): 0.1533
2026-08-26 07:41:40.294 INFO: --- End gradient diagnostics ---
2026-08-26 07:53:20.064 INFO:   Epoch energy decomposition (mean/atom): E_inter=0.3485 eV, E_QEq=-0.348146 eV
2026-08-26 07:54:12.674 INFO: Epoch 56: head: Default, loss=0.00238311, RMSE_E_per_atom=    3.84 meV, RMSE_F=   19.30 meV / A
2026-08-26 07:54:12.845 INFO: --- Gradient diagnostics (epoch 57, batch 0) ---
2026-08-26 07:54:12.845 INFO:   forces: pred_rms=0.3429 eV/Å, ref_rms=0.3380 eV/Å, err_rms=0.0315 eV/Å
2026-08-26 07:54:12.846 INFO:   energy/atom: pred_mean=-2.9307 eV, ref_mean=-2.9288 eV, err_mean=0.0034 eV
2026-08-26 07:54:12.846 INFO:   energy decomposition (mean/atom): E_inter=0.3666 eV, E_QEq=-0.326936 eV
2026-08-26 07:54:12.849 INFO:   QEq charges per element: Z=8: mean=-0.1920, std=0.3941, min=-0.4707, max=0.0867 | Z=15: mean=0.0978, std=nan, min=0.0978, max=0.0978 | Z=16: mean=-0.2751, std=nan, min=-0.2751, max=-0.2751 | Z=33: mean=-0.3274, std=0.4914, min=-0.6748, max=0.0201 | Z=34: mean=-0.4538, std=nan, min=-0.4538, max=-0.4538 | Z=35: mean=0.0725, std=0.2848, min=-0.3398, max=0.3747 | Z=52: mean=-0.5241, std=nan, min=-0.5241, max=-0.5241 | Z=53: mean=-0.0386, std=0.2786, min=-0.3903, max=0.3556 | Z=55: mean=0.0023, std=0.3992, min=-0.4456, max=0.4593 | Z=82: mean=-0.0654, std=0.4106, min=-0.5480, max=0.4002
2026-08-26 07:54:12.850 INFO:   Top-10 param grad norms:
2026-08-26 07:54:12.850 INFO:     interactions.0.conv_tp_weights.layer0.weight: 0.362977
2026-08-26 07:54:12.850 INFO:     products.0.symmetric_contractions.weight: 0.115585
2026-08-26 07:54:12.850 INFO:     interactions.0.conv_tp_weights.layer1.weight: 0.112973
2026-08-26 07:54:12.850 INFO:     interactions.1.linear.weight: 0.093043
2026-08-26 07:54:12.851 INFO:     interactions.0.linear.weight: 0.091683
2026-08-26 07:54:12.851 INFO:     products.1.symmetric_contractions.weight: 0.078319
2026-08-26 07:54:12.851 INFO:     charge_embedding.weight: 0.066844
2026-08-26 07:54:12.851 INFO:     interactions.1.conv_tp_weights.layer0.weight: 0.064422
2026-08-26 07:54:12.851 INFO:     interactions.0.conv_tp_weights.layer2.weight: 0.060322
2026-08-26 07:54:12.851 INFO:     products.0.linear.weight: 0.059967
2026-08-26 07:54:12.851 INFO:   All parameters have nonzero gradients ✓
2026-08-26 07:54:12.851 INFO:   Total grad norm (before clip): 0.4534
2026-08-26 07:54:12.851 INFO: --- End gradient diagnostics ---
2026-08-26 08:06:19.221 INFO:   Epoch energy decomposition (mean/atom): E_inter=0.3469 eV, E_QEq=-0.346602 eV
2026-08-26 08:07:18.788 INFO: Epoch 57: head: Default, loss=0.00242576, RMSE_E_per_atom=    3.82 meV, RMSE_F=   19.48 meV / A
2026-08-26 08:07:18.933 INFO: --- Gradient diagnostics (epoch 58, batch 0) ---
2026-08-26 08:07:18.933 INFO:   forces: pred_rms=0.1383 eV/Å, ref_rms=0.1344 eV/Å, err_rms=0.0204 eV/Å
2026-08-26 08:07:18.934 INFO:   energy/atom: pred_mean=-2.9648 eV, ref_mean=-2.9670 eV, err_mean=0.0030 eV
2026-08-26 08:07:18.934 INFO:   energy decomposition (mean/atom): E_inter=0.3333 eV, E_QEq=-0.336391 eV
2026-08-26 08:07:18.936 INFO:   QEq charges per element: Z=8: mean=-0.5175, std=nan, min=-0.5175, max=-0.5175 | Z=15: mean=-0.6157, std=nan, min=-0.6157, max=-0.6157 | Z=33: mean=-0.0857, std=0.1626, min=-0.2730, max=0.0202 | Z=34: mean=-0.4343, std=0.1022, min=-0.5066, max=-0.3621 | Z=35: mean=-0.0444, std=0.2879, min=-0.4257, max=0.3656 | Z=53: mean=0.0653, std=0.2824, min=-0.3027, max=0.3472 | Z=55: mean=0.0067, std=0.3986, min=-0.4307, max=0.4895 | Z=82: mean=-0.0510, std=0.4108, min=-0.5124, max=0.4153
2026-08-26 08:07:18.938 INFO:   Top-10 param grad norms:
2026-08-26 08:07:18.938 INFO:     products.0.symmetric_contractions.weight: 0.052222
2026-08-26 08:07:18.938 INFO:     interactions.1.linear.weight: 0.044351
2026-08-26 08:07:18.938 INFO:     interactions.0.linear.weight: 0.039301
2026-08-26 08:07:18.938 INFO:     products.1.symmetric_contractions.weight: 0.037947
2026-08-26 08:07:18.938 INFO:     interactions.0.conv_tp_weights.layer0.weight: 0.030546
2026-08-26 08:07:18.938 INFO:     charge_embedding.weight: 0.025966
2026-08-26 08:07:18.939 INFO:     products.0.linear.weight: 0.024784
2026-08-26 08:07:18.939 INFO:     products.1.linear.weight: 0.022156
2026-08-26 08:07:18.939 INFO:     interactions.0.conv_tp_weights.layer3.weight: 0.015776
2026-08-26 08:07:18.939 INFO:     interactions.0.skip_tp.weight: 0.015336
2026-08-26 08:07:18.939 INFO:   All parameters have nonzero gradients ✓
2026-08-26 08:07:18.939 INFO:   Total grad norm (before clip): 0.1117
2026-08-26 08:07:18.939 INFO: --- End gradient diagnostics ---
2026-08-26 08:19:18.994 INFO:   Epoch energy decomposition (mean/atom): E_inter=0.3488 eV, E_QEq=-0.348438 eV
2026-08-26 08:20:12.019 INFO: Epoch 58: head: Default, loss=0.00229427, RMSE_E_per_atom=    3.76 meV, RMSE_F=   18.94 meV / A
2026-08-26 08:20:12.192 INFO: --- Gradient diagnostics (epoch 59, batch 0) ---
2026-08-26 08:20:12.192 INFO:   forces: pred_rms=0.1196 eV/Å, ref_rms=0.1193 eV/Å, err_rms=0.0190 eV/Å
2026-08-26 08:20:12.192 INFO:   energy/atom: pred_mean=-2.8890 eV, ref_mean=-2.8886 eV, err_mean=0.0029 eV
2026-08-26 08:20:12.193 INFO:   energy decomposition (mean/atom): E_inter=0.3240 eV, E_QEq=-0.334215 eV
2026-08-26 08:20:12.195 INFO:   QEq charges per element: Z=8: mean=-0.0770, std=nan, min=-0.0770, max=-0.0770 | Z=33: mean=-0.4188, std=nan, min=-0.4188, max=-0.4188 | Z=34: mean=-0.4139, std=0.1252, min=-0.5024, max=-0.3254 | Z=35: mean=-0.2824, std=0.0342, min=-0.3592, max=-0.0496 | Z=52: mean=-0.3332, std=0.1596, min=-0.4460, max=-0.2203 | Z=53: mean=0.1334, std=0.2616, min=-0.3739, max=0.3489 | Z=55: mean=0.0130, std=0.4085, min=-0.4265, max=0.4652 | Z=82: mean=-0.0594, std=0.4127, min=-0.5147, max=0.4040
2026-08-26 08:20:12.196 INFO:   Top-10 param grad norms:
2026-08-26 08:20:12.196 INFO:     products.0.symmetric_contractions.weight: 0.052876
2026-08-26 08:20:12.197 INFO:     interactions.1.linear.weight: 0.043659
2026-08-26 08:20:12.197 INFO:     products.1.symmetric_contractions.weight: 0.039737
2026-08-26 08:20:12.197 INFO:     interactions.0.linear.weight: 0.035941
2026-08-26 08:20:12.197 INFO:     products.0.linear.weight: 0.029919
2026-08-26 08:20:12.197 INFO:     interactions.0.conv_tp_weights.layer0.weight: 0.024103
2026-08-26 08:20:12.197 INFO:     products.1.linear.weight: 0.022431
2026-08-26 08:20:12.197 INFO:     charge_embedding.weight: 0.021752
2026-08-26 08:20:12.197 INFO:     interactions.0.linear_up.weight: 0.013304
2026-08-26 08:20:12.197 INFO:     interactions.0.conv_tp_weights.layer3.weight: 0.012819
2026-08-26 08:20:12.197 INFO:   All parameters have nonzero gradients ✓
2026-08-26 08:20:12.197 INFO:   Total grad norm (before clip): 0.1058
2026-08-26 08:20:12.197 INFO: --- End gradient diagnostics ---
2026-08-26 08:31:57.173 INFO:   Epoch energy decomposition (mean/atom): E_inter=0.3502 eV, E_QEq=-0.349905 eV
2026-08-26 08:32:51.134 INFO: Epoch 59: head: Default, loss=0.00225344, RMSE_E_per_atom=    3.76 meV, RMSE_F=   18.76 meV / A
2026-08-26 08:32:51.312 INFO: --- Gradient diagnostics (epoch 60, batch 0) ---
2026-08-26 08:32:51.313 INFO:   forces: pred_rms=0.1909 eV/Å, ref_rms=0.1906 eV/Å, err_rms=0.0238 eV/Å
2026-08-26 08:32:51.313 INFO:   energy/atom: pred_mean=-3.0293 eV, ref_mean=-3.0261 eV, err_mean=0.0038 eV
2026-08-26 08:32:51.314 INFO:   energy decomposition (mean/atom): E_inter=0.3624 eV, E_QEq=-0.349545 eV
2026-08-26 08:32:51.317 INFO:   QEq charges per element: Z=7: mean=0.1747, std=0.1821, min=0.0460, max=0.3035 | Z=15: mean=-0.3227, std=nan, min=-0.3227, max=-0.3227 | Z=16: mean=-0.2447, std=nan, min=-0.2447, max=-0.2447 | Z=17: mean=0.1835, std=nan, min=0.1835, max=0.1835 | Z=33: mean=-0.4600, std=0.2376, min=-0.6280, max=-0.2920 | Z=34: mean=-0.4713, std=nan, min=-0.4713, max=-0.4713 | Z=35: mean=0.0547, std=0.2940, min=-0.4677, max=0.3567 | Z=52: mean=0.1917, std=nan, min=0.1917, max=0.1917 | Z=53: mean=-0.0810, std=0.2669, min=-0.3623, max=0.3276 | Z=55: mean=0.0059, std=0.3824, min=-0.4125, max=0.4261 | Z=82: mean=-0.0605, std=0.4094, min=-0.5265, max=0.3988
2026-08-26 08:32:51.319 INFO:   Top-10 param grad norms:
2026-08-26 08:32:51.319 INFO:     interactions.0.conv_tp_weights.layer0.weight: 0.150672
2026-08-26 08:32:51.319 INFO:     products.0.symmetric_contractions.weight: 0.090063
2026-08-26 08:32:51.319 INFO:     interactions.1.linear.weight: 0.069307
2026-08-26 08:32:51.319 INFO:     interactions.0.linear.weight: 0.067755
2026-08-26 08:32:51.319 INFO:     interactions.0.conv_tp_weights.layer1.weight: 0.058380
2026-08-26 08:32:51.319 INFO:     products.1.symmetric_contractions.weight: 0.057121
2026-08-26 08:32:51.319 INFO:     products.0.linear.weight: 0.051819
2026-08-26 08:32:51.319 INFO:     interactions.0.conv_tp_weights.layer2.weight: 0.038425
2026-08-26 08:32:51.319 INFO:     interactions.0.conv_tp_weights.layer3.weight: 0.034829
2026-08-26 08:32:51.319 INFO:     charge_embedding.weight: 0.030370
2026-08-26 08:32:51.320 INFO:   All parameters have nonzero gradients ✓
2026-08-26 08:32:51.320 INFO:   Total grad norm (before clip): 0.2392
2026-08-26 08:32:51.320 INFO: --- End gradient diagnostics ---
2026-08-26 08:44:41.629 INFO:   Epoch energy decomposition (mean/atom): E_inter=0.3523 eV, E_QEq=-0.351928 eV
2026-08-26 08:45:34.080 INFO: Epoch 60: head: Default, loss=0.00230301, RMSE_E_per_atom=    3.74 meV, RMSE_F=   18.97 meV / A
2026-08-26 08:45:34.213 INFO: --- Gradient diagnostics (epoch 61, batch 0) ---
2026-08-26 08:45:34.213 INFO:   forces: pred_rms=0.1470 eV/Å, ref_rms=0.1449 eV/Å, err_rms=0.0158 eV/Å
2026-08-26 08:45:34.214 INFO:   energy/atom: pred_mean=-3.0211 eV, ref_mean=-3.0250 eV, err_mean=0.0042 eV
2026-08-26 08:45:34.214 INFO:   energy decomposition (mean/atom): E_inter=0.3523 eV, E_QEq=-0.331631 eV
2026-08-26 08:45:34.216 INFO:   QEq charges per element: Z=7: mean=0.2783, std=nan, min=0.2783, max=0.2783 | Z=15: mean=-0.5036, std=nan, min=-0.5036, max=-0.5036 | Z=33: mean=-0.1179, std=0.3453, min=-0.6357, max=0.0658 | Z=34: mean=-0.4574, std=nan, min=-0.4574, max=-0.4574 | Z=35: mean=-0.1184, std=0.2671, min=-0.4155, max=0.3297 | Z=52: mean=0.0605, std=nan, min=0.0605, max=0.0605 | Z=53: mean=-0.0721, std=0.2874, min=-0.3017, max=0.3646 | Z=55: mean=0.1672, std=0.3580, min=-0.4073, max=0.4835 | Z=82: mean=0.1039, std=0.3975, min=-0.5462, max=0.4306
2026-08-26 08:45:34.218 INFO:   Top-10 param grad norms:
2026-08-26 08:45:34.218 INFO:     interactions.0.conv_tp_weights.layer0.weight: 0.067282
2026-08-26 08:45:34.218 INFO:     products.0.symmetric_contractions.weight: 0.055212
2026-08-26 08:45:34.218 INFO:     interactions.0.linear.weight: 0.040996
2026-08-26 08:45:34.218 INFO:     interactions.1.linear.weight: 0.032775
2026-08-26 08:45:34.218 INFO:     interactions.0.conv_tp_weights.layer1.weight: 0.032573
2026-08-26 08:45:34.218 INFO:     products.0.linear.weight: 0.032380
2026-08-26 08:45:34.218 INFO:     products.1.symmetric_contractions.weight: 0.027880
2026-08-26 08:45:34.218 INFO:     interactions.0.conv_tp_weights.layer2.weight: 0.021670
2026-08-26 08:45:34.219 INFO:     interactions.0.conv_tp_weights.layer3.weight: 0.021665
2026-08-26 08:45:34.219 INFO:     chi_readouts.0.linear.weight: 0.021353
2026-08-26 08:45:34.219 INFO:   All parameters have nonzero gradients ✓
2026-08-26 08:45:34.219 INFO:   Total grad norm (before clip): 0.1307
2026-08-26 08:45:34.219 INFO: --- End gradient diagnostics ---
2026-08-26 08:57:13.801 INFO:   Epoch energy decomposition (mean/atom): E_inter=0.3517 eV, E_QEq=-0.351386 eV
2026-08-26 08:58:08.165 INFO: Epoch 61: head: Default, loss=0.00386860, RMSE_E_per_atom=    3.91 meV, RMSE_F=   24.70 meV / A
2026-08-26 08:58:08.306 INFO: --- Gradient diagnostics (epoch 62, batch 0) ---
2026-08-26 08:58:08.307 INFO:   forces: pred_rms=0.1831 eV/Å, ref_rms=0.1842 eV/Å, err_rms=0.0273 eV/Å
2026-08-26 08:58:08.307 INFO:   energy/atom: pred_mean=-2.9377 eV, ref_mean=-2.9396 eV, err_mean=0.0041 eV
2026-08-26 08:58:08.307 INFO:   energy decomposition (mean/atom): E_inter=0.3414 eV, E_QEq=-0.342105 eV
2026-08-26 08:58:08.310 INFO:   QEq charges per element: Z=7: mean=-0.6505, std=nan, min=-0.6505, max=-0.6505 | Z=8: mean=-0.4720, std=0.5059, min=-0.8297, max=-0.1143 | Z=15: mean=-0.3568, std=nan, min=-0.3568, max=-0.3568 | Z=17: mean=0.3614, std=nan, min=0.3614, max=0.3614 | Z=33: mean=-0.3041, std=nan, min=-0.3041, max=-0.3041 | Z=34: mean=-0.8053, std=nan, min=-0.8053, max=-0.8053 | Z=35: mean=0.1614, std=0.2539, min=-0.3241, max=0.3866 | Z=53: mean=0.0111, std=0.2895, min=-0.3549, max=0.3401 | Z=55: mean=-0.0715, std=0.4136, min=-0.4315, max=0.5009 | Z=82: mean=-0.1345, std=0.4168, min=-0.5518, max=0.4814
2026-08-26 08:58:08.312 INFO:   Top-10 param grad norms:
2026-08-26 08:58:08.312 INFO:     interactions.0.conv_tp_weights.layer0.weight: 0.431424
2026-08-26 08:58:08.312 INFO:     interactions.0.conv_tp_weights.layer1.weight: 0.153887
2026-08-26 08:58:08.312 INFO:     products.0.symmetric_contractions.weight: 0.128481
2026-08-26 08:58:08.312 INFO:     interactions.0.linear.weight: 0.119900
2026-08-26 08:58:08.312 INFO:     products.1.symmetric_contractions.weight: 0.111759
2026-08-26 08:58:08.312 INFO:     interactions.1.linear.weight: 0.106490
2026-08-26 08:58:08.312 INFO:     interactions.0.conv_tp_weights.layer2.weight: 0.096700
2026-08-26 08:58:08.312 INFO:     charge_embedding.weight: 0.079616
2026-08-26 08:58:08.312 INFO:     products.0.linear.weight: 0.069919
2026-08-26 08:58:08.312 INFO:     interactions.0.linear_up.weight: 0.051821
2026-08-26 08:58:08.313 INFO:   All parameters have nonzero gradients ✓
2026-08-26 08:58:08.313 INFO:   Total grad norm (before clip): 0.5473
2026-08-26 08:58:08.313 INFO: --- End gradient diagnostics ---
2026-08-26 09:10:47.990 INFO:   Epoch energy decomposition (mean/atom): E_inter=0.3521 eV, E_QEq=-0.351796 eV
2026-08-26 09:11:46.794 INFO: Epoch 62: head: Default, loss=0.00230658, RMSE_E_per_atom=    3.78 meV, RMSE_F=   18.99 meV / A
2026-08-26 09:11:46.942 INFO: --- Gradient diagnostics (epoch 63, batch 0) ---
2026-08-26 09:11:46.943 INFO:   forces: pred_rms=0.0946 eV/Å, ref_rms=0.0895 eV/Å, err_rms=0.0187 eV/Å
2026-08-26 09:11:46.943 INFO:   energy/atom: pred_mean=-2.9511 eV, ref_mean=-2.9506 eV, err_mean=0.0048 eV
2026-08-26 09:11:46.943 INFO:   energy decomposition (mean/atom): E_inter=0.3357 eV, E_QEq=-0.352942 eV
2026-08-26 09:11:46.946 INFO:   QEq charges per element: Z=9: mean=0.3175, std=nan, min=0.3175, max=0.3175 | Z=15: mean=-0.2653, std=0.4525, min=-0.5852, max=0.0547 | Z=16: mean=-0.3169, std=nan, min=-0.3169, max=-0.3169 | Z=17: mean=-0.4315, std=nan, min=-0.4315, max=-0.4315 | Z=35: mean=0.0120, std=0.2869, min=-0.2989, max=0.3403 | Z=53: mean=0.1172, std=0.2677, min=-0.2838, max=0.3843 | Z=55: mean=-0.0661, std=0.3910, min=-0.4335, max=0.4628 | Z=82: mean=-0.1469, std=0.3824, min=-0.4988, max=0.3605
2026-08-26 09:11:46.947 INFO:   Top-10 param grad norms:
2026-08-26 09:11:46.947 INFO:     products.0.symmetric_contractions.weight: 0.042314
2026-08-26 09:11:46.948 INFO:     interactions.1.linear.weight: 0.037067
2026-08-26 09:11:46.948 INFO:     interactions.0.linear.weight: 0.035629
2026-08-26 09:11:46.948 INFO:     products.1.symmetric_contractions.weight: 0.032957
2026-08-26 09:11:46.948 INFO:     products.0.linear.weight: 0.027000
2026-08-26 09:11:46.948 INFO:     charge_embedding.weight: 0.020953
2026-08-26 09:11:46.948 INFO:     products.1.linear.weight: 0.017487
2026-08-26 09:11:46.948 INFO:     interactions.0.conv_tp_weights.layer0.weight: 0.017265
2026-08-26 09:11:46.948 INFO:     chi_readouts.0.linear.weight: 0.013793
2026-08-26 09:11:46.948 INFO:     interactions.0.skip_tp.weight: 0.013227
2026-08-26 09:11:46.948 INFO:   All parameters have nonzero gradients ✓
2026-08-26 09:11:46.948 INFO:   Total grad norm (before clip): 0.0919
2026-08-26 09:11:46.948 INFO: --- End gradient diagnostics ---
2026-08-26 09:24:01.698 INFO:   Epoch energy decomposition (mean/atom): E_inter=0.3534 eV, E_QEq=-0.353111 eV
2026-08-26 09:24:55.467 INFO: Epoch 63: head: Default, loss=0.00224014, RMSE_E_per_atom=    3.71 meV, RMSE_F=   18.71 meV / A
2026-08-26 09:24:55.638 INFO: --- Gradient diagnostics (epoch 64, batch 0) ---
2026-08-26 09:24:55.638 INFO:   forces: pred_rms=0.0705 eV/Å, ref_rms=0.0644 eV/Å, err_rms=0.0174 eV/Å
2026-08-26 09:24:55.639 INFO:   energy/atom: pred_mean=-2.9102 eV, ref_mean=-2.9102 eV, err_mean=0.0030 eV
2026-08-26 09:24:55.639 INFO:   energy decomposition (mean/atom): E_inter=0.3363 eV, E_QEq=-0.347524 eV
2026-08-26 09:24:55.641 INFO:   QEq charges per element: Z=15: mean=0.1470, std=nan, min=0.1470, max=0.1470 | Z=16: mean=-0.2240, std=0.1930, min=-0.3605, max=-0.0876 | Z=17: mean=-0.3113, std=nan, min=-0.3113, max=-0.3113 | Z=33: mean=-0.7901, std=nan, min=-0.7901, max=-0.7901 | Z=34: mean=-0.0292, std=nan, min=-0.0292, max=-0.0292 | Z=35: mean=0.1036, std=0.2687, min=-0.2838, max=0.3087 | Z=53: mean=0.0522, std=0.2886, min=-0.3571, max=0.3413 | Z=55: mean=-0.0790, std=0.3910, min=-0.4256, max=0.4676 | Z=82: mean=-0.1394, std=0.4030, min=-0.5304, max=0.4073
2026-08-26 09:24:55.643 INFO:   Top-10 param grad norms:
2026-08-26 09:24:55.643 INFO:     interactions.1.linear.weight: 0.032941
2026-08-26 09:24:55.643 INFO:     interactions.0.conv_tp_weights.layer0.weight: 0.031272
2026-08-26 09:24:55.643 INFO:     products.0.symmetric_contractions.weight: 0.029404
2026-08-26 09:24:55.643 INFO:     products.1.symmetric_contractions.weight: 0.026864
2026-08-26 09:24:55.643 INFO:     interactions.0.linear.weight: 0.025704
2026-08-26 09:24:55.643 INFO:     products.0.linear.weight: 0.018059
2026-08-26 09:24:55.643 INFO:     products.1.linear.weight: 0.014691
2026-08-26 09:24:55.643 INFO:     interactions.0.conv_tp_weights.layer1.weight: 0.014415
2026-08-26 09:24:55.644 INFO:     charge_embedding.weight: 0.014336
2026-08-26 09:24:55.644 INFO:     interactions.0.conv_tp_weights.layer2.weight: 0.009617
2026-08-26 09:24:55.644 INFO:   All parameters have nonzero gradients ✓
2026-08-26 09:24:55.644 INFO:   Total grad norm (before clip): 0.0762
2026-08-26 09:24:55.644 INFO: --- End gradient diagnostics ---
2026-08-26 09:36:26.756 INFO:   Epoch energy decomposition (mean/atom): E_inter=0.3533 eV, E_QEq=-0.352976 eV
2026-08-26 09:37:19.193 INFO: Epoch 64: head: Default, loss=0.00223652, RMSE_E_per_atom=    3.70 meV, RMSE_F=   18.70 meV / A
2026-08-26 09:37:19.364 INFO: --- Gradient diagnostics (epoch 65, batch 0) ---
2026-08-26 09:37:19.364 INFO:   forces: pred_rms=0.1326 eV/Å, ref_rms=0.1329 eV/Å, err_rms=0.0201 eV/Å
2026-08-26 09:37:19.365 INFO:   energy/atom: pred_mean=-2.9756 eV, ref_mean=-2.9766 eV, err_mean=0.0030 eV
2026-08-26 09:37:19.365 INFO:   energy decomposition (mean/atom): E_inter=0.3327 eV, E_QEq=-0.343516 eV
2026-08-26 09:37:19.368 INFO:   QEq charges per element: Z=7: mean=-0.3199, std=nan, min=-0.3199, max=-0.3199 | Z=9: mean=0.4975, std=nan, min=0.4975, max=0.4975 | Z=15: mean=-0.6993, std=nan, min=-0.6993, max=-0.6993 | Z=17: mean=-0.0981, std=0.1401, min=-0.1971, max=0.0010 | Z=34: mean=-0.1354, std=nan, min=-0.1354, max=-0.1354 | Z=35: mean=-0.0382, std=0.2829, min=-0.3471, max=0.3566 | Z=52: mean=-0.3334, std=0.0182, min=-0.3463, max=-0.3205 | Z=53: mean=0.0781, std=0.2747, min=-0.2890, max=0.3705 | Z=55: mean=0.0232, std=0.4078, min=-0.4163, max=0.4870 | Z=82: mean=-0.0745, std=0.3962, min=-0.5795, max=0.3613
2026-08-26 09:37:19.369 INFO:   Top-10 param grad norms:
2026-08-26 09:37:19.369 INFO:     interactions.0.conv_tp_weights.layer0.weight: 0.112003
2026-08-26 09:37:19.369 INFO:     products.0.symmetric_contractions.weight: 0.061147
2026-08-26 09:37:19.369 INFO:     interactions.0.linear.weight: 0.053960
2026-08-26 09:37:19.370 INFO:     interactions.1.linear.weight: 0.047191
2026-08-26 09:37:19.370 INFO:     interactions.0.conv_tp_weights.layer1.weight: 0.045906
2026-08-26 09:37:19.370 INFO:     products.1.symmetric_contractions.weight: 0.039377
2026-08-26 09:37:19.370 INFO:     products.0.linear.weight: 0.034293
2026-08-26 09:37:19.370 INFO:     interactions.0.conv_tp_weights.layer2.weight: 0.029411
2026-08-26 09:37:19.370 INFO:     charge_embedding.weight: 0.025726
2026-08-26 09:37:19.370 INFO:     products.1.linear.weight: 0.023963
2026-08-26 09:37:19.370 INFO:   All parameters have nonzero gradients ✓
2026-08-26 09:37:19.370 INFO:   Total grad norm (before clip): 0.1751
2026-08-26 09:37:19.370 INFO: --- End gradient diagnostics ---
2026-08-26 09:48:57.941 INFO:   Epoch energy decomposition (mean/atom): E_inter=0.3561 eV, E_QEq=-0.355760 eV
2026-08-26 09:49:50.088 INFO: Epoch 65: head: Default, loss=0.00223948, RMSE_E_per_atom=    3.65 meV, RMSE_F=   18.72 meV / A
2026-08-26 09:49:50.223 INFO: --- Gradient diagnostics (epoch 66, batch 0) ---
2026-08-26 09:49:50.223 INFO:   forces: pred_rms=0.0461 eV/Å, ref_rms=0.0430 eV/Å, err_rms=0.0135 eV/Å
2026-08-26 09:49:50.224 INFO:   energy/atom: pred_mean=-3.0061 eV, ref_mean=-3.0061 eV, err_mean=0.0033 eV
2026-08-26 09:49:50.224 INFO:   energy decomposition (mean/atom): E_inter=0.3281 eV, E_QEq=-0.335783 eV
2026-08-26 09:49:50.227 INFO:   QEq charges per element: Z=7: mean=-0.0636, std=nan, min=-0.0636, max=-0.0636 | Z=8: mean=0.1531, std=0.0025, min=0.1514, max=0.1549 | Z=15: mean=0.1105, std=nan, min=0.1105, max=0.1105 | Z=16: mean=-0.3654, std=nan, min=-0.3654, max=-0.3654 | Z=17: mean=-0.0633, std=0.3595, min=-0.3175, max=0.1909 | Z=33: mean=-0.4644, std=nan, min=-0.4644, max=-0.4644 | Z=34: mean=0.1534, std=nan, min=0.1534, max=0.1534 | Z=35: mean=-0.0833, std=0.2740, min=-0.3324, max=0.3589 | Z=53: mean=0.0038, std=0.2893, min=-0.3435, max=0.3266 | Z=55: mean=0.1110, std=0.3978, min=-0.4167, max=0.4607 | Z=82: mean=0.0070, std=0.3993, min=-0.5087, max=0.3832
2026-08-26 09:49:50.229 INFO:   Top-10 param grad norms:
2026-08-26 09:49:50.229 INFO:     interactions.0.conv_tp_weights.layer0.weight: 0.174139
2026-08-26 09:49:50.229 INFO:     interactions.0.conv_tp_weights.layer1.weight: 0.055154
2026-08-26 09:49:50.229 INFO:     products.0.symmetric_contractions.weight: 0.050765
2026-08-26 09:49:50.229 INFO:     interactions.0.linear.weight: 0.036212
2026-08-26 09:49:50.229 INFO:     interactions.1.linear.weight: 0.035728
2026-08-26 09:49:50.229 INFO:     interactions.0.conv_tp_weights.layer2.weight: 0.031991
2026-08-26 09:49:50.229 INFO:     products.1.symmetric_contractions.weight: 0.029640
2026-08-26 09:49:50.229 INFO:     products.0.linear.weight: 0.024208
2026-08-26 09:49:50.229 INFO:     interactions.0.conv_tp_weights.layer3.weight: 0.017984
2026-08-26 09:49:50.229 INFO:     products.1.linear.weight: 0.016452
2026-08-26 09:49:50.229 INFO:   All parameters have nonzero gradients ✓
2026-08-26 09:49:50.230 INFO:   Total grad norm (before clip): 0.2071
2026-08-26 09:49:50.230 INFO: --- End gradient diagnostics ---
2026-08-26 10:01:40.390 INFO:   Epoch energy decomposition (mean/atom): E_inter=0.3554 eV, E_QEq=-0.355034 eV
2026-08-26 10:02:31.791 INFO: Epoch 66: head: Default, loss=0.00216947, RMSE_E_per_atom=    3.65 meV, RMSE_F=   18.41 meV / A
2026-08-26 10:02:31.963 INFO: --- Gradient diagnostics (epoch 67, batch 0) ---
2026-08-26 10:02:31.964 INFO:   forces: pred_rms=0.1590 eV/Å, ref_rms=0.1552 eV/Å, err_rms=0.0205 eV/Å
2026-08-26 10:02:31.964 INFO:   energy/atom: pred_mean=-2.9751 eV, ref_mean=-2.9801 eV, err_mean=0.0054 eV
2026-08-26 10:02:31.964 INFO:   energy decomposition (mean/atom): E_inter=0.3379 eV, E_QEq=-0.336894 eV
2026-08-26 10:02:31.967 INFO:   QEq charges per element: Z=7: mean=-0.2565, std=nan, min=-0.2565, max=-0.2565 | Z=8: mean=-0.5213, std=nan, min=-0.5213, max=-0.5213 | Z=9: mean=-0.3862, std=0.0934, min=-0.4522, max=-0.3202 | Z=15: mean=-0.1241, std=0.2348, min=-0.2902, max=0.0419 | Z=16: mean=-0.3035, std=nan, min=-0.3035, max=-0.3035 | Z=33: mean=0.1846, std=nan, min=0.1846, max=0.1846 | Z=34: mean=-0.5167, std=nan, min=-0.5167, max=-0.5167 | Z=35: mean=-0.0463, std=0.2849, min=-0.3504, max=0.3564 | Z=53: mean=-0.0334, std=0.2817, min=-0.3745, max=0.3840 | Z=55: mean=0.1037, std=0.4018, min=-0.4044, max=0.4807 | Z=82: mean=0.0141, std=0.4003, min=-0.5057, max=0.4074
2026-08-26 10:02:31.969 INFO:   Top-10 param grad norms:
2026-08-26 10:02:31.969 INFO:     interactions.0.conv_tp_weights.layer0.weight: 0.158937
2026-08-26 10:02:31.969 INFO:     products.0.symmetric_contractions.weight: 0.105906
2026-08-26 10:02:31.969 INFO:     interactions.0.linear.weight: 0.072323
2026-08-26 10:02:31.969 INFO:     interactions.1.linear.weight: 0.064486
2026-08-26 10:02:31.969 INFO:     interactions.0.conv_tp_weights.layer1.weight: 0.061245
2026-08-26 10:02:31.969 INFO:     products.0.linear.weight: 0.058136
2026-08-26 10:02:31.969 INFO:     products.1.symmetric_contractions.weight: 0.057593
2026-08-26 10:02:31.969 INFO:     charge_embedding.weight: 0.057126
2026-08-26 10:02:31.969 INFO:     products.1.linear.weight: 0.044939
2026-08-26 10:02:31.969 INFO:     interactions.0.conv_tp_weights.layer2.weight: 0.040117
2026-08-26 10:02:31.969 INFO:   All parameters have nonzero gradients ✓
2026-08-26 10:02:31.970 INFO:   Total grad norm (before clip): 0.2653
2026-08-26 10:02:31.970 INFO: --- End gradient diagnostics ---
2026-08-26 10:14:19.336 INFO:   Epoch energy decomposition (mean/atom): E_inter=0.3582 eV, E_QEq=-0.357910 eV
2026-08-26 10:15:14.255 INFO: Epoch 67: head: Default, loss=0.00234222, RMSE_E_per_atom=    3.66 meV, RMSE_F=   19.15 meV / A
2026-08-26 10:15:14.386 INFO: --- Gradient diagnostics (epoch 68, batch 0) ---
2026-08-26 10:15:14.386 INFO:   forces: pred_rms=0.1477 eV/Å, ref_rms=0.1471 eV/Å, err_rms=0.0207 eV/Å
2026-08-26 10:15:14.387 INFO:   energy/atom: pred_mean=-2.9760 eV, ref_mean=-2.9740 eV, err_mean=0.0034 eV
2026-08-26 10:15:14.388 INFO:   energy decomposition (mean/atom): E_inter=0.3614 eV, E_QEq=-0.362456 eV
2026-08-26 10:15:14.390 INFO:   QEq charges per element: Z=7: mean=-0.0968, std=0.0769, min=-0.1856, max=-0.0522 | Z=15: mean=-0.0362, std=nan, min=-0.0362, max=-0.0362 | Z=17: mean=-0.3126, std=nan, min=-0.3126, max=-0.3126 | Z=34: mean=-0.3553, std=nan, min=-0.3553, max=-0.3553 | Z=35: mean=0.0633, std=0.2821, min=-0.3206, max=0.4141 | Z=53: mean=0.1775, std=0.2340, min=-0.3380, max=0.3308 | Z=55: mean=-0.1477, std=0.3552, min=-0.4367, max=0.4756 | Z=82: mean=-0.2202, std=0.3898, min=-0.5703, max=0.4454
2026-08-26 10:15:14.392 INFO:   Top-10 param grad norms:
2026-08-26 10:15:14.392 INFO:     interactions.0.conv_tp_weights.layer0.weight: 0.161704
2026-08-26 10:15:14.392 INFO:     products.1.symmetric_contractions.weight: 0.076593
2026-08-26 10:15:14.392 INFO:     interactions.0.conv_tp_weights.layer1.weight: 0.060831
2026-08-26 10:15:14.392 INFO:     products.0.symmetric_contractions.weight: 0.060800
2026-08-26 10:15:14.392 INFO:     interactions.1.linear.weight: 0.055419
2026-08-26 10:15:14.392 INFO:     interactions.0.linear.weight: 0.044889
2026-08-26 10:15:14.392 INFO:     interactions.0.conv_tp_weights.layer2.weight: 0.038009
2026-08-26 10:15:14.392 INFO:     products.0.linear.weight: 0.032617
2026-08-26 10:15:14.392 INFO:     charge_embedding.weight: 0.028660
2026-08-26 10:15:14.392 INFO:     products.1.linear.weight: 0.020607
2026-08-26 10:15:14.392 INFO:   All parameters have nonzero gradients ✓
2026-08-26 10:15:14.392 INFO:   Total grad norm (before clip): 0.2237
2026-08-26 10:15:14.393 INFO: --- End gradient diagnostics ---
2026-08-26 10:27:09.038 INFO:   Epoch energy decomposition (mean/atom): E_inter=0.3569 eV, E_QEq=-0.356595 eV
2026-08-26 10:28:02.008 INFO: Epoch 68: head: Default, loss=0.00218413, RMSE_E_per_atom=    3.68 meV, RMSE_F=   18.47 meV / A
2026-08-26 10:28:02.141 INFO: --- Gradient diagnostics (epoch 69, batch 0) ---
2026-08-26 10:28:02.142 INFO:   forces: pred_rms=0.3446 eV/Å, ref_rms=0.3471 eV/Å, err_rms=0.0289 eV/Å
2026-08-26 10:28:02.142 INFO:   energy/atom: pred_mean=-2.9939 eV, ref_mean=-2.9929 eV, err_mean=0.0031 eV
2026-08-26 10:28:02.142 INFO:   energy decomposition (mean/atom): E_inter=0.3926 eV, E_QEq=-0.376218 eV
2026-08-26 10:28:02.144 INFO:   QEq charges per element: Z=7: mean=-0.3178, std=0.3535, min=-0.6273, max=0.0544 | Z=15: mean=-0.6143, std=nan, min=-0.6143, max=-0.6143 | Z=34: mean=-0.4743, std=0.1064, min=-0.5495, max=-0.3990 | Z=35: mean=0.1080, std=0.2748, min=-0.3650, max=0.3894 | Z=52: mean=-0.4935, std=nan, min=-0.4935, max=-0.4935 | Z=53: mean=0.1640, std=0.2501, min=-0.3236, max=0.3819 | Z=55: mean=-0.1331, std=0.3721, min=-0.4153, max=0.4839 | Z=82: mean=-0.2025, std=0.3670, min=-0.5611, max=0.4233
2026-08-26 10:28:02.146 INFO:   Top-10 param grad norms:
2026-08-26 10:28:02.146 INFO:     interactions.0.conv_tp_weights.layer0.weight: 0.185847
2026-08-26 10:28:02.146 INFO:     products.0.symmetric_contractions.weight: 0.089618
2026-08-26 10:28:02.146 INFO:     interactions.1.linear.weight: 0.079069
2026-08-26 10:28:02.146 INFO:     products.1.symmetric_contractions.weight: 0.079003
2026-08-26 10:28:02.146 INFO:     interactions.0.linear.weight: 0.068046
2026-08-26 10:28:02.146 INFO:     interactions.0.conv_tp_weights.layer1.weight: 0.060752
2026-08-26 10:28:02.146 INFO:     products.0.linear.weight: 0.045504
2026-08-26 10:28:02.147 INFO:     products.1.linear.weight: 0.038616
2026-08-26 10:28:02.147 INFO:     interactions.0.conv_tp_weights.layer2.weight: 0.033813
2026-08-26 10:28:02.147 INFO:     charge_embedding.weight: 0.028375
2026-08-26 10:28:02.147 INFO:   All parameters have nonzero gradients ✓
2026-08-26 10:28:02.147 INFO:   Total grad norm (before clip): 0.2710
2026-08-26 10:28:02.147 INFO: --- End gradient diagnostics ---
2026-08-26 10:39:49.750 INFO:   Epoch energy decomposition (mean/atom): E_inter=0.3601 eV, E_QEq=-0.359738 eV
2026-08-26 10:40:46.312 INFO: Epoch 69: head: Default, loss=0.00218134, RMSE_E_per_atom=    3.65 meV, RMSE_F=   18.47 meV / A
2026-08-26 10:40:46.449 INFO: --- Gradient diagnostics (epoch 70, batch 0) ---
2026-08-26 10:40:46.449 INFO:   forces: pred_rms=0.1358 eV/Å, ref_rms=0.1375 eV/Å, err_rms=0.0190 eV/Å
2026-08-26 10:40:46.449 INFO:   energy/atom: pred_mean=-2.9386 eV, ref_mean=-2.9418 eV, err_mean=0.0042 eV
2026-08-26 10:40:46.450 INFO:   energy decomposition (mean/atom): E_inter=0.3497 eV, E_QEq=-0.349275 eV
2026-08-26 10:40:46.452 INFO:   QEq charges per element: Z=7: mean=0.1229, std=0.1553, min=0.0130, max=0.2327 | Z=8: mean=-0.0554, std=0.6610, min=-0.5228, max=0.4120 | Z=17: mean=-0.0054, std=nan, min=-0.0054, max=-0.0054 | Z=34: mean=0.3517, std=nan, min=0.3517, max=0.3517 | Z=35: mean=0.1536, std=0.2542, min=-0.3395, max=0.3671 | Z=52: mean=-0.1038, std=nan, min=-0.1038, max=-0.1038 | Z=53: mean=-0.0863, std=0.2798, min=-0.3224, max=0.3706 | Z=55: mean=0.0013, std=0.4037, min=-0.4414, max=0.4608 | Z=82: mean=-0.0650, std=0.4235, min=-0.5685, max=0.4214
2026-08-26 10:40:46.454 INFO:   Top-10 param grad norms:
2026-08-26 10:40:46.454 INFO:     interactions.0.conv_tp_weights.layer0.weight: 0.101668
2026-08-26 10:40:46.454 INFO:     products.0.symmetric_contractions.weight: 0.056417
2026-08-26 10:40:46.454 INFO:     interactions.1.linear.weight: 0.043604
2026-08-26 10:40:46.454 INFO:     interactions.0.linear.weight: 0.042546
2026-08-26 10:40:46.454 INFO:     products.1.symmetric_contractions.weight: 0.041731
2026-08-26 10:40:46.454 INFO:     products.0.linear.weight: 0.039485
2026-08-26 10:40:46.454 INFO:     interactions.0.conv_tp_weights.layer1.weight: 0.037392
2026-08-26 10:40:46.454 INFO:     charge_embedding.weight: 0.026707
2026-08-26 10:40:46.454 INFO:     chi_readouts.0.linear.weight: 0.026184
2026-08-26 10:40:46.454 INFO:     products.1.linear.weight: 0.024775
2026-08-26 10:40:46.454 INFO:   All parameters have nonzero gradients ✓
2026-08-26 10:40:46.455 INFO:   Total grad norm (before clip): 0.1643
2026-08-26 10:40:46.455 INFO: --- End gradient diagnostics ---
2026-08-26 10:52:27.530 INFO:   Epoch energy decomposition (mean/atom): E_inter=0.3589 eV, E_QEq=-0.358538 eV
2026-08-26 10:53:21.057 INFO: Epoch 70: head: Default, loss=0.00211294, RMSE_E_per_atom=    3.64 meV, RMSE_F=   18.17 meV / A
2026-08-26 10:53:21.230 INFO: --- Gradient diagnostics (epoch 71, batch 0) ---
2026-08-26 10:53:21.230 INFO:   forces: pred_rms=0.1085 eV/Å, ref_rms=0.1059 eV/Å, err_rms=0.0217 eV/Å
2026-08-26 10:53:21.231 INFO:   energy/atom: pred_mean=-2.9316 eV, ref_mean=-2.9368 eV, err_mean=0.0056 eV
2026-08-26 10:53:21.231 INFO:   energy decomposition (mean/atom): E_inter=0.3427 eV, E_QEq=-0.346676 eV
2026-08-26 10:53:21.234 INFO:   QEq charges per element: Z=7: mean=-0.4666, std=nan, min=-0.4666, max=-0.4666 | Z=8: mean=-0.1277, std=nan, min=-0.1277, max=-0.1277 | Z=15: mean=0.1218, std=nan, min=0.1218, max=0.1218 | Z=34: mean=-0.2579, std=nan, min=-0.2579, max=-0.2579 | Z=35: mean=0.0116, std=0.2865, min=-0.3496, max=0.3166 | Z=52: mean=-0.0262, std=0.2725, min=-0.2189, max=0.1665 | Z=53: mean=0.1041, std=0.2697, min=-0.3408, max=0.3633 | Z=55: mean=-0.0727, std=0.3994, min=-0.4281, max=0.4691 | Z=82: mean=-0.1527, std=0.3964, min=-0.5290, max=0.3879
2026-08-26 10:53:21.235 INFO:   Top-10 param grad norms:
2026-08-26 10:53:21.235 INFO:     interactions.0.conv_tp_weights.layer0.weight: 0.254980
2026-08-26 10:53:21.235 INFO:     products.0.symmetric_contractions.weight: 0.117573
2026-08-26 10:53:21.236 INFO:     interactions.0.conv_tp_weights.layer1.weight: 0.087179
2026-08-26 10:53:21.236 INFO:     interactions.0.linear.weight: 0.080319
2026-08-26 10:53:21.236 INFO:     interactions.1.linear.weight: 0.067320
2026-08-26 10:53:21.236 INFO:     products.0.linear.weight: 0.058604
2026-08-26 10:53:21.236 INFO:     interactions.0.conv_tp_weights.layer2.weight: 0.056255
2026-08-26 10:53:21.236 INFO:     products.1.symmetric_contractions.weight: 0.053368
2026-08-26 10:53:21.236 INFO:     interactions.0.conv_tp_weights.layer3.weight: 0.044664
2026-08-26 10:53:21.236 INFO:     charge_embedding.weight: 0.043526
2026-08-26 10:53:21.236 INFO:   All parameters have nonzero gradients ✓
2026-08-26 10:53:21.236 INFO:   Total grad norm (before clip): 0.3423
2026-08-26 10:53:21.236 INFO: --- End gradient diagnostics ---
2026-08-26 11:04:57.909 INFO:   Epoch energy decomposition (mean/atom): E_inter=0.3632 eV, E_QEq=-0.362901 eV
2026-08-26 11:05:49.461 INFO: Epoch 71: head: Default, loss=0.00225916, RMSE_E_per_atom=    3.63 meV, RMSE_F=   18.80 meV / A
2026-08-26 11:05:49.597 INFO: --- Gradient diagnostics (epoch 72, batch 0) ---
2026-08-26 11:05:49.598 INFO:   forces: pred_rms=0.1660 eV/Å, ref_rms=0.1621 eV/Å, err_rms=0.0168 eV/Å
2026-08-26 11:05:49.598 INFO:   energy/atom: pred_mean=-3.0279 eV, ref_mean=-3.0240 eV, err_mean=0.0039 eV
2026-08-26 11:05:49.598 INFO:   energy decomposition (mean/atom): E_inter=0.3594 eV, E_QEq=-0.360037 eV
2026-08-26 11:05:49.601 INFO:   QEq charges per element: Z=16: mean=0.0639, std=nan, min=0.0639, max=0.0639 | Z=17: mean=0.3291, std=nan, min=0.3291, max=0.3291 | Z=33: mean=-0.5285, std=nan, min=-0.5285, max=-0.5285 | Z=34: mean=-0.4949, std=nan, min=-0.4949, max=-0.4949 | Z=35: mean=-0.0336, std=0.2833, min=-0.4408, max=0.3665 | Z=52: mean=-0.0298, std=0.1462, min=-0.1332, max=0.0736 | Z=53: mean=0.1167, std=0.2669, min=-0.2726, max=0.3311 | Z=55: mean=0.0199, std=0.4144, min=-0.4169, max=0.4998 | Z=82: mean=-0.0567, std=0.3912, min=-0.5304, max=0.4121
2026-08-26 11:05:49.602 INFO:   Top-10 param grad norms:
2026-08-26 11:05:49.602 INFO:     interactions.0.conv_tp_weights.layer0.weight: 0.088495
2026-08-26 11:05:49.602 INFO:     products.0.symmetric_contractions.weight: 0.086034
2026-08-26 11:05:49.602 INFO:     interactions.0.linear.weight: 0.057966
2026-08-26 11:05:49.602 INFO:     interactions.1.linear.weight: 0.057738
2026-08-26 11:05:49.602 INFO:     products.0.linear.weight: 0.050595
2026-08-26 11:05:49.602 INFO:     products.1.symmetric_contractions.weight: 0.047684
2026-08-26 11:05:49.602 INFO:     interactions.0.conv_tp_weights.layer1.weight: 0.039254
2026-08-26 11:05:49.603 INFO:     charge_embedding.weight: 0.038067
2026-08-26 11:05:49.603 INFO:     products.1.linear.weight: 0.030786
2026-08-26 11:05:49.603 INFO:     interactions.0.conv_tp_weights.layer3.weight: 0.026961
2026-08-26 11:05:49.603 INFO:   All parameters have nonzero gradients ✓
2026-08-26 11:05:49.603 INFO:   Total grad norm (before clip): 0.1898
2026-08-26 11:05:49.603 INFO: --- End gradient diagnostics ---
2026-08-26 11:17:26.852 INFO:   Epoch energy decomposition (mean/atom): E_inter=0.3618 eV, E_QEq=-0.361507 eV
2026-08-26 11:18:18.948 INFO: Epoch 72: head: Default, loss=0.00252432, RMSE_E_per_atom=    3.70 meV, RMSE_F=   19.89 meV / A
2026-08-26 11:18:19.082 INFO: --- Gradient diagnostics (epoch 73, batch 0) ---
2026-08-26 11:18:19.083 INFO:   forces: pred_rms=0.1338 eV/Å, ref_rms=0.1309 eV/Å, err_rms=0.0194 eV/Å
2026-08-26 11:18:19.083 INFO:   energy/atom: pred_mean=-2.9696 eV, ref_mean=-2.9674 eV, err_mean=0.0040 eV
2026-08-26 11:18:19.083 INFO:   energy decomposition (mean/atom): E_inter=0.3439 eV, E_QEq=-0.341841 eV
2026-08-26 11:18:19.086 INFO:   QEq charges per element: Z=7: mean=0.2270, std=nan, min=0.2270, max=0.2270 | Z=8: mean=-0.3813, std=nan, min=-0.3813, max=-0.3813 | Z=9: mean=0.4700, std=nan, min=0.4700, max=0.4700 | Z=16: mean=-0.2500, std=nan, min=-0.2500, max=-0.2500 | Z=33: mean=-0.1952, std=0.4847, min=-0.5379, max=0.1475 | Z=34: mean=-0.1004, std=nan, min=-0.1004, max=-0.1004 | Z=35: mean=-0.0454, std=0.2900, min=-0.3468, max=0.3617 | Z=52: mean=-0.1874, std=nan, min=-0.1874, max=-0.1874 | Z=53: mean=-0.0455, std=0.2773, min=-0.3989, max=0.3107 | Z=55: mean=0.0987, std=0.3997, min=-0.4219, max=0.4889 | Z=82: mean=0.0093, std=0.3933, min=-0.5255, max=0.3877
2026-08-26 11:18:19.088 INFO:   Top-10 param grad norms:
2026-08-26 11:18:19.088 INFO:     interactions.0.conv_tp_weights.layer0.weight: 0.186894
2026-08-26 11:18:19.088 INFO:     interactions.0.conv_tp_weights.layer1.weight: 0.067975
2026-08-26 11:18:19.088 INFO:     products.0.symmetric_contractions.weight: 0.057317
2026-08-26 11:18:19.088 INFO:     interactions.0.linear.weight: 0.053745
2026-08-26 11:18:19.088 INFO:     interactions.1.linear.weight: 0.050113
2026-08-26 11:18:19.088 INFO:     interactions.0.conv_tp_weights.layer2.weight: 0.042668
2026-08-26 11:18:19.088 INFO:     products.0.linear.weight: 0.038020
2026-08-26 11:18:19.088 INFO:     products.1.symmetric_contractions.weight: 0.036846
2026-08-26 11:18:19.088 INFO:     products.1.linear.weight: 0.030393
2026-08-26 11:18:19.088 INFO:     interactions.0.conv_tp_weights.layer3.weight: 0.027778
2026-08-26 11:18:19.088 INFO:   All parameters have nonzero gradients ✓
2026-08-26 11:18:19.088 INFO:   Total grad norm (before clip): 0.2397
2026-08-26 11:18:19.089 INFO: --- End gradient diagnostics ---
2026-08-26 11:30:01.134 INFO:   Epoch energy decomposition (mean/atom): E_inter=0.3636 eV, E_QEq=-0.363253 eV
2026-08-26 11:30:55.157 INFO: Epoch 73: head: Default, loss=0.00222377, RMSE_E_per_atom=    3.64 meV, RMSE_F=   18.65 meV / A
2026-08-26 11:30:55.303 INFO: --- Gradient diagnostics (epoch 74, batch 0) ---
2026-08-26 11:30:55.303 INFO:   forces: pred_rms=0.0951 eV/Å, ref_rms=0.0936 eV/Å, err_rms=0.0196 eV/Å
2026-08-26 11:30:55.303 INFO:   energy/atom: pred_mean=-2.9705 eV, ref_mean=-2.9719 eV, err_mean=0.0034 eV
2026-08-26 11:30:55.304 INFO:   energy decomposition (mean/atom): E_inter=0.3129 eV, E_QEq=-0.307304 eV
2026-08-26 11:30:55.306 INFO:   QEq charges per element: Z=7: mean=-0.1117, std=0.5431, min=-0.7382, max=0.2245 | Z=8: mean=-0.9446, std=nan, min=-0.9446, max=-0.9446 | Z=16: mean=-0.5464, std=nan, min=-0.5464, max=-0.5464 | Z=17: mean=-0.2060, std=nan, min=-0.2060, max=-0.2060 | Z=33: mean=-0.3643, std=0.3666, min=-0.6235, max=-0.1050 | Z=35: mean=-0.0461, std=0.2782, min=-0.3291, max=0.3365 | Z=53: mean=-0.2695, std=0.0523, min=-0.4412, max=0.3182 | Z=55: mean=0.2538, std=0.3192, min=-0.4003, max=0.5308 | Z=82: mean=0.1640, std=0.3374, min=-0.5231, max=0.4759
2026-08-26 11:30:55.308 INFO:   Top-10 param grad norms:
2026-08-26 11:30:55.308 INFO:     products.1.symmetric_contractions.weight: 0.078858
2026-08-26 11:30:55.308 INFO:     interactions.1.linear.weight: 0.067790
2026-08-26 11:30:55.308 INFO:     products.0.symmetric_contractions.weight: 0.064786
2026-08-26 11:30:55.308 INFO:     interactions.0.linear.weight: 0.048506
2026-08-26 11:30:55.308 INFO:     charge_embedding.weight: 0.046934
2026-08-26 11:30:55.308 INFO:     products.0.linear.weight: 0.037489
2026-08-26 11:30:55.308 INFO:     products.1.linear.weight: 0.029826
2026-08-26 11:30:55.308 INFO:     interactions.0.linear_up.weight: 0.022341
2026-08-26 11:30:55.308 INFO:     interactions.0.conv_tp_weights.layer0.weight: 0.018483
2026-08-26 11:30:55.308 INFO:     interactions.0.conv_tp_weights.layer3.weight: 0.017893
2026-08-26 11:30:55.308 INFO:   All parameters have nonzero gradients ✓
2026-08-26 11:30:55.309 INFO:   Total grad norm (before clip): 0.1587
2026-08-26 11:30:55.309 INFO: --- End gradient diagnostics ---
2026-08-26 11:43:16.319 INFO:   Epoch energy decomposition (mean/atom): E_inter=0.3617 eV, E_QEq=-0.361402 eV
2026-08-26 11:44:15.464 INFO: Epoch 74: head: Default, loss=0.00210545, RMSE_E_per_atom=    3.63 meV, RMSE_F=   18.14 meV / A
2026-08-26 11:44:15.657 INFO: --- Gradient diagnostics (epoch 75, batch 0) ---
2026-08-26 11:44:15.657 INFO:   forces: pred_rms=0.1885 eV/Å, ref_rms=0.1839 eV/Å, err_rms=0.0233 eV/Å
2026-08-26 11:44:15.657 INFO:   energy/atom: pred_mean=-2.9871 eV, ref_mean=-2.9897 eV, err_mean=0.0042 eV
2026-08-26 11:44:15.658 INFO:   energy decomposition (mean/atom): E_inter=0.3744 eV, E_QEq=-0.355143 eV
2026-08-26 11:44:15.660 INFO:   QEq charges per element: Z=7: mean=-0.1555, std=0.6695, min=-0.6289, max=0.3179 | Z=15: mean=-0.1514, std=nan, min=-0.1514, max=-0.1514 | Z=16: mean=-0.4049, std=nan, min=-0.4049, max=-0.4049 | Z=33: mean=-0.2964, std=0.4060, min=-0.5835, max=-0.0093 | Z=34: mean=-0.1739, std=0.3112, min=-0.3939, max=0.0461 | Z=35: mean=0.0096, std=0.2844, min=-0.3742, max=0.3476 | Z=53: mean=0.1548, std=0.2528, min=-0.2964, max=0.3894 | Z=55: mean=-0.0783, std=0.3635, min=-0.4185, max=0.3907 | Z=82: mean=-0.1415, std=0.4060, min=-0.5669, max=0.3936
2026-08-26 11:44:15.662 INFO:   Top-10 param grad norms:
2026-08-26 11:44:15.662 INFO:     interactions.0.conv_tp_weights.layer0.weight: 0.155428
2026-08-26 11:44:15.662 INFO:     products.0.symmetric_contractions.weight: 0.084880
2026-08-26 11:44:15.662 INFO:     interactions.0.linear.weight: 0.074379
2026-08-26 11:44:15.662 INFO:     interactions.1.linear.weight: 0.067694
2026-08-26 11:44:15.662 INFO:     products.1.symmetric_contractions.weight: 0.058553
2026-08-26 11:44:15.662 INFO:     interactions.0.conv_tp_weights.layer1.weight: 0.049173
2026-08-26 11:44:15.662 INFO:     products.0.linear.weight: 0.048400
2026-08-26 11:44:15.662 INFO:     charge_embedding.weight: 0.037033
2026-08-26 11:44:15.662 INFO:     products.1.linear.weight: 0.032938
2026-08-26 11:44:15.662 INFO:     interactions.0.linear_up.weight: 0.028058
2026-08-26 11:44:15.663 INFO:   All parameters have nonzero gradients ✓
2026-08-26 11:44:15.663 INFO:   Total grad norm (before clip): 0.2377
2026-08-26 11:44:15.663 INFO: --- End gradient diagnostics ---
2026-08-26 11:57:12.306 INFO:   Epoch energy decomposition (mean/atom): E_inter=0.3625 eV, E_QEq=-0.362170 eV
2026-08-26 11:58:11.218 INFO: Epoch 75: head: Default, loss=0.00212830, RMSE_E_per_atom=    3.58 meV, RMSE_F=   18.24 meV / A
2026-08-26 11:58:11.368 INFO: --- Gradient diagnostics (epoch 76, batch 0) ---
2026-08-26 11:58:11.368 INFO:   forces: pred_rms=0.2892 eV/Å, ref_rms=0.2885 eV/Å, err_rms=0.0249 eV/Å
2026-08-26 11:58:11.368 INFO:   energy/atom: pred_mean=-2.9658 eV, ref_mean=-2.9653 eV, err_mean=0.0016 eV
2026-08-26 11:58:11.369 INFO:   energy decomposition (mean/atom): E_inter=0.3851 eV, E_QEq=-0.347070 eV
2026-08-26 11:58:11.372 INFO:   QEq charges per element: Z=7: mean=-0.2857, std=nan, min=-0.2857, max=-0.2857 | Z=8: mean=-0.1096, std=nan, min=-0.1096, max=-0.1096 | Z=9: mean=-0.2868, std=0.1168, min=-0.3694, max=-0.2042 | Z=15: mean=-0.6752, std=0.1356, min=-0.7711, max=-0.5793 | Z=33: mean=-0.0031, std=nan, min=-0.0031, max=-0.0031 | Z=35: mean=0.0084, std=0.2915, min=-0.4629, max=0.3943 | Z=52: mean=-0.2192, std=0.3939, min=-0.4977, max=0.0593 | Z=53: mean=-0.1309, std=0.2477, min=-0.3083, max=0.3355 | Z=55: mean=0.0987, std=0.3891, min=-0.4172, max=0.5301 | Z=82: mean=0.0198, std=0.3987, min=-0.5105, max=0.4311
2026-08-26 11:58:11.374 INFO:   Top-10 param grad norms:
2026-08-26 11:58:11.374 INFO:     interactions.0.conv_tp_weights.layer0.weight: 0.249767
2026-08-26 11:58:11.374 INFO:     products.0.symmetric_contractions.weight: 0.167821
2026-08-26 11:58:11.374 INFO:     interactions.0.linear.weight: 0.125153
2026-08-26 11:58:11.374 INFO:     interactions.1.linear.weight: 0.115613
2026-08-26 11:58:11.374 INFO:     products.1.symmetric_contractions.weight: 0.094542
2026-08-26 11:58:11.374 INFO:     interactions.0.conv_tp_weights.layer1.weight: 0.085678
2026-08-26 11:58:11.374 INFO:     products.0.linear.weight: 0.073969
2026-08-26 11:58:11.374 INFO:     charge_embedding.weight: 0.059129
2026-08-26 11:58:11.375 INFO:     interactions.0.conv_tp_weights.layer2.weight: 0.052261
2026-08-26 11:58:11.375 INFO:     products.1.linear.weight: 0.050058
2026-08-26 11:58:11.375 INFO:   All parameters have nonzero gradients ✓
2026-08-26 11:58:11.375 INFO:   Total grad norm (before clip): 0.3966
2026-08-26 11:58:11.375 INFO: --- End gradient diagnostics ---
2026-08-26 12:11:05.300 INFO:   Epoch energy decomposition (mean/atom): E_inter=0.3617 eV, E_QEq=-0.361415 eV
2026-08-26 12:12:02.585 INFO: Epoch 76: head: Default, loss=0.00205156, RMSE_E_per_atom=    3.61 meV, RMSE_F=   17.90 meV / A
2026-08-26 12:12:02.771 INFO: --- Gradient diagnostics (epoch 77, batch 0) ---
2026-08-26 12:12:02.772 INFO:   forces: pred_rms=0.1453 eV/Å, ref_rms=0.1447 eV/Å, err_rms=0.0180 eV/Å
2026-08-26 12:12:02.772 INFO:   energy/atom: pred_mean=-2.9665 eV, ref_mean=-2.9673 eV, err_mean=0.0013 eV
2026-08-26 12:12:02.772 INFO:   energy decomposition (mean/atom): E_inter=0.3365 eV, E_QEq=-0.339745 eV
2026-08-26 12:12:02.775 INFO:   QEq charges per element: Z=9: mean=-0.5585, std=nan, min=-0.5585, max=-0.5585 | Z=15: mean=-0.4952, std=0.0109, min=-0.5029, max=-0.4876 | Z=16: mean=-0.2715, std=nan, min=-0.2715, max=-0.2715 | Z=17: mean=-0.4122, std=nan, min=-0.4122, max=-0.4122 | Z=34: mean=-0.2785, std=0.3428, min=-0.5209, max=-0.0361 | Z=35: mean=0.0766, std=0.2831, min=-0.3031, max=0.3720 | Z=52: mean=-0.4180, std=0.2964, min=-0.6275, max=-0.2084 | Z=53: mean=-0.1464, std=0.2219, min=-0.3127, max=0.3612 | Z=55: mean=0.1078, std=0.3922, min=-0.4379, max=0.4863 | Z=82: mean=0.0141, std=0.3783, min=-0.5024, max=0.4425
2026-08-26 12:12:02.777 INFO:   Top-10 param grad norms:
2026-08-26 12:12:02.777 INFO:     interactions.0.conv_tp_weights.layer0.weight: 0.077454
2026-08-26 12:12:02.777 INFO:     interactions.1.linear.weight: 0.059146
2026-08-26 12:12:02.777 INFO:     products.1.symmetric_contractions.weight: 0.057494
2026-08-26 12:12:02.777 INFO:     products.0.symmetric_contractions.weight: 0.057340
2026-08-26 12:12:02.777 INFO:     interactions.0.linear.weight: 0.042715
2026-08-26 12:12:02.777 INFO:     products.0.linear.weight: 0.031442
2026-08-26 12:12:02.777 INFO:     interactions.0.conv_tp_weights.layer1.weight: 0.024691
2026-08-26 12:12:02.777 INFO:     products.1.linear.weight: 0.023785
2026-08-26 12:12:02.777 INFO:     charge_embedding.weight: 0.023541
2026-08-26 12:12:02.777 INFO:     interactions.0.conv_tp_weights.layer2.weight: 0.015568
2026-08-26 12:12:02.777 INFO:   All parameters have nonzero gradients ✓
2026-08-26 12:12:02.777 INFO:   Total grad norm (before clip): 0.1498
2026-08-26 12:12:02.778 INFO: --- End gradient diagnostics ---
2026-08-26 12:23:38.695 INFO:   Epoch energy decomposition (mean/atom): E_inter=0.3644 eV, E_QEq=-0.364023 eV
2026-08-26 12:24:30.579 INFO: Epoch 77: head: Default, loss=0.00207152, RMSE_E_per_atom=    3.60 meV, RMSE_F=   17.99 meV / A
2026-08-26 12:24:30.714 INFO: --- Gradient diagnostics (epoch 78, batch 0) ---
2026-08-26 12:24:30.715 INFO:   forces: pred_rms=0.0251 eV/Å, ref_rms=0.0209 eV/Å, err_rms=0.0125 eV/Å
2026-08-26 12:24:30.715 INFO:   energy/atom: pred_mean=-2.9170 eV, ref_mean=-2.9154 eV, err_mean=0.0032 eV
2026-08-26 12:24:30.715 INFO:   energy decomposition (mean/atom): E_inter=0.3396 eV, E_QEq=-0.356816 eV
2026-08-26 12:24:30.718 INFO:   QEq charges per element: Z=7: mean=-0.1165, std=nan, min=-0.1165, max=-0.1165 | Z=9: mean=0.0025, std=nan, min=0.0025, max=0.0025 | Z=15: mean=-0.3211, std=0.6496, min=-0.7805, max=0.1382 | Z=16: mean=-0.3814, std=nan, min=-0.3814, max=-0.3814 | Z=33: mean=-0.4172, std=nan, min=-0.4172, max=-0.4172 | Z=34: mean=-0.1609, std=nan, min=-0.1609, max=-0.1609 | Z=35: mean=0.1087, std=0.2656, min=-0.2951, max=0.3246 | Z=52: mean=-0.5484, std=nan, min=-0.5484, max=-0.5484 | Z=53: mean=0.1298, std=0.2521, min=-0.3295, max=0.3382 | Z=55: mean=-0.1513, std=0.3737, min=-0.4860, max=0.5004 | Z=82: mean=-0.2142, std=0.3616, min=-0.4955, max=0.3657
2026-08-26 12:24:30.719 INFO:   Top-10 param grad norms:
2026-08-26 12:24:30.720 INFO:     interactions.0.conv_tp_weights.layer0.weight: 0.073118
2026-08-26 12:24:30.720 INFO:     products.0.symmetric_contractions.weight: 0.034021
2026-08-26 12:24:30.720 INFO:     interactions.0.conv_tp_weights.layer1.weight: 0.029432
2026-08-26 12:24:30.720 INFO:     interactions.1.linear.weight: 0.027606
2026-08-26 12:24:30.720 INFO:     interactions.0.linear.weight: 0.027389
2026-08-26 12:24:30.720 INFO:     products.1.symmetric_contractions.weight: 0.022359
2026-08-26 12:24:30.720 INFO:     products.0.linear.weight: 0.020438
2026-08-26 12:24:30.720 INFO:     interactions.0.conv_tp_weights.layer2.weight: 0.019393
2026-08-26 12:24:30.720 INFO:     products.1.linear.weight: 0.018918
2026-08-26 12:24:30.720 INFO:     charge_embedding.weight: 0.012792
2026-08-26 12:24:30.720 INFO:   All parameters have nonzero gradients ✓
2026-08-26 12:24:30.720 INFO:   Total grad norm (before clip): 0.1077
2026-08-26 12:24:30.720 INFO: --- End gradient diagnostics ---
2026-08-26 12:36:26.809 INFO:   Epoch energy decomposition (mean/atom): E_inter=0.3644 eV, E_QEq=-0.364084 eV
2026-08-26 12:37:19.704 INFO: Epoch 78: head: Default, loss=0.00197230, RMSE_E_per_atom=    3.58 meV, RMSE_F=   17.55 meV / A
2026-08-26 12:37:19.881 INFO: --- Gradient diagnostics (epoch 79, batch 0) ---
2026-08-26 12:37:19.882 INFO:   forces: pred_rms=0.0919 eV/Å, ref_rms=0.0874 eV/Å, err_rms=0.0179 eV/Å
2026-08-26 12:37:19.882 INFO:   energy/atom: pred_mean=-3.0388 eV, ref_mean=-3.0379 eV, err_mean=0.0026 eV
2026-08-26 12:37:19.882 INFO:   energy decomposition (mean/atom): E_inter=0.3837 eV, E_QEq=-0.404520 eV
2026-08-26 12:37:19.885 INFO:   QEq charges per element: Z=7: mean=-0.1159, std=0.0973, min=-0.1847, max=-0.0471 | Z=15: mean=-0.3918, std=0.0493, min=-0.4297, max=-0.3361 | Z=33: mean=-0.3863, std=nan, min=-0.3863, max=-0.3863 | Z=34: mean=-0.5267, std=nan, min=-0.5267, max=-0.5267 | Z=35: mean=0.2060, std=0.2133, min=-0.3120, max=0.3819 | Z=52: mean=-0.3791, std=nan, min=-0.3791, max=-0.3791 | Z=53: mean=0.1658, std=0.2452, min=-0.2737, max=0.3485 | Z=55: mean=-0.2165, std=0.3104, min=-0.4145, max=0.4755 | Z=82: mean=-0.2982, std=0.3120, min=-0.5433, max=0.3495
2026-08-26 12:37:19.887 INFO:   Top-10 param grad norms:
2026-08-26 12:37:19.887 INFO:     products.0.symmetric_contractions.weight: 0.032699
2026-08-26 12:37:19.887 INFO:     interactions.1.linear.weight: 0.031606
2026-08-26 12:37:19.887 INFO:     products.1.symmetric_contractions.weight: 0.030242
2026-08-26 12:37:19.887 INFO:     interactions.0.linear.weight: 0.023326
2026-08-26 12:37:19.887 INFO:     products.1.linear.weight: 0.017642
2026-08-26 12:37:19.887 INFO:     products.0.linear.weight: 0.017310
2026-08-26 12:37:19.887 INFO:     interactions.0.conv_tp_weights.layer0.weight: 0.013443
2026-08-26 12:37:19.887 INFO:     chi_readouts.1.linear_2.weight: 0.012812
2026-08-26 12:37:19.887 INFO:     charge_embedding.weight: 0.010870
2026-08-26 12:37:19.887 INFO:     chi_readouts.0.linear.weight: 0.009940
2026-08-26 12:37:19.887 INFO:   All parameters have nonzero gradients ✓
2026-08-26 12:37:19.887 INFO:   Total grad norm (before clip): 0.0719
2026-08-26 12:37:19.888 INFO: --- End gradient diagnostics ---
2026-08-26 12:48:50.247 INFO:   Epoch energy decomposition (mean/atom): E_inter=0.3673 eV, E_QEq=-0.366972 eV
2026-08-26 12:49:42.251 INFO: Epoch 79: head: Default, loss=0.00202545, RMSE_E_per_atom=    3.57 meV, RMSE_F=   17.79 meV / A
2026-08-26 12:49:42.394 INFO: --- Gradient diagnostics (epoch 80, batch 0) ---
2026-08-26 12:49:42.395 INFO:   forces: pred_rms=0.3046 eV/Å, ref_rms=0.3051 eV/Å, err_rms=0.0284 eV/Å
2026-08-26 12:49:42.395 INFO:   energy/atom: pred_mean=-2.9022 eV, ref_mean=-2.9037 eV, err_mean=0.0029 eV
2026-08-26 12:49:42.395 INFO:   energy decomposition (mean/atom): E_inter=0.3924 eV, E_QEq=-0.355594 eV
2026-08-26 12:49:42.398 INFO:   QEq charges per element: Z=7: mean=-0.3024, std=0.3819, min=-0.6637, max=0.0973 | Z=8: mean=-0.3036, std=0.1495, min=-0.4093, max=-0.1979 | Z=15: mean=-0.2056, std=nan, min=-0.2056, max=-0.2056 | Z=17: mean=0.1828, std=0.2678, min=-0.0066, max=0.3722 | Z=35: mean=0.0102, std=0.2828, min=-0.3454, max=0.4021 | Z=53: mean=0.0158, std=0.2899, min=-0.3070, max=0.3545 | Z=55: mean=0.0168, std=0.4106, min=-0.4440, max=0.4872 | Z=82: mean=-0.0683, std=0.3965, min=-0.5690, max=0.3713
2026-08-26 12:49:42.399 INFO:   Top-10 param grad norms:
2026-08-26 12:49:42.399 INFO:     interactions.0.conv_tp_weights.layer0.weight: 0.284292
2026-08-26 12:49:42.399 INFO:     products.0.symmetric_contractions.weight: 0.135863
2026-08-26 12:49:42.399 INFO:     interactions.0.linear.weight: 0.096251
2026-08-26 12:49:42.399 INFO:     interactions.0.conv_tp_weights.layer1.weight: 0.093771
2026-08-26 12:49:42.399 INFO:     interactions.1.linear.weight: 0.091832
2026-08-26 12:49:42.399 INFO:     products.1.symmetric_contractions.weight: 0.087646
2026-08-26 12:49:42.400 INFO:     products.0.linear.weight: 0.064281
2026-08-26 12:49:42.400 INFO:     interactions.0.conv_tp_weights.layer2.weight: 0.059535
2026-08-26 12:49:42.400 INFO:     products.1.linear.weight: 0.043177
2026-08-26 12:49:42.400 INFO:     interactions.0.conv_tp_weights.layer3.weight: 0.035436
2026-08-26 12:49:42.400 INFO:   All parameters have nonzero gradients ✓
2026-08-26 12:49:42.400 INFO:   Total grad norm (before clip): 0.3867
2026-08-26 12:49:42.400 INFO: --- End gradient diagnostics ---
2026-08-26 13:01:07.200 INFO:   Epoch energy decomposition (mean/atom): E_inter=0.3687 eV, E_QEq=-0.368386 eV
2026-08-26 13:01:59.258 INFO: Epoch 80: head: Default, loss=0.00215446, RMSE_E_per_atom=    3.59 meV, RMSE_F=   18.36 meV / A
2026-08-26 13:01:59.391 INFO: --- Gradient diagnostics (epoch 81, batch 0) ---
2026-08-26 13:01:59.391 INFO:   forces: pred_rms=0.1102 eV/Å, ref_rms=0.1081 eV/Å, err_rms=0.0149 eV/Å
2026-08-26 13:01:59.392 INFO:   energy/atom: pred_mean=-2.9486 eV, ref_mean=-2.9474 eV, err_mean=0.0029 eV
2026-08-26 13:01:59.392 INFO:   energy decomposition (mean/atom): E_inter=0.3506 eV, E_QEq=-0.365088 eV
2026-08-26 13:01:59.395 INFO:   QEq charges per element: Z=7: mean=0.2156, std=nan, min=0.2156, max=0.2156 | Z=15: mean=0.1192, std=0.0339, min=0.0953, max=0.1432 | Z=16: mean=-0.0816, std=nan, min=-0.0816, max=-0.0816 | Z=17: mean=0.3232, std=nan, min=0.3232, max=0.3232 | Z=35: mean=0.1511, std=0.2443, min=-0.2820, max=0.3014 | Z=52: mean=0.1578, std=0.2180, min=0.0037, max=0.3119 | Z=53: mean=0.1065, std=0.2666, min=-0.3981, max=0.3298 | Z=55: mean=-0.1547, std=0.3623, min=-0.4085, max=0.4337 | Z=82: mean=-0.2321, std=0.3624, min=-0.5110, max=0.4113
2026-08-26 13:01:59.397 INFO:   Top-10 param grad norms:
2026-08-26 13:01:59.397 INFO:     interactions.0.conv_tp_weights.layer0.weight: 0.120476
2026-08-26 13:01:59.397 INFO:     interactions.0.conv_tp_weights.layer1.weight: 0.042482
2026-08-26 13:01:59.397 INFO:     products.0.symmetric_contractions.weight: 0.038990
2026-08-26 13:01:59.397 INFO:     interactions.0.linear.weight: 0.035158
2026-08-26 13:01:59.397 INFO:     interactions.1.linear.weight: 0.031833
2026-08-26 13:01:59.397 INFO:     products.1.symmetric_contractions.weight: 0.027075
2026-08-26 13:01:59.397 INFO:     interactions.0.conv_tp_weights.layer2.weight: 0.026384
2026-08-26 13:01:59.397 INFO:     products.0.linear.weight: 0.022533
2026-08-26 13:01:59.397 INFO:     products.1.linear.weight: 0.018006
2026-08-26 13:01:59.397 INFO:     interactions.0.conv_tp_weights.layer3.weight: 0.017907
2026-08-26 13:01:59.397 INFO:   All parameters have nonzero gradients ✓
2026-08-26 13:01:59.398 INFO:   Total grad norm (before clip): 0.1536
2026-08-26 13:01:59.398 INFO: --- End gradient diagnostics ---
2026-08-26 13:13:29.216 INFO:   Epoch energy decomposition (mean/atom): E_inter=0.3679 eV, E_QEq=-0.367526 eV
2026-08-26 13:14:24.341 INFO: Epoch 81: head: Default, loss=0.00201951, RMSE_E_per_atom=    3.53 meV, RMSE_F=   17.77 meV / A
2026-08-26 13:14:24.488 INFO: --- Gradient diagnostics (epoch 82, batch 0) ---
2026-08-26 13:14:24.488 INFO:   forces: pred_rms=0.1846 eV/Å, ref_rms=0.1827 eV/Å, err_rms=0.0233 eV/Å
2026-08-26 13:14:24.489 INFO:   energy/atom: pred_mean=-2.8561 eV, ref_mean=-2.8546 eV, err_mean=0.0033 eV
2026-08-26 13:14:24.489 INFO:   energy decomposition (mean/atom): E_inter=0.3615 eV, E_QEq=-0.352659 eV
2026-08-26 13:14:24.492 INFO:   QEq charges per element: Z=7: mean=-0.6462, std=nan, min=-0.6462, max=-0.6462 | Z=16: mean=-0.2641, std=nan, min=-0.2641, max=-0.2641 | Z=17: mean=-0.0806, std=nan, min=-0.0806, max=-0.0806 | Z=33: mean=-0.1592, std=0.3904, min=-0.5889, max=0.1735 | Z=35: mean=0.0130, std=0.2911, min=-0.3420, max=0.3693 | Z=52: mean=-0.3787, std=nan, min=-0.3787, max=-0.3787 | Z=53: mean=0.0881, std=0.2664, min=-0.3111, max=0.3797 | Z=55: mean=-0.0682, std=0.3919, min=-0.4151, max=0.4396 | Z=82: mean=-0.1466, std=0.3730, min=-0.5175, max=0.4037
2026-08-26 13:14:24.493 INFO:   Top-10 param grad norms:
2026-08-26 13:14:24.493 INFO:     interactions.0.conv_tp_weights.layer0.weight: 0.166305
2026-08-26 13:14:24.493 INFO:     products.0.symmetric_contractions.weight: 0.064455
2026-08-26 13:14:24.493 INFO:     interactions.0.conv_tp_weights.layer1.weight: 0.059229
2026-08-26 13:14:24.493 INFO:     interactions.1.linear.weight: 0.057493
2026-08-26 13:14:24.493 INFO:     interactions.0.linear.weight: 0.051142
2026-08-26 13:14:24.494 INFO:     products.1.symmetric_contractions.weight: 0.045804
2026-08-26 13:14:24.494 INFO:     interactions.0.conv_tp_weights.layer2.weight: 0.038314
2026-08-26 13:14:24.494 INFO:     products.0.linear.weight: 0.031646
2026-08-26 13:14:24.494 INFO:     products.1.linear.weight: 0.027699
2026-08-26 13:14:24.494 INFO:     charge_embedding.weight: 0.024178
2026-08-26 13:14:24.494 INFO:   All parameters have nonzero gradients ✓
2026-08-26 13:14:24.494 INFO:   Total grad norm (before clip): 0.2213
2026-08-26 13:14:24.494 INFO: --- End gradient diagnostics ---
2026-08-26 13:26:30.215 INFO:   Epoch energy decomposition (mean/atom): E_inter=0.3705 eV, E_QEq=-0.370189 eV
2026-08-26 13:27:23.445 INFO: Epoch 82: head: Default, loss=0.00199642, RMSE_E_per_atom=    3.53 meV, RMSE_F=   17.66 meV / A
2026-08-26 13:27:23.594 INFO: --- Gradient diagnostics (epoch 83, batch 0) ---
2026-08-26 13:27:23.595 INFO:   forces: pred_rms=0.1200 eV/Å, ref_rms=0.1173 eV/Å, err_rms=0.0142 eV/Å
2026-08-26 13:27:23.595 INFO:   energy/atom: pred_mean=-2.9855 eV, ref_mean=-2.9850 eV, err_mean=0.0019 eV
2026-08-26 13:27:23.596 INFO:   energy decomposition (mean/atom): E_inter=0.3771 eV, E_QEq=-0.390981 eV
2026-08-26 13:27:23.598 INFO:   QEq charges per element: Z=7: mean=-0.1653, std=0.1426, min=-0.2661, max=-0.0644 | Z=15: mean=-0.5074, std=nan, min=-0.5074, max=-0.5074 | Z=33: mean=-0.3095, std=0.3811, min=-0.5350, max=0.1305 | Z=35: mean=0.1813, std=0.2260, min=-0.2774, max=0.3266 | Z=52: mean=-0.4218, std=nan, min=-0.4218, max=-0.4218 | Z=53: mean=0.1896, std=0.2262, min=-0.3674, max=0.3903 | Z=55: mean=-0.2289, std=0.3251, min=-0.4430, max=0.4501 | Z=82: mean=-0.3014, std=0.3171, min=-0.5238, max=0.3610
2026-08-26 13:27:23.600 INFO:   Top-10 param grad norms:
2026-08-26 13:27:23.600 INFO:     products.0.symmetric_contractions.weight: 0.029352
2026-08-26 13:27:23.600 INFO:     interactions.0.linear.weight: 0.022163
2026-08-26 13:27:23.600 INFO:     interactions.1.linear.weight: 0.021364
2026-08-26 13:27:23.600 INFO:     products.1.symmetric_contractions.weight: 0.020642
2026-08-26 13:27:23.600 INFO:     products.0.linear.weight: 0.015725
2026-08-26 13:27:23.600 INFO:     charge_embedding.weight: 0.011096
2026-08-26 13:27:23.600 INFO:     products.1.linear.weight: 0.010709
2026-08-26 13:27:23.600 INFO:     interactions.0.conv_tp_weights.layer0.weight: 0.009594
2026-08-26 13:27:23.601 INFO:     chi_readouts.0.linear.weight: 0.006971
2026-08-26 13:27:23.601 INFO:     interactions.0.skip_tp.weight: 0.006078
2026-08-26 13:27:23.601 INFO:   All parameters have nonzero gradients ✓
2026-08-26 13:27:23.601 INFO:   Total grad norm (before clip): 0.0560
2026-08-26 13:27:23.601 INFO: --- End gradient diagnostics ---
2026-08-26 13:40:23.414 INFO:   Epoch energy decomposition (mean/atom): E_inter=0.3710 eV, E_QEq=-0.370676 eV
2026-08-26 13:41:20.982 INFO: Epoch 83: head: Default, loss=0.00200664, RMSE_E_per_atom=    3.52 meV, RMSE_F=   17.71 meV / A
2026-08-26 13:41:21.130 INFO: --- Gradient diagnostics (epoch 84, batch 0) ---
2026-08-26 13:41:21.130 INFO:   forces: pred_rms=0.0948 eV/Å, ref_rms=0.0937 eV/Å, err_rms=0.0152 eV/Å
2026-08-26 13:41:21.131 INFO:   energy/atom: pred_mean=-3.0042 eV, ref_mean=-3.0031 eV, err_mean=0.0023 eV
2026-08-26 13:41:21.131 INFO:   energy decomposition (mean/atom): E_inter=0.3707 eV, E_QEq=-0.378414 eV
2026-08-26 13:41:21.134 INFO:   QEq charges per element: Z=7: mean=-0.3302, std=nan, min=-0.3302, max=-0.3302 | Z=15: mean=-0.1052, std=0.2719, min=-0.2975, max=0.0870 | Z=16: mean=-0.3994, std=nan, min=-0.3994, max=-0.3994 | Z=33: mean=-0.0016, std=nan, min=-0.0016, max=-0.0016 | Z=34: mean=-0.4319, std=0.0606, min=-0.4745, max=-0.3626 | Z=35: mean=0.0131, std=0.2826, min=-0.2889, max=0.3641 | Z=53: mean=0.1495, std=0.2485, min=-0.2972, max=0.3487 | Z=55: mean=-0.0764, std=0.3741, min=-0.4120, max=0.4510 | Z=82: mean=-0.1253, std=0.3879, min=-0.5384, max=0.3803
2026-08-26 13:41:21.135 INFO:   Top-10 param grad norms:
2026-08-26 13:41:21.135 INFO:     interactions.1.linear.weight: 0.037561
2026-08-26 13:41:21.135 INFO:     products.0.symmetric_contractions.weight: 0.036909
2026-08-26 13:41:21.135 INFO:     products.1.symmetric_contractions.weight: 0.034199
2026-08-26 13:41:21.135 INFO:     interactions.0.conv_tp_weights.layer0.weight: 0.030248
2026-08-26 13:41:21.136 INFO:     interactions.0.linear.weight: 0.028800
2026-08-26 13:41:21.136 INFO:     products.0.linear.weight: 0.023762
2026-08-26 13:41:21.136 INFO:     products.1.linear.weight: 0.018579
2026-08-26 13:41:21.136 INFO:     charge_embedding.weight: 0.015894
2026-08-26 13:41:21.136 INFO:     chi_readouts.1.linear_2.weight: 0.010782
2026-08-26 13:41:21.136 INFO:     interactions.0.conv_tp_weights.layer1.weight: 0.010571
2026-08-26 13:41:21.136 INFO:   All parameters have nonzero gradients ✓
2026-08-26 13:41:21.136 INFO:   Total grad norm (before clip): 0.0884
2026-08-26 13:41:21.136 INFO: --- End gradient diagnostics ---
2026-08-26 13:54:19.735 INFO:   Epoch energy decomposition (mean/atom): E_inter=0.3682 eV, E_QEq=-0.367901 eV
2026-08-26 13:55:16.688 INFO: Epoch 84: head: Default, loss=0.00210290, RMSE_E_per_atom=    3.52 meV, RMSE_F=   18.14 meV / A
2026-08-26 13:55:16.825 INFO: --- Gradient diagnostics (epoch 85, batch 0) ---
2026-08-26 13:55:16.825 INFO:   forces: pred_rms=0.0511 eV/Å, ref_rms=0.0470 eV/Å, err_rms=0.0143 eV/Å
2026-08-26 13:55:16.825 INFO:   energy/atom: pred_mean=-2.9912 eV, ref_mean=-2.9889 eV, err_mean=0.0033 eV
2026-08-26 13:55:16.826 INFO:   energy decomposition (mean/atom): E_inter=0.3548 eV, E_QEq=-0.368825 eV
2026-08-26 13:55:16.828 INFO:   QEq charges per element: Z=7: mean=-0.3247, std=0.3352, min=-0.7720, max=-0.0469 | Z=9: mean=-0.3400, std=nan, min=-0.3400, max=-0.3400 | Z=15: mean=-0.4977, std=nan, min=-0.4977, max=-0.4977 | Z=17: mean=-0.3664, std=nan, min=-0.3664, max=-0.3664 | Z=33: mean=-0.1598, std=0.3736, min=-0.4240, max=0.1043 | Z=35: mean=0.0650, std=0.2757, min=-0.3281, max=0.3569 | Z=53: mean=0.0709, std=0.2777, min=-0.3067, max=0.3279 | Z=55: mean=-0.0783, std=0.3907, min=-0.4245, max=0.4479 | Z=82: mean=-0.1297, std=0.3801, min=-0.4914, max=0.3651
2026-08-26 13:55:16.829 INFO:   Top-10 param grad norms:
2026-08-26 13:55:16.830 INFO:     products.0.symmetric_contractions.weight: 0.072511
2026-08-26 13:55:16.830 INFO:     interactions.1.linear.weight: 0.064104
2026-08-26 13:55:16.830 INFO:     products.1.symmetric_contractions.weight: 0.061753
2026-08-26 13:55:16.830 INFO:     interactions.0.conv_tp_weights.layer0.weight: 0.052717
2026-08-26 13:55:16.830 INFO:     interactions.0.linear.weight: 0.051160
2026-08-26 13:55:16.830 INFO:     products.0.linear.weight: 0.044352
2026-08-26 13:55:16.830 INFO:     products.1.linear.weight: 0.026134
2026-08-26 13:55:16.830 INFO:     interactions.0.conv_tp_weights.layer1.weight: 0.020217
2026-08-26 13:55:16.830 INFO:     chi_readouts.0.linear.weight: 0.019584
2026-08-26 13:55:16.830 INFO:     charge_embedding.weight: 0.018392
2026-08-26 13:55:16.830 INFO:   All parameters have nonzero gradients ✓
2026-08-26 13:55:16.830 INFO:   Total grad norm (before clip): 0.1559
2026-08-26 13:55:16.830 INFO: --- End gradient diagnostics ---
2026-08-26 14:06:59.008 INFO:   Epoch energy decomposition (mean/atom): E_inter=0.3722 eV, E_QEq=-0.371840 eV
2026-08-26 14:07:53.559 INFO: Epoch 85: head: Default, loss=0.00198517, RMSE_E_per_atom=    3.47 meV, RMSE_F=   17.62 meV / A
2026-08-26 14:07:53.699 INFO: --- Gradient diagnostics (epoch 86, batch 0) ---
2026-08-26 14:07:53.699 INFO:   forces: pred_rms=0.0919 eV/Å, ref_rms=0.0924 eV/Å, err_rms=0.0152 eV/Å
2026-08-26 14:07:53.699 INFO:   energy/atom: pred_mean=-3.0106 eV, ref_mean=-3.0108 eV, err_mean=0.0018 eV
2026-08-26 14:07:53.700 INFO:   energy decomposition (mean/atom): E_inter=0.3310 eV, E_QEq=-0.338954 eV
2026-08-26 14:07:53.702 INFO:   QEq charges per element: Z=7: mean=-0.1697, std=0.0560, min=-0.2093, max=-0.1301 | Z=9: mean=-0.4356, std=nan, min=-0.4356, max=-0.4356 | Z=15: mean=-0.5515, std=nan, min=-0.5515, max=-0.5515 | Z=16: mean=-0.2153, std=nan, min=-0.2153, max=-0.2153 | Z=34: mean=-0.5714, std=0.1048, min=-0.6455, max=-0.4973 | Z=35: mean=0.0192, std=0.2841, min=-0.2940, max=0.4230 | Z=53: mean=-0.2577, std=0.0411, min=-0.3028, max=0.1240 | Z=55: mean=0.1848, std=0.3663, min=-0.4223, max=0.4896 | Z=82: mean=0.0854, std=0.3532, min=-0.5137, max=0.3676
2026-08-26 14:07:53.703 INFO:   Top-10 param grad norms:
2026-08-26 14:07:53.703 INFO:     interactions.0.conv_tp_weights.layer0.weight: 0.157121
2026-08-26 14:07:53.704 INFO:     products.0.symmetric_contractions.weight: 0.071792
2026-08-26 14:07:53.704 INFO:     interactions.0.linear.weight: 0.065365
2026-08-26 14:07:53.704 INFO:     interactions.0.conv_tp_weights.layer1.weight: 0.059680
2026-08-26 14:07:53.704 INFO:     interactions.1.linear.weight: 0.051739
2026-08-26 14:07:53.704 INFO:     products.1.symmetric_contractions.weight: 0.051620
2026-08-26 14:07:53.704 INFO:     interactions.0.conv_tp_weights.layer2.weight: 0.039812
2026-08-26 14:07:53.704 INFO:     products.0.linear.weight: 0.031793
2026-08-26 14:07:53.704 INFO:     charge_embedding.weight: 0.030946
2026-08-26 14:07:53.704 INFO:     interactions.0.conv_tp_weights.layer3.weight: 0.027383
2026-08-26 14:07:53.704 INFO:   All parameters have nonzero gradients ✓
2026-08-26 14:07:53.704 INFO:   Total grad norm (before clip): 0.2213
2026-08-26 14:07:53.704 INFO: --- End gradient diagnostics ---
2026-08-26 14:20:52.067 INFO:   Epoch energy decomposition (mean/atom): E_inter=0.3737 eV, E_QEq=-0.373358 eV
2026-08-26 14:21:51.639 INFO: Epoch 86: head: Default, loss=0.00193581, RMSE_E_per_atom=    3.49 meV, RMSE_F=   17.39 meV / A
2026-08-26 14:21:51.839 INFO: --- Gradient diagnostics (epoch 87, batch 0) ---
2026-08-26 14:21:51.840 INFO:   forces: pred_rms=0.0544 eV/Å, ref_rms=0.0519 eV/Å, err_rms=0.0154 eV/Å
2026-08-26 14:21:51.840 INFO:   energy/atom: pred_mean=-3.0615 eV, ref_mean=-3.0624 eV, err_mean=0.0038 eV
2026-08-26 14:21:51.841 INFO:   energy decomposition (mean/atom): E_inter=0.3603 eV, E_QEq=-0.378706 eV
2026-08-26 14:21:51.843 INFO:   QEq charges per element: Z=7: mean=-0.0145, std=0.2994, min=-0.2262, max=0.1972 | Z=15: mean=-0.3092, std=nan, min=-0.3092, max=-0.3092 | Z=16: mean=-0.2473, std=nan, min=-0.2473, max=-0.2473 | Z=33: mean=-0.4629, std=nan, min=-0.4629, max=-0.4629 | Z=34: mean=-0.2689, std=nan, min=-0.2689, max=-0.2689 | Z=35: mean=0.0508, std=0.2790, min=-0.3576, max=0.3631 | Z=53: mean=-0.0831, std=0.2798, min=-0.3351, max=0.3457 | Z=55: mean=0.0280, std=0.3937, min=-0.4177, max=0.4714 | Z=82: mean=-0.0588, std=0.3853, min=-0.4867, max=0.3772
2026-08-26 14:21:51.845 INFO:   Top-10 param grad norms:
2026-08-26 14:21:51.845 INFO:     products.0.symmetric_contractions.weight: 0.057877
2026-08-26 14:21:51.845 INFO:     interactions.0.linear.weight: 0.047031
2026-08-26 14:21:51.845 INFO:     interactions.1.linear.weight: 0.045581
2026-08-26 14:21:51.845 INFO:     products.1.symmetric_contractions.weight: 0.041222
2026-08-26 14:21:51.846 INFO:     interactions.0.conv_tp_weights.layer0.weight: 0.035228
2026-08-26 14:21:51.846 INFO:     products.0.linear.weight: 0.033918
2026-08-26 14:21:51.846 INFO:     charge_embedding.weight: 0.023596
2026-08-26 14:21:51.846 INFO:     products.1.linear.weight: 0.021703
2026-08-26 14:21:51.846 INFO:     interactions.0.linear_up.weight: 0.017029
2026-08-26 14:21:51.846 INFO:     interactions.0.conv_tp_weights.layer3.weight: 0.015946
2026-08-26 14:21:51.846 INFO:   All parameters have nonzero gradients ✓
2026-08-26 14:21:51.846 INFO:   Total grad norm (before clip): 0.1201
2026-08-26 14:21:51.846 INFO: --- End gradient diagnostics ---
2026-08-26 14:34:32.678 INFO:   Epoch energy decomposition (mean/atom): E_inter=0.3751 eV, E_QEq=-0.374767 eV
2026-08-26 14:35:32.601 INFO: Epoch 87: head: Default, loss=0.00207529, RMSE_E_per_atom=    3.49 meV, RMSE_F=   18.02 meV / A
2026-08-26 14:35:32.752 INFO: --- Gradient diagnostics (epoch 88, batch 0) ---
2026-08-26 14:35:32.752 INFO:   forces: pred_rms=0.1793 eV/Å, ref_rms=0.1767 eV/Å, err_rms=0.0222 eV/Å
2026-08-26 14:35:32.753 INFO:   energy/atom: pred_mean=-2.8408 eV, ref_mean=-2.8418 eV, err_mean=0.0034 eV
2026-08-26 14:35:32.753 INFO:   energy decomposition (mean/atom): E_inter=0.3515 eV, E_QEq=-0.335576 eV
2026-08-26 14:35:32.755 INFO:   QEq charges per element: Z=8: mean=-0.0824, std=nan, min=-0.0824, max=-0.0824 | Z=9: mean=-0.0218, std=0.4207, min=-0.3193, max=0.2757 | Z=33: mean=-0.2552, std=0.2051, min=-0.4002, max=-0.1101 | Z=34: mean=-0.3963, std=nan, min=-0.3963, max=-0.3963 | Z=35: mean=0.0092, std=0.2856, min=-0.3055, max=0.3635 | Z=52: mean=-0.4306, std=nan, min=-0.4306, max=-0.4306 | Z=53: mean=0.0121, std=0.2748, min=-0.3387, max=0.3824 | Z=55: mean=-0.0053, std=0.4055, min=-0.4580, max=0.4439 | Z=82: mean=-0.0589, std=0.3921, min=-0.5089, max=0.3851
2026-08-26 14:35:32.757 INFO:   Top-10 param grad norms:
2026-08-26 14:35:32.757 INFO:     interactions.0.conv_tp_weights.layer0.weight: 0.192731
2026-08-26 14:35:32.757 INFO:     interactions.1.linear.weight: 0.075251
2026-08-26 14:35:32.757 INFO:     products.0.symmetric_contractions.weight: 0.074000
2026-08-26 14:35:32.757 INFO:     products.1.symmetric_contractions.weight: 0.064583
2026-08-26 14:35:32.757 INFO:     interactions.0.conv_tp_weights.layer1.weight: 0.063951
2026-08-26 14:35:32.757 INFO:     interactions.0.linear.weight: 0.060003
2026-08-26 14:35:32.758 INFO:     products.0.linear.weight: 0.040628
2026-08-26 14:35:32.758 INFO:     interactions.0.conv_tp_weights.layer2.weight: 0.038341
2026-08-26 14:35:32.758 INFO:     products.1.linear.weight: 0.035062
2026-08-26 14:35:32.758 INFO:     charge_embedding.weight: 0.027125
2026-08-26 14:35:32.758 INFO:   All parameters have nonzero gradients ✓
2026-08-26 14:35:32.758 INFO:   Total grad norm (before clip): 0.2593
2026-08-26 14:35:32.758 INFO: --- End gradient diagnostics ---
2026-08-26 14:47:51.187 INFO:   Epoch energy decomposition (mean/atom): E_inter=0.3762 eV, E_QEq=-0.375905 eV
2026-08-26 14:48:44.318 INFO: Epoch 88: head: Default, loss=0.00191674, RMSE_E_per_atom=    3.46 meV, RMSE_F=   17.30 meV / A
2026-08-26 14:48:44.511 INFO: --- Gradient diagnostics (epoch 89, batch 0) ---
2026-08-26 14:48:44.512 INFO:   forces: pred_rms=0.2502 eV/Å, ref_rms=0.2519 eV/Å, err_rms=0.0212 eV/Å
2026-08-26 14:48:44.512 INFO:   energy/atom: pred_mean=-3.0412 eV, ref_mean=-3.0411 eV, err_mean=0.0035 eV
2026-08-26 14:48:44.512 INFO:   energy decomposition (mean/atom): E_inter=0.4101 eV, E_QEq=-0.400618 eV
2026-08-26 14:48:44.515 INFO:   QEq charges per element: Z=7: mean=0.1225, std=0.2412, min=-0.0480, max=0.2930 | Z=15: mean=-0.4752, std=0.2560, min=-0.7645, max=-0.2781 | Z=16: mean=-0.2816, std=nan, min=-0.2816, max=-0.2816 | Z=33: mean=-0.0811, std=0.2128, min=-0.2316, max=0.0694 | Z=35: mean=0.1344, std=0.2617, min=-0.3815, max=0.3975 | Z=53: mean=0.1164, std=0.2668, min=-0.2889, max=0.3601 | Z=55: mean=-0.1348, std=0.3761, min=-0.4183, max=0.4974 | Z=82: mean=-0.2174, std=0.3607, min=-0.5655, max=0.4126
2026-08-26 14:48:44.516 INFO:   Top-10 param grad norms:
2026-08-26 14:48:44.516 INFO:     interactions.0.conv_tp_weights.layer0.weight: 0.175468
2026-08-26 14:48:44.516 INFO:     interactions.0.conv_tp_weights.layer1.weight: 0.059130
2026-08-26 14:48:44.516 INFO:     products.0.symmetric_contractions.weight: 0.054191
2026-08-26 14:48:44.517 INFO:     interactions.1.linear.weight: 0.046387
2026-08-26 14:48:44.517 INFO:     interactions.0.linear.weight: 0.045428
2026-08-26 14:48:44.517 INFO:     products.1.symmetric_contractions.weight: 0.045387
2026-08-26 14:48:44.517 INFO:     interactions.0.conv_tp_weights.layer2.weight: 0.035817
2026-08-26 14:48:44.517 INFO:     products.0.linear.weight: 0.029525
2026-08-26 14:48:44.517 INFO:     products.1.linear.weight: 0.021814
2026-08-26 14:48:44.517 INFO:     charge_embedding.weight: 0.020299
2026-08-26 14:48:44.517 INFO:   All parameters have nonzero gradients ✓
2026-08-26 14:48:44.517 INFO:   Total grad norm (before clip): 0.2193
2026-08-26 14:48:44.517 INFO: --- End gradient diagnostics ---
2026-08-26 15:00:17.221 INFO:   Epoch energy decomposition (mean/atom): E_inter=0.3769 eV, E_QEq=-0.376586 eV
2026-08-26 15:01:11.107 INFO: Epoch 89: head: Default, loss=0.00187869, RMSE_E_per_atom=    3.48 meV, RMSE_F=   17.13 meV / A
2026-08-26 15:01:11.282 INFO: --- Gradient diagnostics (epoch 90, batch 0) ---
2026-08-26 15:01:11.282 INFO:   forces: pred_rms=0.2880 eV/Å, ref_rms=0.2885 eV/Å, err_rms=0.0233 eV/Å
2026-08-26 15:01:11.282 INFO:   energy/atom: pred_mean=-2.9512 eV, ref_mean=-2.9532 eV, err_mean=0.0028 eV
2026-08-26 15:01:11.283 INFO:   energy decomposition (mean/atom): E_inter=0.3956 eV, E_QEq=-0.380892 eV
2026-08-26 15:01:11.285 INFO:   QEq charges per element: Z=7: mean=-0.3257, std=nan, min=-0.3257, max=-0.3257 | Z=15: mean=-0.0517, std=0.3306, min=-0.2854, max=0.1820 | Z=35: mean=0.0670, std=0.2791, min=-0.3671, max=0.3943 | Z=52: mean=-0.2556, std=0.4534, min=-0.7037, max=0.2030 | Z=53: mean=0.0721, std=0.2731, min=-0.2682, max=0.3465 | Z=55: mean=-0.0630, std=0.3904, min=-0.4127, max=0.4846 | Z=82: mean=-0.1276, std=0.3733, min=-0.5137, max=0.4075
2026-08-26 15:01:11.286 INFO:   Top-10 param grad norms:
2026-08-26 15:01:11.286 INFO:     interactions.0.conv_tp_weights.layer0.weight: 0.106459
2026-08-26 15:01:11.286 INFO:     products.0.symmetric_contractions.weight: 0.055748
2026-08-26 15:01:11.286 INFO:     interactions.1.linear.weight: 0.049170
2026-08-26 15:01:11.287 INFO:     products.1.symmetric_contractions.weight: 0.047116
2026-08-26 15:01:11.287 INFO:     interactions.0.linear.weight: 0.045280
2026-08-26 15:01:11.287 INFO:     interactions.0.conv_tp_weights.layer1.weight: 0.035029
2026-08-26 15:01:11.287 INFO:     charge_embedding.weight: 0.032243
2026-08-26 15:01:11.287 INFO:     products.0.linear.weight: 0.029556
2026-08-26 15:01:11.287 INFO:     interactions.0.conv_tp_weights.layer2.weight: 0.022820
2026-08-26 15:01:11.287 INFO:     interactions.1.conv_tp_weights.layer0.weight: 0.022678
2026-08-26 15:01:11.287 INFO:   All parameters have nonzero gradients ✓
2026-08-26 15:01:11.287 INFO:   Total grad norm (before clip): 0.1650
2026-08-26 15:01:11.287 INFO: --- End gradient diagnostics ---
2026-08-26 15:13:40.816 INFO:   Epoch energy decomposition (mean/atom): E_inter=0.3775 eV, E_QEq=-0.377220 eV
2026-08-26 15:14:38.271 INFO: Epoch 90: head: Default, loss=0.00198670, RMSE_E_per_atom=    3.46 meV, RMSE_F=   17.63 meV / A
2026-08-26 15:14:38.417 INFO: --- Gradient diagnostics (epoch 91, batch 0) ---
2026-08-26 15:14:38.417 INFO:   forces: pred_rms=0.0958 eV/Å, ref_rms=0.0922 eV/Å, err_rms=0.0170 eV/Å
2026-08-26 15:14:38.418 INFO:   energy/atom: pred_mean=-2.9939 eV, ref_mean=-2.9967 eV, err_mean=0.0037 eV
2026-08-26 15:14:38.418 INFO:   energy decomposition (mean/atom): E_inter=0.3892 eV, E_QEq=-0.409766 eV
2026-08-26 15:14:38.421 INFO:   QEq charges per element: Z=7: mean=-0.2705, std=0.0765, min=-0.3246, max=-0.2164 | Z=15: mean=-0.1459, std=0.2485, min=-0.3216, max=0.0298 | Z=16: mean=-0.3941, std=nan, min=-0.3941, max=-0.3941 | Z=33: mean=-0.4894, std=nan, min=-0.4894, max=-0.4894 | Z=34: mean=-0.2680, std=nan, min=-0.2680, max=-0.2680 | Z=35: mean=0.0739, std=0.2738, min=-0.3302, max=0.3664 | Z=53: mean=0.2963, std=0.0379, min=-0.0755, max=0.3455 | Z=55: mean=-0.2214, std=0.3238, min=-0.4200, max=0.4581 | Z=82: mean=-0.2832, std=0.3034, min=-0.5250, max=0.3374
2026-08-26 15:14:38.422 INFO:   Top-10 param grad norms:
2026-08-26 15:14:38.422 INFO:     interactions.0.conv_tp_weights.layer0.weight: 0.159383
2026-08-26 15:14:38.422 INFO:     products.0.symmetric_contractions.weight: 0.058750
2026-08-26 15:14:38.422 INFO:     interactions.0.conv_tp_weights.layer1.weight: 0.055039
2026-08-26 15:14:38.422 INFO:     interactions.0.linear.weight: 0.054057
2026-08-26 15:14:38.422 INFO:     interactions.1.linear.weight: 0.051205
2026-08-26 15:14:38.423 INFO:     products.0.linear.weight: 0.042157
2026-08-26 15:14:38.423 INFO:     products.1.symmetric_contractions.weight: 0.039594
2026-08-26 15:14:38.423 INFO:     interactions.0.conv_tp_weights.layer2.weight: 0.034633
2026-08-26 15:14:38.423 INFO:     products.1.linear.weight: 0.023562
2026-08-26 15:14:38.423 INFO:     interactions.0.conv_tp_weights.layer3.weight: 0.023049
2026-08-26 15:14:38.423 INFO:   All parameters have nonzero gradients ✓
2026-08-26 15:14:38.423 INFO:   Total grad norm (before clip): 0.2123
2026-08-26 15:14:38.423 INFO: --- End gradient diagnostics ---
2026-08-26 15:26:23.718 INFO:   Epoch energy decomposition (mean/atom): E_inter=0.3779 eV, E_QEq=-0.377619 eV
2026-08-26 15:27:15.686 INFO: Epoch 91: head: Default, loss=0.00193743, RMSE_E_per_atom=    3.46 meV, RMSE_F=   17.40 meV / A
2026-08-26 15:27:15.819 INFO: --- Gradient diagnostics (epoch 92, batch 0) ---
2026-08-26 15:27:15.819 INFO:   forces: pred_rms=0.1823 eV/Å, ref_rms=0.1776 eV/Å, err_rms=0.0279 eV/Å
2026-08-26 15:27:15.820 INFO:   energy/atom: pred_mean=-2.9669 eV, ref_mean=-2.9661 eV, err_mean=0.0029 eV
2026-08-26 15:27:15.820 INFO:   energy decomposition (mean/atom): E_inter=0.3780 eV, E_QEq=-0.370650 eV
2026-08-26 15:27:15.822 INFO:   QEq charges per element: Z=7: mean=-0.5414, std=0.0507, min=-0.5773, max=-0.5055 | Z=8: mean=-0.2808, std=nan, min=-0.2808, max=-0.2808 | Z=33: mean=-0.4382, std=nan, min=-0.4382, max=-0.4382 | Z=34: mean=-0.4750, std=nan, min=-0.4750, max=-0.4750 | Z=35: mean=-0.0438, std=0.2732, min=-0.3649, max=0.3121 | Z=52: mean=-0.2513, std=nan, min=-0.2513, max=-0.2513 | Z=53: mean=0.0743, std=0.2800, min=-0.3291, max=0.3676 | Z=55: mean=0.0167, std=0.4041, min=-0.4374, max=0.5068 | Z=82: mean=-0.0523, std=0.3834, min=-0.4979, max=0.4013
2026-08-26 15:27:15.824 INFO:   Top-10 param grad norms:
2026-08-26 15:27:15.824 INFO:     interactions.0.conv_tp_weights.layer0.weight: 0.227573
2026-08-26 15:27:15.824 INFO:     products.0.symmetric_contractions.weight: 0.119747
2026-08-26 15:27:15.824 INFO:     interactions.0.linear.weight: 0.096346
2026-08-26 15:27:15.824 INFO:     interactions.1.linear.weight: 0.080904
2026-08-26 15:27:15.824 INFO:     interactions.0.conv_tp_weights.layer1.weight: 0.077927
2026-08-26 15:27:15.824 INFO:     products.1.symmetric_contractions.weight: 0.070675
2026-08-26 15:27:15.824 INFO:     interactions.0.conv_tp_weights.layer2.weight: 0.050105
2026-08-26 15:27:15.824 INFO:     products.0.linear.weight: 0.049960
2026-08-26 15:27:15.824 INFO:     charge_embedding.weight: 0.036555
2026-08-26 15:27:15.824 INFO:     interactions.0.conv_tp_weights.layer3.weight: 0.035074
2026-08-26 15:27:15.825 INFO:   All parameters have nonzero gradients ✓
2026-08-26 15:27:15.825 INFO:   Total grad norm (before clip): 0.3220
2026-08-26 15:27:15.825 INFO: --- End gradient diagnostics ---
2026-08-26 15:39:14.190 INFO:   Epoch energy decomposition (mean/atom): E_inter=0.3806 eV, E_QEq=-0.380236 eV
2026-08-26 15:40:12.853 INFO: Epoch 92: head: Default, loss=0.00207336, RMSE_E_per_atom=    3.43 meV, RMSE_F=   18.02 meV / A
2026-08-26 15:40:13.002 INFO: --- Gradient diagnostics (epoch 93, batch 0) ---
2026-08-26 15:40:13.003 INFO:   forces: pred_rms=0.1261 eV/Å, ref_rms=0.1231 eV/Å, err_rms=0.0185 eV/Å
2026-08-26 15:40:13.003 INFO:   energy/atom: pred_mean=-2.8994 eV, ref_mean=-2.9018 eV, err_mean=0.0025 eV
2026-08-26 15:40:13.004 INFO:   energy decomposition (mean/atom): E_inter=0.3856 eV, E_QEq=-0.390093 eV
2026-08-26 15:40:13.007 INFO:   QEq charges per element: Z=7: mean=0.2223, std=0.0003, min=0.2221, max=0.2225 | Z=15: mean=0.0996, std=nan, min=0.0996, max=0.0996 | Z=16: mean=-0.4006, std=nan, min=-0.4006, max=-0.4006 | Z=17: mean=-0.0851, std=nan, min=-0.0851, max=-0.0851 | Z=33: mean=-0.2182, std=nan, min=-0.2182, max=-0.2182 | Z=35: mean=0.1079, std=0.2697, min=-0.2968, max=0.3573 | Z=52: mean=-0.2199, std=nan, min=-0.2199, max=-0.2199 | Z=53: mean=0.1313, std=0.2583, min=-0.3410, max=0.3439 | Z=55: mean=-0.1506, std=0.3736, min=-0.4235, max=0.4572 | Z=82: mean=-0.2199, std=0.3542, min=-0.5011, max=0.3721
2026-08-26 15:40:13.008 INFO:   Top-10 param grad norms:
2026-08-26 15:40:13.008 INFO:     interactions.0.conv_tp_weights.layer0.weight: 0.304494
2026-08-26 15:40:13.008 INFO:     interactions.0.conv_tp_weights.layer1.weight: 0.108093
2026-08-26 15:40:13.008 INFO:     interactions.1.linear.weight: 0.085755
2026-08-26 15:40:13.008 INFO:     interactions.0.linear.weight: 0.082038
2026-08-26 15:40:13.009 INFO:     products.0.symmetric_contractions.weight: 0.081418
2026-08-26 15:40:13.009 INFO:     products.1.symmetric_contractions.weight: 0.074025
2026-08-26 15:40:13.009 INFO:     interactions.0.conv_tp_weights.layer2.weight: 0.068299
2026-08-26 15:40:13.009 INFO:     products.0.linear.weight: 0.063057
2026-08-26 15:40:13.009 INFO:     interactions.0.conv_tp_weights.layer3.weight: 0.038064
2026-08-26 15:40:13.009 INFO:     products.1.linear.weight: 0.036113
2026-08-26 15:40:13.009 INFO:   All parameters have nonzero gradients ✓
2026-08-26 15:40:13.009 INFO:   Total grad norm (before clip): 0.3825
2026-08-26 15:40:13.009 INFO: --- End gradient diagnostics ---
2026-08-26 15:53:15.894 INFO:   Epoch energy decomposition (mean/atom): E_inter=0.3769 eV, E_QEq=-0.376578 eV
2026-08-26 15:54:17.204 INFO: Epoch 93: head: Default, loss=0.00197680, RMSE_E_per_atom=    3.48 meV, RMSE_F=   17.58 meV / A
2026-08-26 15:54:17.352 INFO: --- Gradient diagnostics (epoch 94, batch 0) ---
2026-08-26 15:54:17.352 INFO:   forces: pred_rms=0.0690 eV/Å, ref_rms=0.0670 eV/Å, err_rms=0.0139 eV/Å
2026-08-26 15:54:17.352 INFO:   energy/atom: pred_mean=-3.0493 eV, ref_mean=-3.0493 eV, err_mean=0.0019 eV
2026-08-26 15:54:17.353 INFO:   energy decomposition (mean/atom): E_inter=0.3755 eV, E_QEq=-0.383759 eV
2026-08-26 15:54:17.355 INFO:   QEq charges per element: Z=7: mean=-0.0930, std=0.2490, min=-0.3335, max=0.1637 | Z=15: mean=-0.7647, std=nan, min=-0.7647, max=-0.7647 | Z=16: mean=0.1575, std=nan, min=0.1575, max=0.1575 | Z=33: mean=-0.0797, std=0.2673, min=-0.2687, max=0.1093 | Z=35: mean=0.1294, std=0.2567, min=-0.3434, max=0.3262 | Z=52: mean=-0.4006, std=nan, min=-0.4006, max=-0.4006 | Z=53: mean=-0.0924, std=0.2727, min=-0.4208, max=0.3298 | Z=55: mean=-0.0772, std=0.3800, min=-0.4625, max=0.4213 | Z=82: mean=-0.1375, std=0.3943, min=-0.5403, max=0.4045
2026-08-26 15:54:17.357 INFO:   Top-10 param grad norms:
2026-08-26 15:54:17.357 INFO:     interactions.0.conv_tp_weights.layer0.weight: 0.062627
2026-08-26 15:54:17.357 INFO:     products.0.symmetric_contractions.weight: 0.043316
2026-08-26 15:54:17.357 INFO:     interactions.1.linear.weight: 0.039461
2026-08-26 15:54:17.357 INFO:     products.1.symmetric_contractions.weight: 0.034916
2026-08-26 15:54:17.357 INFO:     interactions.0.linear.weight: 0.029113
2026-08-26 15:54:17.357 INFO:     products.1.linear.weight: 0.023284
2026-08-26 15:54:17.358 INFO:     interactions.0.conv_tp_weights.layer1.weight: 0.023245
2026-08-26 15:54:17.358 INFO:     products.0.linear.weight: 0.022351
2026-08-26 15:54:17.358 INFO:     interactions.0.conv_tp_weights.layer2.weight: 0.014879
2026-08-26 15:54:17.358 INFO:     charge_embedding.weight: 0.010725
2026-08-26 15:54:17.358 INFO:   All parameters have nonzero gradients ✓
2026-08-26 15:54:17.358 INFO:   Total grad norm (before clip): 0.1091
2026-08-26 15:54:17.358 INFO: --- End gradient diagnostics ---
2026-08-26 16:07:11.466 INFO:   Epoch energy decomposition (mean/atom): E_inter=0.3786 eV, E_QEq=-0.378227 eV
2026-08-26 16:08:20.626 INFO: Epoch 94: head: Default, loss=0.00193883, RMSE_E_per_atom=    3.45 meV, RMSE_F=   17.41 meV / A
2026-08-26 16:08:20.776 INFO: --- Gradient diagnostics (epoch 95, batch 0) ---
2026-08-26 16:08:20.776 INFO:   forces: pred_rms=0.0874 eV/Å, ref_rms=0.0851 eV/Å, err_rms=0.0166 eV/Å
2026-08-26 16:08:20.776 INFO:   energy/atom: pred_mean=-3.0287 eV, ref_mean=-3.0267 eV, err_mean=0.0028 eV
2026-08-26 16:08:20.777 INFO:   energy decomposition (mean/atom): E_inter=0.3782 eV, E_QEq=-0.393594 eV
2026-08-26 16:08:20.779 INFO:   QEq charges per element: Z=7: mean=-0.1836, std=0.1181, min=-0.2613, max=-0.0476 | Z=8: mean=-0.3802, std=nan, min=-0.3802, max=-0.3802 | Z=15: mean=-0.1267, std=nan, min=-0.1267, max=-0.1267 | Z=16: mean=-0.2718, std=nan, min=-0.2718, max=-0.2718 | Z=33: mean=-0.0176, std=0.0807, min=-0.0747, max=0.0395 | Z=35: mean=0.1011, std=0.2669, min=-0.3500, max=0.3507 | Z=53: mean=0.1572, std=0.2383, min=-0.2748, max=0.3499 | Z=55: mean=-0.1460, std=0.3663, min=-0.4180, max=0.4702 | Z=82: mean=-0.2201, std=0.3546, min=-0.4949, max=0.3700
2026-08-26 16:08:20.781 INFO:   Top-10 param grad norms:
2026-08-26 16:08:20.781 INFO:     interactions.0.conv_tp_weights.layer0.weight: 0.322348
2026-08-26 16:08:20.781 INFO:     interactions.0.conv_tp_weights.layer1.weight: 0.113306
2026-08-26 16:08:20.781 INFO:     interactions.0.linear.weight: 0.080366
2026-08-26 16:08:20.781 INFO:     products.0.symmetric_contractions.weight: 0.072223
2026-08-26 16:08:20.781 INFO:     interactions.0.conv_tp_weights.layer2.weight: 0.072082
2026-08-26 16:08:20.781 INFO:     interactions.1.linear.weight: 0.055078
2026-08-26 16:08:20.781 INFO:     products.0.linear.weight: 0.048463
2026-08-26 16:08:20.781 INFO:     products.1.symmetric_contractions.weight: 0.043020
2026-08-26 16:08:20.782 INFO:     interactions.0.conv_tp_weights.layer3.weight: 0.040852
2026-08-26 16:08:20.782 INFO:     products.1.linear.weight: 0.031485
2026-08-26 16:08:20.782 INFO:   All parameters have nonzero gradients ✓
2026-08-26 16:08:20.782 INFO:   Total grad norm (before clip): 0.3822
2026-08-26 16:08:20.782 INFO: --- End gradient diagnostics ---
2026-08-26 16:21:23.980 INFO:   Epoch energy decomposition (mean/atom): E_inter=0.3811 eV, E_QEq=-0.380796 eV
2026-08-26 16:22:21.734 INFO: Epoch 95: head: Default, loss=0.00190967, RMSE_E_per_atom=    3.45 meV, RMSE_F=   17.27 meV / A
2026-08-26 16:22:21.870 INFO: --- Gradient diagnostics (epoch 96, batch 0) ---
2026-08-26 16:22:21.871 INFO:   forces: pred_rms=0.1071 eV/Å, ref_rms=0.1027 eV/Å, err_rms=0.0163 eV/Å
2026-08-26 16:22:21.871 INFO:   energy/atom: pred_mean=-2.8875 eV, ref_mean=-2.8879 eV, err_mean=0.0031 eV
2026-08-26 16:22:21.871 INFO:   energy decomposition (mean/atom): E_inter=0.3589 eV, E_QEq=-0.376142 eV
2026-08-26 16:22:21.873 INFO:   QEq charges per element: Z=7: mean=-0.3216, std=0.0534, min=-0.3593, max=-0.2838 | Z=15: mean=-0.2482, std=0.2875, min=-0.5187, max=0.0538 | Z=16: mean=-0.4779, std=nan, min=-0.4779, max=-0.4779 | Z=17: mean=-0.3035, std=nan, min=-0.3035, max=-0.3035 | Z=35: mean=0.0120, std=0.2750, min=-0.2835, max=0.3211 | Z=53: mean=0.0903, std=0.2694, min=-0.3331, max=0.3863 | Z=55: mean=-0.0522, std=0.3937, min=-0.4053, max=0.4843 | Z=82: mean=-0.1388, std=0.3616, min=-0.5042, max=0.3399
2026-08-26 16:22:21.875 INFO:   Top-10 param grad norms:
2026-08-26 16:22:21.875 INFO:     interactions.0.conv_tp_weights.layer0.weight: 0.092716
2026-08-26 16:22:21.875 INFO:     interactions.1.linear.weight: 0.033471
2026-08-26 16:22:21.875 INFO:     products.0.symmetric_contractions.weight: 0.032881
2026-08-26 16:22:21.875 INFO:     interactions.0.conv_tp_weights.layer1.weight: 0.031155
2026-08-26 16:22:21.875 INFO:     interactions.0.linear.weight: 0.029625
2026-08-26 16:22:21.875 INFO:     products.1.symmetric_contractions.weight: 0.025517
2026-08-26 16:22:21.875 INFO:     products.0.linear.weight: 0.020616
2026-08-26 16:22:21.875 INFO:     interactions.0.conv_tp_weights.layer2.weight: 0.019068
2026-08-26 16:22:21.875 INFO:     charge_embedding.weight: 0.014817
2026-08-26 16:22:21.875 INFO:     products.1.linear.weight: 0.014325
2026-08-26 16:22:21.876 INFO:   All parameters have nonzero gradients ✓
2026-08-26 16:22:21.876 INFO:   Total grad norm (before clip): 0.1231
2026-08-26 16:22:21.876 INFO: --- End gradient diagnostics ---
2026-08-26 16:34:09.324 INFO:   Epoch energy decomposition (mean/atom): E_inter=0.3812 eV, E_QEq=-0.380855 eV
2026-08-26 16:35:00.721 INFO: Epoch 96: head: Default, loss=0.00192520, RMSE_E_per_atom=    3.41 meV, RMSE_F=   17.35 meV / A
2026-08-26 16:35:00.857 INFO: --- Gradient diagnostics (epoch 97, batch 0) ---
2026-08-26 16:35:00.858 INFO:   forces: pred_rms=0.0543 eV/Å, ref_rms=0.0543 eV/Å, err_rms=0.0138 eV/Å
2026-08-26 16:35:00.858 INFO:   energy/atom: pred_mean=-3.0042 eV, ref_mean=-3.0058 eV, err_mean=0.0037 eV
2026-08-26 16:35:00.858 INFO:   energy decomposition (mean/atom): E_inter=0.3746 eV, E_QEq=-0.411988 eV
2026-08-26 16:35:00.861 INFO:   QEq charges per element: Z=7: mean=-0.5489, std=0.2362, min=-0.7159, max=-0.3819 | Z=17: mean=0.1571, std=nan, min=0.1571, max=0.1571 | Z=34: mean=-0.4625, std=nan, min=-0.4625, max=-0.4625 | Z=35: mean=0.0735, std=0.2781, min=-0.3309, max=0.3590 | Z=52: mean=-0.4403, std=nan, min=-0.4403, max=-0.4403 | Z=53: mean=0.1851, std=0.2241, min=-0.3024, max=0.3465 | Z=55: mean=-0.1316, std=0.3614, min=-0.4073, max=0.4363 | Z=82: mean=-0.2172, std=0.3452, min=-0.5205, max=0.3595
2026-08-26 16:35:00.862 INFO:   Top-10 param grad norms:
2026-08-26 16:35:00.862 INFO:     interactions.0.conv_tp_weights.layer0.weight: 0.133835
2026-08-26 16:35:00.862 INFO:     products.1.symmetric_contractions.weight: 0.063445
2026-08-26 16:35:00.862 INFO:     products.0.symmetric_contractions.weight: 0.054190
2026-08-26 16:35:00.863 INFO:     interactions.1.linear.weight: 0.050213
2026-08-26 16:35:00.863 INFO:     interactions.0.conv_tp_weights.layer1.weight: 0.041840
2026-08-26 16:35:00.863 INFO:     interactions.0.linear.weight: 0.040416
2026-08-26 16:35:00.863 INFO:     products.0.linear.weight: 0.031038
2026-08-26 16:35:00.863 INFO:     products.1.linear.weight: 0.028255
2026-08-26 16:35:00.863 INFO:     interactions.0.conv_tp_weights.layer2.weight: 0.022995
2026-08-26 16:35:00.863 INFO:     interactions.1.conv_tp_weights.layer0.weight: 0.018006
2026-08-26 16:35:00.863 INFO:   All parameters have nonzero gradients ✓
2026-08-26 16:35:00.863 INFO:   Total grad norm (before clip): 0.1873
2026-08-26 16:35:00.863 INFO: --- End gradient diagnostics ---
2026-08-26 16:47:20.668 INFO:   Epoch energy decomposition (mean/atom): E_inter=0.3824 eV, E_QEq=-0.382036 eV
2026-08-26 16:48:15.800 INFO: Epoch 97: head: Default, loss=0.00192686, RMSE_E_per_atom=    3.48 meV, RMSE_F=   17.35 meV / A
2026-08-26 16:48:15.937 INFO: --- Gradient diagnostics (epoch 98, batch 0) ---
2026-08-26 16:48:15.937 INFO:   forces: pred_rms=0.1754 eV/Å, ref_rms=0.1759 eV/Å, err_rms=0.0174 eV/Å
2026-08-26 16:48:15.937 INFO:   energy/atom: pred_mean=-2.9583 eV, ref_mean=-2.9592 eV, err_mean=0.0035 eV
2026-08-26 16:48:15.938 INFO:   energy decomposition (mean/atom): E_inter=0.3832 eV, E_QEq=-0.395696 eV
2026-08-26 16:48:15.941 INFO:   QEq charges per element: Z=7: mean=-0.1425, std=0.2869, min=-0.3454, max=0.0604 | Z=8: mean=-0.8012, std=nan, min=-0.8012, max=-0.8012 | Z=9: mean=-0.5659, std=0.1679, min=-0.6846, max=-0.4472 | Z=15: mean=-0.0188, std=0.2381, min=-0.1872, max=0.1496 | Z=17: mean=0.3382, std=nan, min=0.3382, max=0.3382 | Z=35: mean=0.1485, std=0.2403, min=-0.4404, max=0.3053 | Z=53: mean=0.1140, std=0.2622, min=-0.3270, max=0.3712 | Z=55: mean=-0.1417, std=0.3751, min=-0.4070, max=0.5056 | Z=82: mean=-0.2020, std=0.3428, min=-0.4712, max=0.4428
2026-08-26 16:48:15.942 INFO:   Top-10 param grad norms:
2026-08-26 16:48:15.942 INFO:     products.0.symmetric_contractions.weight: 0.048233
2026-08-26 16:48:15.942 INFO:     interactions.0.linear.weight: 0.040437
2026-08-26 16:48:15.942 INFO:     products.1.symmetric_contractions.weight: 0.037695
2026-08-26 16:48:15.942 INFO:     interactions.1.linear.weight: 0.034909
2026-08-26 16:48:15.942 INFO:     products.0.linear.weight: 0.026608
2026-08-26 16:48:15.942 INFO:     products.1.linear.weight: 0.023592
2026-08-26 16:48:15.943 INFO:     interactions.0.conv_tp_weights.layer0.weight: 0.023589
2026-08-26 16:48:15.943 INFO:     charge_embedding.weight: 0.020795
2026-08-26 16:48:15.943 INFO:     chi_readouts.0.linear.weight: 0.013926
2026-08-26 16:48:15.943 INFO:     interactions.0.conv_tp_weights.layer3.weight: 0.011703
2026-08-26 16:48:15.943 INFO:   All parameters have nonzero gradients ✓
2026-08-26 16:48:15.943 INFO:   Total grad norm (before clip): 0.1000
2026-08-26 16:48:15.943 INFO: --- End gradient diagnostics ---
2026-08-26 17:00:30.445 INFO:   Epoch energy decomposition (mean/atom): E_inter=0.3821 eV, E_QEq=-0.381809 eV
2026-08-26 17:01:32.079 INFO: Epoch 98: head: Default, loss=0.00188939, RMSE_E_per_atom=    3.44 meV, RMSE_F=   17.18 meV / A
2026-08-26 17:01:32.225 INFO: --- Gradient diagnostics (epoch 99, batch 0) ---
2026-08-26 17:01:32.226 INFO:   forces: pred_rms=0.1792 eV/Å, ref_rms=0.1795 eV/Å, err_rms=0.0184 eV/Å
2026-08-26 17:01:32.226 INFO:   energy/atom: pred_mean=-3.0363 eV, ref_mean=-3.0324 eV, err_mean=0.0045 eV
2026-08-26 17:01:32.227 INFO:   energy decomposition (mean/atom): E_inter=0.3745 eV, E_QEq=-0.362836 eV
2026-08-26 17:01:32.229 INFO:   QEq charges per element: Z=9: mean=0.4990, std=nan, min=0.4990, max=0.4990 | Z=33: mean=-0.3025, std=0.3197, min=-0.5519, max=0.0580 | Z=34: mean=-0.1466, std=0.3880, min=-0.5156, max=0.2579 | Z=35: mean=0.1289, std=0.2498, min=-0.3382, max=0.3376 | Z=52: mean=-0.1973, std=0.3076, min=-0.4148, max=0.0202 | Z=53: mean=-0.2615, std=0.0287, min=-0.3389, max=-0.1278 | Z=55: mean=0.0144, std=0.3996, min=-0.4643, max=0.4916 | Z=82: mean=-0.0655, std=0.3901, min=-0.5008, max=0.4281
2026-08-26 17:01:32.230 INFO:   Top-10 param grad norms:
2026-08-26 17:01:32.230 INFO:     interactions.0.conv_tp_weights.layer0.weight: 0.169401
2026-08-26 17:01:32.230 INFO:     products.0.symmetric_contractions.weight: 0.096693
2026-08-26 17:01:32.231 INFO:     interactions.0.linear.weight: 0.075910
2026-08-26 17:01:32.231 INFO:     interactions.0.conv_tp_weights.layer1.weight: 0.061943
2026-08-26 17:01:32.231 INFO:     interactions.1.linear.weight: 0.057003
2026-08-26 17:01:32.231 INFO:     products.0.linear.weight: 0.050096
2026-08-26 17:01:32.231 INFO:     products.1.symmetric_contractions.weight: 0.045653
2026-08-26 17:01:32.231 INFO:     interactions.0.conv_tp_weights.layer2.weight: 0.042064
2026-08-26 17:01:32.231 INFO:     interactions.0.conv_tp_weights.layer3.weight: 0.035482
2026-08-26 17:01:32.231 INFO:     charge_embedding.weight: 0.035392
2026-08-26 17:01:32.231 INFO:   All parameters have nonzero gradients ✓
2026-08-26 17:01:32.231 INFO:   Total grad norm (before clip): 0.2521
2026-08-26 17:01:32.231 INFO: --- End gradient diagnostics ---
2026-08-26 17:14:04.565 INFO:   Epoch energy decomposition (mean/atom): E_inter=0.3841 eV, E_QEq=-0.383737 eV
2026-08-26 17:14:58.374 INFO: Epoch 99: head: Default, loss=0.00184900, RMSE_E_per_atom=    3.41 meV, RMSE_F=   17.00 meV / A
2026-08-26 17:14:58.547 INFO: --- Gradient diagnostics (epoch 100, batch 0) ---
2026-08-26 17:14:58.547 INFO:   forces: pred_rms=0.2130 eV/Å, ref_rms=0.2110 eV/Å, err_rms=0.0186 eV/Å
2026-08-26 17:14:58.548 INFO:   energy/atom: pred_mean=-2.9544 eV, ref_mean=-2.9547 eV, err_mean=0.0028 eV
2026-08-26 17:14:58.548 INFO:   energy decomposition (mean/atom): E_inter=0.4165 eV, E_QEq=-0.403135 eV
2026-08-26 17:14:58.550 INFO:   QEq charges per element: Z=7: mean=-0.1786, std=0.1311, min=-0.2713, max=-0.0859 | Z=15: mean=0.1902, std=nan, min=0.1902, max=0.1902 | Z=33: mean=-0.3310, std=0.2356, min=-0.4976, max=-0.1644 | Z=35: mean=0.0627, std=0.2789, min=-0.3948, max=0.3603 | Z=52: mean=-0.2930, std=nan, min=-0.2930, max=-0.2930 | Z=53: mean=0.1859, std=0.2237, min=-0.2730, max=0.3276 | Z=55: mean=-0.1406, std=0.3677, min=-0.4135, max=0.4701 | Z=82: mean=-0.2128, std=0.3503, min=-0.5057, max=0.4184
2026-08-26 17:14:58.551 INFO:   Top-10 param grad norms:
2026-08-26 17:14:58.551 INFO:     interactions.0.conv_tp_weights.layer0.weight: 0.163470
2026-08-26 17:14:58.552 INFO:     products.0.symmetric_contractions.weight: 0.141067
2026-08-26 17:14:58.552 INFO:     interactions.0.linear.weight: 0.073507
2026-08-26 17:14:58.552 INFO:     interactions.1.linear.weight: 0.058549
2026-08-26 17:14:58.552 INFO:     interactions.0.conv_tp_weights.layer1.weight: 0.056988
2026-08-26 17:14:58.552 INFO:     products.1.symmetric_contractions.weight: 0.043986
2026-08-26 17:14:58.552 INFO:     products.0.linear.weight: 0.041660
2026-08-26 17:14:58.552 INFO:     charge_embedding.weight: 0.039740
2026-08-26 17:14:58.552 INFO:     interactions.0.conv_tp_weights.layer2.weight: 0.033891
2026-08-26 17:14:58.552 INFO:     interactions.0.linear_up.weight: 0.026453
2026-08-26 17:14:58.552 INFO:   All parameters have nonzero gradients ✓
2026-08-26 17:14:58.552 INFO:   Total grad norm (before clip): 0.2614
2026-08-26 17:14:58.552 INFO: --- End gradient diagnostics ---
2026-08-26 17:26:56.752 INFO:   Epoch energy decomposition (mean/atom): E_inter=0.3861 eV, E_QEq=-0.385733 eV
2026-08-26 17:27:53.755 INFO: Epoch 100: head: Default, loss=0.00188682, RMSE_E_per_atom=    3.41 meV, RMSE_F=   17.17 meV / A
2026-08-26 17:27:53.907 INFO: --- Gradient diagnostics (epoch 101, batch 0) ---
2026-08-26 17:27:53.908 INFO:   forces: pred_rms=0.0963 eV/Å, ref_rms=0.0953 eV/Å, err_rms=0.0176 eV/Å
2026-08-26 17:27:53.908 INFO:   energy/atom: pred_mean=-2.8584 eV, ref_mean=-2.8558 eV, err_mean=0.0033 eV
2026-08-26 17:27:53.908 INFO:   energy decomposition (mean/atom): E_inter=0.3714 eV, E_QEq=-0.404500 eV
2026-08-26 17:27:53.911 INFO:   QEq charges per element: Z=7: mean=-0.1441, std=nan, min=-0.1441, max=-0.1441 | Z=9: mean=-0.5078, std=nan, min=-0.5078, max=-0.5078 | Z=15: mean=-0.2674, std=0.2308, min=-0.4306, max=-0.1042 | Z=16: mean=-0.2237, std=0.1831, min=-0.3532, max=-0.0942 | Z=17: mean=0.3313, std=nan, min=0.3313, max=0.3313 | Z=35: mean=0.2707, std=0.0799, min=-0.2707, max=0.3137 | Z=52: mean=-0.3691, std=nan, min=-0.3691, max=-0.3691 | Z=53: mean=0.1708, std=0.2320, min=-0.2774, max=0.3781 | Z=55: mean=-0.2232, std=0.3255, min=-0.4153, max=0.4570 | Z=82: mean=-0.2844, std=0.3067, min=-0.5161, max=0.4301
2026-08-26 17:27:53.913 INFO:   Top-10 param grad norms:
2026-08-26 17:27:53.913 INFO:     interactions.0.conv_tp_weights.layer0.weight: 0.169656
2026-08-26 17:27:53.913 INFO:     products.1.symmetric_contractions.weight: 0.115859
2026-08-26 17:27:53.913 INFO:     interactions.1.linear.weight: 0.080686
2026-08-26 17:27:53.913 INFO:     interactions.0.linear.weight: 0.069824
2026-08-26 17:27:53.913 INFO:     products.0.symmetric_contractions.weight: 0.066427
2026-08-26 17:27:53.913 INFO:     interactions.0.conv_tp_weights.layer1.weight: 0.061304
2026-08-26 17:27:53.913 INFO:     products.0.linear.weight: 0.052584
2026-08-26 17:27:53.913 INFO:     interactions.0.conv_tp_weights.layer2.weight: 0.039906
2026-08-26 17:27:53.913 INFO:     charge_embedding.weight: 0.036920
2026-08-26 17:27:53.914 INFO:     products.1.linear.weight: 0.028149
2026-08-26 17:27:53.914 INFO:   All parameters have nonzero gradients ✓
2026-08-26 17:27:53.914 INFO:   Total grad norm (before clip): 0.2690
2026-08-26 17:27:53.914 INFO: --- End gradient diagnostics ---
2026-08-26 17:40:55.780 INFO:   Epoch energy decomposition (mean/atom): E_inter=0.3868 eV, E_QEq=-0.386494 eV
2026-08-26 17:41:53.173 INFO: Epoch 101: head: Default, loss=0.00183388, RMSE_E_per_atom=    3.39 meV, RMSE_F=   16.93 meV / A
2026-08-26 17:41:53.364 INFO: --- Gradient diagnostics (epoch 102, batch 0) ---
2026-08-26 17:41:53.364 INFO:   forces: pred_rms=0.1951 eV/Å, ref_rms=0.1963 eV/Å, err_rms=0.0216 eV/Å
2026-08-26 17:41:53.365 INFO:   energy/atom: pred_mean=-2.9483 eV, ref_mean=-2.9462 eV, err_mean=0.0024 eV
2026-08-26 17:41:53.365 INFO:   energy decomposition (mean/atom): E_inter=0.3866 eV, E_QEq=-0.376939 eV
2026-08-26 17:41:53.368 INFO:   QEq charges per element: Z=33: mean=-0.3990, std=0.0083, min=-0.4049, max=-0.3931 | Z=34: mean=-0.3291, std=nan, min=-0.3291, max=-0.3291 | Z=35: mean=0.2804, std=0.0446, min=-0.0238, max=0.3615 | Z=52: mean=-0.2510, std=nan, min=-0.2510, max=-0.2510 | Z=53: mean=0.0696, std=0.2578, min=-0.2953, max=0.3106 | Z=55: mean=-0.2318, std=0.3261, min=-0.4436, max=0.4267 | Z=82: mean=-0.2964, std=0.2898, min=-0.5425, max=0.3119
2026-08-26 17:41:53.370 INFO:   Top-10 param grad norms:
2026-08-26 17:41:53.370 INFO:     interactions.0.conv_tp_weights.layer0.weight: 0.088373
2026-08-26 17:41:53.370 INFO:     products.0.symmetric_contractions.weight: 0.080204
2026-08-26 17:41:53.370 INFO:     interactions.1.linear.weight: 0.063806
2026-08-26 17:41:53.370 INFO:     products.1.symmetric_contractions.weight: 0.056402
2026-08-26 17:41:53.370 INFO:     interactions.0.linear.weight: 0.051706
2026-08-26 17:41:53.370 INFO:     products.0.linear.weight: 0.043781
2026-08-26 17:41:53.370 INFO:     interactions.0.conv_tp_weights.layer1.weight: 0.034151
2026-08-26 17:41:53.370 INFO:     products.1.linear.weight: 0.031588
2026-08-26 17:41:53.370 INFO:     interactions.0.conv_tp_weights.layer2.weight: 0.023499
2026-08-26 17:41:53.370 INFO:     charge_embedding.weight: 0.019140
2026-08-26 17:41:53.370 INFO:   All parameters have nonzero gradients ✓
2026-08-26 17:41:53.370 INFO:   Total grad norm (before clip): 0.1747
2026-08-26 17:41:53.371 INFO: --- End gradient diagnostics ---
2026-08-26 17:54:41.064 INFO:   Epoch energy decomposition (mean/atom): E_inter=0.3884 eV, E_QEq=-0.388087 eV
2026-08-26 17:55:37.224 INFO: Epoch 102: head: Default, loss=0.00182646, RMSE_E_per_atom=    3.39 meV, RMSE_F=   16.89 meV / A
2026-08-26 17:55:37.409 INFO: --- Gradient diagnostics (epoch 103, batch 0) ---
2026-08-26 17:55:37.410 INFO:   forces: pred_rms=0.2155 eV/Å, ref_rms=0.2173 eV/Å, err_rms=0.0227 eV/Å
2026-08-26 17:55:37.410 INFO:   energy/atom: pred_mean=-3.0569 eV, ref_mean=-3.0581 eV, err_mean=0.0034 eV
2026-08-26 17:55:37.410 INFO:   energy decomposition (mean/atom): E_inter=0.4127 eV, E_QEq=-0.395597 eV
2026-08-26 17:55:37.413 INFO:   QEq charges per element: Z=7: mean=0.2159, std=nan, min=0.2159, max=0.2159 | Z=15: mean=-0.3840, std=nan, min=-0.3840, max=-0.3840 | Z=17: mean=-0.1700, std=0.2001, min=-0.3115, max=-0.0285 | Z=33: mean=-0.2538, std=0.3398, min=-0.6038, max=0.1621 | Z=35: mean=0.0162, std=0.2872, min=-0.3999, max=0.3534 | Z=52: mean=-0.1995, std=nan, min=-0.1995, max=-0.1995 | Z=53: mean=-0.2678, std=0.0324, min=-0.3392, max=-0.0489 | Z=55: mean=0.1062, std=0.3730, min=-0.3964, max=0.4784 | Z=82: mean=0.0176, std=0.3738, min=-0.5268, max=0.3705
2026-08-26 17:55:37.414 INFO:   Top-10 param grad norms:
2026-08-26 17:55:37.415 INFO:     interactions.0.conv_tp_weights.layer0.weight: 0.589872
2026-08-26 17:55:37.415 INFO:     products.0.symmetric_contractions.weight: 0.266286
2026-08-26 17:55:37.415 INFO:     interactions.0.linear.weight: 0.215805
2026-08-26 17:55:37.415 INFO:     products.1.symmetric_contractions.weight: 0.202877
2026-08-26 17:55:37.415 INFO:     interactions.1.linear.weight: 0.198539
2026-08-26 17:55:37.415 INFO:     interactions.0.conv_tp_weights.layer1.weight: 0.191880
2026-08-26 17:55:37.415 INFO:     products.0.linear.weight: 0.132020
2026-08-26 17:55:37.415 INFO:     interactions.0.conv_tp_weights.layer2.weight: 0.115866
2026-08-26 17:55:37.415 INFO:     products.1.linear.weight: 0.097788
2026-08-26 17:55:37.415 INFO:     charge_embedding.weight: 0.094210
2026-08-26 17:55:37.415 INFO:   All parameters have nonzero gradients ✓
2026-08-26 17:55:37.415 INFO:   Total grad norm (before clip): 0.8121
2026-08-26 17:55:37.415 INFO: --- End gradient diagnostics ---
2026-08-26 18:08:20.499 INFO:   Epoch energy decomposition (mean/atom): E_inter=0.3895 eV, E_QEq=-0.389147 eV
2026-08-26 18:09:18.999 INFO: Epoch 103: head: Default, loss=0.00189735, RMSE_E_per_atom=    3.40 meV, RMSE_F=   17.22 meV / A
2026-08-26 18:09:19.155 INFO: --- Gradient diagnostics (epoch 104, batch 0) ---
2026-08-26 18:09:19.155 INFO:   forces: pred_rms=0.0892 eV/Å, ref_rms=0.0898 eV/Å, err_rms=0.0147 eV/Å
2026-08-26 18:09:19.156 INFO:   energy/atom: pred_mean=-3.0264 eV, ref_mean=-3.0264 eV, err_mean=0.0016 eV
2026-08-26 18:09:19.156 INFO:   energy decomposition (mean/atom): E_inter=0.3938 eV, E_QEq=-0.415055 eV
2026-08-26 18:09:19.158 INFO:   QEq charges per element: Z=16: mean=-0.1744, std=0.1861, min=-0.3290, max=0.0322 | Z=33: mean=-0.2737, std=0.2214, min=-0.5193, max=-0.0099 | Z=34: mean=-0.5036, std=nan, min=-0.5036, max=-0.5036 | Z=35: mean=0.0172, std=0.2856, min=-0.3365, max=0.3371 | Z=52: mean=0.2454, std=nan, min=0.2454, max=0.2454 | Z=53: mean=0.1512, std=0.2480, min=-0.2988, max=0.3520 | Z=55: mean=-0.0563, std=0.3839, min=-0.4126, max=0.4677 | Z=82: mean=-0.1146, std=0.3660, min=-0.4400, max=0.3869
2026-08-26 18:09:19.160 INFO:   Top-10 param grad norms:
2026-08-26 18:09:19.160 INFO:     products.1.symmetric_contractions.weight: 0.076410
2026-08-26 18:09:19.160 INFO:     interactions.1.linear.weight: 0.060652
2026-08-26 18:09:19.160 INFO:     products.0.symmetric_contractions.weight: 0.038507
2026-08-26 18:09:19.160 INFO:     interactions.0.linear.weight: 0.034076
2026-08-26 18:09:19.160 INFO:     products.0.linear.weight: 0.029959
2026-08-26 18:09:19.160 INFO:     products.1.linear.weight: 0.022035
2026-08-26 18:09:19.160 INFO:     charge_embedding.weight: 0.015928
2026-08-26 18:09:19.160 INFO:     interactions.0.conv_tp_weights.layer0.weight: 0.011597
2026-08-26 18:09:19.160 INFO:     chi_readouts.0.linear.weight: 0.010685
2026-08-26 18:09:19.161 INFO:     interactions.1.conv_tp_weights.layer0.weight: 0.010507
2026-08-26 18:09:19.161 INFO:   All parameters have nonzero gradients ✓
2026-08-26 18:09:19.161 INFO:   Total grad norm (before clip): 0.1224
2026-08-26 18:09:19.161 INFO: --- End gradient diagnostics ---
2026-08-26 18:20:56.063 INFO:   Epoch energy decomposition (mean/atom): E_inter=0.3903 eV, E_QEq=-0.389945 eV
2026-08-26 18:21:56.627 INFO: Epoch 104: head: Default, loss=0.00183095, RMSE_E_per_atom=    3.38 meV, RMSE_F=   16.91 meV / A
2026-08-26 18:21:56.780 INFO: --- Gradient diagnostics (epoch 105, batch 0) ---
2026-08-26 18:21:56.780 INFO:   forces: pred_rms=0.0815 eV/Å, ref_rms=0.0806 eV/Å, err_rms=0.0150 eV/Å
2026-08-26 18:21:56.780 INFO:   energy/atom: pred_mean=-3.0569 eV, ref_mean=-3.0561 eV, err_mean=0.0020 eV
2026-08-26 18:21:56.781 INFO:   energy decomposition (mean/atom): E_inter=0.3855 eV, E_QEq=-0.406130 eV
2026-08-26 18:21:56.783 INFO:   QEq charges per element: Z=7: mean=-0.3021, std=nan, min=-0.3021, max=-0.3021 | Z=9: mean=-0.5623, std=nan, min=-0.5623, max=-0.5623 | Z=15: mean=-0.2268, std=nan, min=-0.2268, max=-0.2268 | Z=16: mean=-0.3924, std=nan, min=-0.3924, max=-0.3924 | Z=33: mean=-0.4870, std=0.1745, min=-0.6104, max=-0.3637 | Z=35: mean=0.1339, std=0.2544, min=-0.3425, max=0.3410 | Z=52: mean=-0.1299, std=nan, min=-0.1299, max=-0.1299 | Z=53: mean=-0.0740, std=0.2605, min=-0.3079, max=0.3234 | Z=55: mean=-0.0549, std=0.3817, min=-0.4126, max=0.4435 | Z=82: mean=-0.1357, std=0.3719, min=-0.4919, max=0.4250
2026-08-26 18:21:56.785 INFO:   Top-10 param grad norms:
2026-08-26 18:21:56.785 INFO:     interactions.0.conv_tp_weights.layer0.weight: 0.097526
2026-08-26 18:21:56.785 INFO:     products.0.symmetric_contractions.weight: 0.049458
2026-08-26 18:21:56.785 INFO:     interactions.0.linear.weight: 0.042229
2026-08-26 18:21:56.785 INFO:     interactions.1.linear.weight: 0.039595
2026-08-26 18:21:56.785 INFO:     interactions.0.conv_tp_weights.layer1.weight: 0.032215
2026-08-26 18:21:56.785 INFO:     products.1.symmetric_contractions.weight: 0.030296
2026-08-26 18:21:56.786 INFO:     products.0.linear.weight: 0.028336
2026-08-26 18:21:56.786 INFO:     products.1.linear.weight: 0.022370
2026-08-26 18:21:56.786 INFO:     interactions.0.conv_tp_weights.layer2.weight: 0.020332
2026-08-26 18:21:56.786 INFO:     charge_embedding.weight: 0.016038
2026-08-26 18:21:56.786 INFO:   All parameters have nonzero gradients ✓
2026-08-26 18:21:56.786 INFO:   Total grad norm (before clip): 0.1426
2026-08-26 18:21:56.786 INFO: --- End gradient diagnostics ---
2026-08-26 18:34:33.142 INFO:   Epoch energy decomposition (mean/atom): E_inter=0.3913 eV, E_QEq=-0.390975 eV
2026-08-26 18:35:25.861 INFO: Epoch 105: head: Default, loss=0.00189789, RMSE_E_per_atom=    3.44 meV, RMSE_F=   17.22 meV / A
2026-08-26 18:35:25.995 INFO: --- Gradient diagnostics (epoch 106, batch 0) ---
2026-08-26 18:35:25.995 INFO:   forces: pred_rms=0.1779 eV/Å, ref_rms=0.1763 eV/Å, err_rms=0.0164 eV/Å
2026-08-26 18:35:25.996 INFO:   energy/atom: pred_mean=-3.0688 eV, ref_mean=-3.0672 eV, err_mean=0.0035 eV
2026-08-26 18:35:25.996 INFO:   energy decomposition (mean/atom): E_inter=0.3748 eV, E_QEq=-0.366780 eV
2026-08-26 18:35:25.998 INFO:   QEq charges per element: Z=7: mean=-0.3544, std=0.4557, min=-0.6766, max=-0.0322 | Z=8: mean=-0.4942, std=nan, min=-0.4942, max=-0.4942 | Z=16: mean=-0.3739, std=nan, min=-0.3739, max=-0.3739 | Z=17: mean=-0.3587, std=nan, min=-0.3587, max=-0.3587 | Z=33: mean=0.0141, std=nan, min=0.0141, max=0.0141 | Z=35: mean=-0.0558, std=0.2716, min=-0.3162, max=0.3238 | Z=52: mean=-0.2911, std=nan, min=-0.2911, max=-0.2911 | Z=53: mean=0.0154, std=0.2730, min=-0.3875, max=0.3077 | Z=55: mean=0.0949, std=0.4085, min=-0.4362, max=0.4948 | Z=82: mean=0.0137, std=0.3761, min=-0.4868, max=0.3872
2026-08-26 18:35:26.000 INFO:   Top-10 param grad norms:
2026-08-26 18:35:26.000 INFO:     interactions.0.conv_tp_weights.layer0.weight: 0.346555
2026-08-26 18:35:26.000 INFO:     interactions.0.conv_tp_weights.layer1.weight: 0.119750
2026-08-26 18:35:26.000 INFO:     interactions.0.linear.weight: 0.092418
2026-08-26 18:35:26.000 INFO:     products.0.symmetric_contractions.weight: 0.086452
2026-08-26 18:35:26.000 INFO:     interactions.0.conv_tp_weights.layer2.weight: 0.074798
2026-08-26 18:35:26.000 INFO:     interactions.1.linear.weight: 0.071890
2026-08-26 18:35:26.000 INFO:     products.1.symmetric_contractions.weight: 0.058724
2026-08-26 18:35:26.001 INFO:     products.0.linear.weight: 0.048819
2026-08-26 18:35:26.001 INFO:     interactions.0.conv_tp_weights.layer3.weight: 0.044748
2026-08-26 18:35:26.001 INFO:     products.1.linear.weight: 0.037902
2026-08-26 18:35:26.001 INFO:   All parameters have nonzero gradients ✓
2026-08-26 18:35:26.001 INFO:   Total grad norm (before clip): 0.4166
2026-08-26 18:35:26.001 INFO: --- End gradient diagnostics ---
2026-08-26 18:48:07.743 INFO:   Epoch energy decomposition (mean/atom): E_inter=0.3884 eV, E_QEq=-0.388081 eV
2026-08-26 18:49:07.597 INFO: Epoch 106: head: Default, loss=0.00179501, RMSE_E_per_atom=    3.35 meV, RMSE_F=   16.75 meV / A
2026-08-26 18:49:07.835 INFO: --- Gradient diagnostics (epoch 107, batch 0) ---
2026-08-26 18:49:07.835 INFO:   forces: pred_rms=0.2159 eV/Å, ref_rms=0.2159 eV/Å, err_rms=0.0216 eV/Å
2026-08-26 18:49:07.836 INFO:   energy/atom: pred_mean=-2.9125 eV, ref_mean=-2.9124 eV, err_mean=0.0013 eV
2026-08-26 18:49:07.836 INFO:   energy decomposition (mean/atom): E_inter=0.3955 eV, E_QEq=-0.382543 eV
2026-08-26 18:49:07.839 INFO:   QEq charges per element: Z=7: mean=-0.2840, std=nan, min=-0.2840, max=-0.2840 | Z=15: mean=0.0269, std=0.2219, min=-0.1300, max=0.1838 | Z=16: mean=-0.2699, std=nan, min=-0.2699, max=-0.2699 | Z=17: mean=-0.1441, std=nan, min=-0.1441, max=-0.1441 | Z=33: mean=-0.1872, std=0.4490, min=-0.5047, max=0.1303 | Z=35: mean=0.1370, std=0.2439, min=-0.3733, max=0.3446 | Z=52: mean=-0.0238, std=nan, min=-0.0238, max=-0.0238 | Z=53: mean=0.1025, std=0.2636, min=-0.3362, max=0.3465 | Z=55: mean=-0.1538, std=0.3531, min=-0.4309, max=0.4318 | Z=82: mean=-0.2122, std=0.3622, min=-0.5008, max=0.4016
2026-08-26 18:49:07.840 INFO:   Top-10 param grad norms:
2026-08-26 18:49:07.840 INFO:     interactions.0.conv_tp_weights.layer0.weight: 0.125387
2026-08-26 18:49:07.840 INFO:     products.0.symmetric_contractions.weight: 0.052566
2026-08-26 18:49:07.840 INFO:     interactions.1.linear.weight: 0.051223
2026-08-26 18:49:07.840 INFO:     products.1.symmetric_contractions.weight: 0.048975
2026-08-26 18:49:07.841 INFO:     interactions.0.linear.weight: 0.041021
2026-08-26 18:49:07.841 INFO:     interactions.0.conv_tp_weights.layer1.weight: 0.040401
2026-08-26 18:49:07.841 INFO:     products.0.linear.weight: 0.031065
2026-08-26 18:49:07.841 INFO:     interactions.0.conv_tp_weights.layer2.weight: 0.024227
2026-08-26 18:49:07.841 INFO:     products.1.linear.weight: 0.022963
2026-08-26 18:49:07.841 INFO:     charge_embedding.weight: 0.015658
2026-08-26 18:49:07.841 INFO:   All parameters have nonzero gradients ✓
2026-08-26 18:49:07.841 INFO:   Total grad norm (before clip): 0.1733
2026-08-26 18:49:07.841 INFO: --- End gradient diagnostics ---
2026-08-26 19:02:03.218 INFO:   Epoch energy decomposition (mean/atom): E_inter=0.3922 eV, E_QEq=-0.391887 eV
2026-08-26 19:03:00.026 INFO: Epoch 107: head: Default, loss=0.00188050, RMSE_E_per_atom=    3.39 meV, RMSE_F=   17.15 meV / A
2026-08-26 19:03:00.176 INFO: --- Gradient diagnostics (epoch 108, batch 0) ---
2026-08-26 19:03:00.177 INFO:   forces: pred_rms=0.1208 eV/Å, ref_rms=0.1160 eV/Å, err_rms=0.0180 eV/Å
2026-08-26 19:03:00.177 INFO:   energy/atom: pred_mean=-2.9588 eV, ref_mean=-2.9601 eV, err_mean=0.0017 eV
2026-08-26 19:03:00.177 INFO:   energy decomposition (mean/atom): E_inter=0.3941 eV, E_QEq=-0.406723 eV
2026-08-26 19:03:00.180 INFO:   QEq charges per element: Z=7: mean=-0.0642, std=0.2124, min=-0.2144, max=0.0860 | Z=8: mean=-0.3356, std=nan, min=-0.3356, max=-0.3356 | Z=15: mean=-0.5168, std=0.1460, min=-0.6801, max=-0.3986 | Z=16: mean=-0.1807, std=0.1513, min=-0.2877, max=-0.0738 | Z=35: mean=0.0196, std=0.2794, min=-0.3473, max=0.3673 | Z=52: mean=-0.2582, std=0.4191, min=-0.5546, max=0.0382 | Z=53: mean=0.1095, std=0.2629, min=-0.3419, max=0.4030 | Z=55: mean=-0.0618, std=0.3893, min=-0.3972, max=0.4891 | Z=82: mean=-0.1344, std=0.3693, min=-0.5148, max=0.3564
2026-08-26 19:03:00.181 INFO:   Top-10 param grad norms:
2026-08-26 19:03:00.182 INFO:     interactions.0.conv_tp_weights.layer0.weight: 0.078561
2026-08-26 19:03:00.182 INFO:     products.0.symmetric_contractions.weight: 0.073729
2026-08-26 19:03:00.182 INFO:     interactions.1.linear.weight: 0.067236
2026-08-26 19:03:00.182 INFO:     products.1.symmetric_contractions.weight: 0.060049
2026-08-26 19:03:00.182 INFO:     interactions.0.linear.weight: 0.054720
2026-08-26 19:03:00.182 INFO:     products.0.linear.weight: 0.037722
2026-08-26 19:03:00.182 INFO:     products.1.linear.weight: 0.035209
2026-08-26 19:03:00.182 INFO:     charge_embedding.weight: 0.026810
2026-08-26 19:03:00.182 INFO:     interactions.0.conv_tp_weights.layer1.weight: 0.025029
2026-08-26 19:03:00.182 INFO:     interactions.0.linear_up.weight: 0.018763
2026-08-26 19:03:00.182 INFO:   All parameters have nonzero gradients ✓
2026-08-26 19:03:00.182 INFO:   Total grad norm (before clip): 0.1681
2026-08-26 19:03:00.182 INFO: --- End gradient diagnostics ---
2026-08-26 19:15:58.419 INFO:   Epoch energy decomposition (mean/atom): E_inter=0.3945 eV, E_QEq=-0.394159 eV
2026-08-26 19:16:54.440 INFO: Epoch 108: head: Default, loss=0.00193108, RMSE_E_per_atom=    3.41 meV, RMSE_F=   17.38 meV / A
2026-08-26 19:16:54.582 INFO: --- Gradient diagnostics (epoch 109, batch 0) ---
2026-08-26 19:16:54.583 INFO:   forces: pred_rms=0.0887 eV/Å, ref_rms=0.0889 eV/Å, err_rms=0.0158 eV/Å
2026-08-26 19:16:54.583 INFO:   energy/atom: pred_mean=-2.9902 eV, ref_mean=-2.9902 eV, err_mean=0.0024 eV
2026-08-26 19:16:54.583 INFO:   energy decomposition (mean/atom): E_inter=0.4074 eV, E_QEq=-0.432544 eV
2026-08-26 19:16:54.587 INFO:   QEq charges per element: Z=7: mean=-0.1248, std=nan, min=-0.1248, max=-0.1248 | Z=15: mean=-0.4822, std=0.0291, min=-0.5027, max=-0.4616 | Z=17: mean=0.3312, std=nan, min=0.3312, max=0.3312 | Z=33: mean=-0.4549, std=nan, min=-0.4549, max=-0.4549 | Z=35: mean=0.1805, std=0.2279, min=-0.3570, max=0.3561 | Z=52: mean=-0.2768, std=0.3952, min=-0.7448, max=0.3069 | Z=53: mean=0.0756, std=0.2776, min=-0.3108, max=0.3501 | Z=55: mean=-0.1386, std=0.3670, min=-0.4136, max=0.4613 | Z=82: mean=-0.1993, std=0.3437, min=-0.4732, max=0.3639
2026-08-26 19:16:54.588 INFO:   Top-10 param grad norms:
2026-08-26 19:16:54.589 INFO:     interactions.0.conv_tp_weights.layer0.weight: 0.168647
2026-08-26 19:16:54.589 INFO:     products.0.symmetric_contractions.weight: 0.062962
2026-08-26 19:16:54.589 INFO:     interactions.0.linear.weight: 0.062849
2026-08-26 19:16:54.589 INFO:     interactions.0.conv_tp_weights.layer1.weight: 0.055430
2026-08-26 19:16:54.589 INFO:     interactions.1.linear.weight: 0.054797
2026-08-26 19:16:54.589 INFO:     products.0.linear.weight: 0.042851
2026-08-26 19:16:54.589 INFO:     products.1.symmetric_contractions.weight: 0.041969
2026-08-26 19:16:54.589 INFO:     interactions.0.conv_tp_weights.layer2.weight: 0.033939
2026-08-26 19:16:54.589 INFO:     products.1.linear.weight: 0.029076
2026-08-26 19:16:54.589 INFO:     charge_embedding.weight: 0.020222
2026-08-26 19:16:54.589 INFO:   All parameters have nonzero gradients ✓
2026-08-26 19:16:54.589 INFO:   Total grad norm (before clip): 0.2245
2026-08-26 19:16:54.589 INFO: --- End gradient diagnostics ---
2026-08-26 19:28:26.202 INFO:   Epoch energy decomposition (mean/atom): E_inter=0.3910 eV, E_QEq=-0.390657 eV
2026-08-26 19:29:20.704 INFO: Epoch 109: head: Default, loss=0.00186458, RMSE_E_per_atom=    3.37 meV, RMSE_F=   17.07 meV / A
2026-08-26 19:29:20.840 INFO: --- Gradient diagnostics (epoch 110, batch 0) ---
2026-08-26 19:29:20.841 INFO:   forces: pred_rms=0.1964 eV/Å, ref_rms=0.1962 eV/Å, err_rms=0.0182 eV/Å
2026-08-26 19:29:20.841 INFO:   energy/atom: pred_mean=-2.9962 eV, ref_mean=-2.9949 eV, err_mean=0.0029 eV
2026-08-26 19:29:20.842 INFO:   energy decomposition (mean/atom): E_inter=0.3748 eV, E_QEq=-0.354614 eV
2026-08-26 19:29:20.844 INFO:   QEq charges per element: Z=7: mean=-0.3295, std=0.3903, min=-0.7115, max=0.0306 | Z=8: mean=-0.2016, std=nan, min=-0.2016, max=-0.2016 | Z=33: mean=-0.3333, std=0.4078, min=-0.5990, max=0.1362 | Z=35: mean=-0.0803, std=0.2657, min=-0.3411, max=0.3357 | Z=53: mean=-0.1268, std=0.2393, min=-0.3499, max=0.3400 | Z=55: mean=0.1697, std=0.3642, min=-0.4443, max=0.4873 | Z=82: mean=0.0958, std=0.3564, min=-0.4794, max=0.4290
2026-08-26 19:29:20.845 INFO:   Top-10 param grad norms:
2026-08-26 19:29:20.845 INFO:     interactions.0.conv_tp_weights.layer0.weight: 0.137646
2026-08-26 19:29:20.845 INFO:     products.1.symmetric_contractions.weight: 0.089288
2026-08-26 19:29:20.845 INFO:     products.0.symmetric_contractions.weight: 0.089220
2026-08-26 19:29:20.845 INFO:     interactions.1.linear.weight: 0.084372
2026-08-26 19:29:20.846 INFO:     interactions.0.linear.weight: 0.077881
2026-08-26 19:29:20.846 INFO:     products.0.linear.weight: 0.054513
2026-08-26 19:29:20.846 INFO:     products.1.linear.weight: 0.048499
2026-08-26 19:29:20.846 INFO:     interactions.0.conv_tp_weights.layer1.weight: 0.045122
2026-08-26 19:29:20.846 INFO:     interactions.0.conv_tp_weights.layer2.weight: 0.030414
2026-08-26 19:29:20.846 INFO:     interactions.0.conv_tp_weights.layer3.weight: 0.028928
2026-08-26 19:29:20.846 INFO:   All parameters have nonzero gradients ✓
2026-08-26 19:29:20.846 INFO:   Total grad norm (before clip): 0.2455
2026-08-26 19:29:20.846 INFO: --- End gradient diagnostics ---
2026-08-26 19:42:08.494 INFO:   Epoch energy decomposition (mean/atom): E_inter=0.3915 eV, E_QEq=-0.391183 eV
2026-08-26 19:43:10.230 INFO: Epoch 110: head: Default, loss=0.00178049, RMSE_E_per_atom=    3.36 meV, RMSE_F=   16.68 meV / A
2026-08-26 19:43:10.423 INFO: --- Gradient diagnostics (epoch 111, batch 0) ---
2026-08-26 19:43:10.424 INFO:   forces: pred_rms=0.0687 eV/Å, ref_rms=0.0668 eV/Å, err_rms=0.0136 eV/Å
2026-08-26 19:43:10.424 INFO:   energy/atom: pred_mean=-2.9369 eV, ref_mean=-2.9381 eV, err_mean=0.0022 eV
2026-08-26 19:43:10.424 INFO:   energy decomposition (mean/atom): E_inter=0.3608 eV, E_QEq=-0.365153 eV
2026-08-26 19:43:10.428 INFO:   QEq charges per element: Z=7: mean=-0.3748, std=nan, min=-0.3748, max=-0.3748 | Z=8: mean=-0.0551, std=nan, min=-0.0551, max=-0.0551 | Z=15: mean=-0.3279, std=nan, min=-0.3279, max=-0.3279 | Z=16: mean=-0.3008, std=nan, min=-0.3008, max=-0.3008 | Z=17: mean=-0.3942, std=nan, min=-0.3942, max=-0.3942 | Z=33: mean=-0.4367, std=nan, min=-0.4367, max=-0.4367 | Z=34: mean=0.0152, std=nan, min=0.0152, max=0.0152 | Z=35: mean=0.1502, std=0.2383, min=-0.2923, max=0.3508 | Z=52: mean=-0.2781, std=0.2485, min=-0.4538, max=-0.1024 | Z=53: mean=-0.0777, std=0.2607, min=-0.3504, max=0.3487 | Z=55: mean=0.0047, std=0.3969, min=-0.4159, max=0.4546 | Z=82: mean=-0.0546, std=0.3827, min=-0.5380, max=0.3644
2026-08-26 19:43:10.429 INFO:   Top-10 param grad norms:
2026-08-26 19:43:10.429 INFO:     interactions.0.conv_tp_weights.layer0.weight: 0.093684
2026-08-26 19:43:10.429 INFO:     products.0.symmetric_contractions.weight: 0.039924
2026-08-26 19:43:10.429 INFO:     interactions.1.linear.weight: 0.036290
2026-08-26 19:43:10.429 INFO:     interactions.0.linear.weight: 0.035747
2026-08-26 19:43:10.429 INFO:     products.1.symmetric_contractions.weight: 0.032404
2026-08-26 19:43:10.430 INFO:     interactions.0.conv_tp_weights.layer1.weight: 0.031285
2026-08-26 19:43:10.430 INFO:     products.0.linear.weight: 0.028092
2026-08-26 19:43:10.430 INFO:     interactions.0.conv_tp_weights.layer2.weight: 0.020071
2026-08-26 19:43:10.430 INFO:     products.1.linear.weight: 0.015585
2026-08-26 19:43:10.430 INFO:     interactions.0.conv_tp_weights.layer3.weight: 0.014601
2026-08-26 19:43:10.430 INFO:   All parameters have nonzero gradients ✓
2026-08-26 19:43:10.430 INFO:   Total grad norm (before clip): 0.1318
2026-08-26 19:43:10.430 INFO: --- End gradient diagnostics ---
2026-08-26 19:55:24.438 INFO:   Epoch energy decomposition (mean/atom): E_inter=0.3937 eV, E_QEq=-0.393354 eV
2026-08-26 19:56:20.310 INFO: Epoch 111: head: Default, loss=0.00180208, RMSE_E_per_atom=    3.37 meV, RMSE_F=   16.78 meV / A
2026-08-26 19:56:20.448 INFO: --- Gradient diagnostics (epoch 112, batch 0) ---
2026-08-26 19:56:20.448 INFO:   forces: pred_rms=0.1455 eV/Å, ref_rms=0.1437 eV/Å, err_rms=0.0158 eV/Å
2026-08-26 19:56:20.449 INFO:   energy/atom: pred_mean=-2.9575 eV, ref_mean=-2.9542 eV, err_mean=0.0037 eV
2026-08-26 19:56:20.449 INFO:   energy decomposition (mean/atom): E_inter=0.3839 eV, E_QEq=-0.373248 eV
2026-08-26 19:56:20.452 INFO:   QEq charges per element: Z=7: mean=-0.0568, std=nan, min=-0.0568, max=-0.0568 | Z=8: mean=-0.1770, std=nan, min=-0.1770, max=-0.1770 | Z=9: mean=-0.4980, std=nan, min=-0.4980, max=-0.4980 | Z=16: mean=-0.0342, std=0.0364, min=-0.0600, max=-0.0084 | Z=34: mean=-0.3302, std=nan, min=-0.3302, max=-0.3302 | Z=35: mean=0.0604, std=0.2736, min=-0.3418, max=0.3159 | Z=52: mean=-0.5976, std=nan, min=-0.5976, max=-0.5976 | Z=53: mean=0.0614, std=0.2685, min=-0.2990, max=0.3372 | Z=55: mean=-0.0800, std=0.3860, min=-0.4416, max=0.4516 | Z=82: mean=-0.1376, std=0.3889, min=-0.5339, max=0.4348
2026-08-26 19:56:20.453 INFO:   Top-10 param grad norms:
2026-08-26 19:56:20.454 INFO:     products.0.symmetric_contractions.weight: 0.055623
2026-08-26 19:56:20.454 INFO:     interactions.0.conv_tp_weights.layer0.weight: 0.051538
2026-08-26 19:56:20.454 INFO:     interactions.0.linear.weight: 0.047958
2026-08-26 19:56:20.454 INFO:     interactions.1.linear.weight: 0.038450
2026-08-26 19:56:20.454 INFO:     products.0.linear.weight: 0.037196
2026-08-26 19:56:20.454 INFO:     products.1.symmetric_contractions.weight: 0.033529
2026-08-26 19:56:20.454 INFO:     interactions.0.conv_tp_weights.layer1.weight: 0.027791
2026-08-26 19:56:20.454 INFO:     charge_embedding.weight: 0.025430
2026-08-26 19:56:20.454 INFO:     products.1.linear.weight: 0.025418
2026-08-26 19:56:20.454 INFO:     interactions.0.conv_tp_weights.layer3.weight: 0.023458
2026-08-26 19:56:20.454 INFO:   All parameters have nonzero gradients ✓
2026-08-26 19:56:20.454 INFO:   Total grad norm (before clip): 0.1306
2026-08-26 19:56:20.454 INFO: --- End gradient diagnostics ---
2026-08-26 20:08:37.547 INFO:   Epoch energy decomposition (mean/atom): E_inter=0.3956 eV, E_QEq=-0.395291 eV
2026-08-26 20:09:33.182 INFO: Epoch 112: head: Default, loss=0.00178054, RMSE_E_per_atom=    3.34 meV, RMSE_F=   16.68 meV / A
2026-08-26 20:09:33.333 INFO: --- Gradient diagnostics (epoch 113, batch 0) ---
2026-08-26 20:09:33.334 INFO:   forces: pred_rms=0.2527 eV/Å, ref_rms=0.2499 eV/Å, err_rms=0.0240 eV/Å
2026-08-26 20:09:33.334 INFO:   energy/atom: pred_mean=-2.9172 eV, ref_mean=-2.9176 eV, err_mean=0.0020 eV
2026-08-26 20:09:33.334 INFO:   energy decomposition (mean/atom): E_inter=0.3889 eV, E_QEq=-0.372458 eV
2026-08-26 20:09:33.337 INFO:   QEq charges per element: Z=7: mean=-0.2692, std=nan, min=-0.2692, max=-0.2692 | Z=8: mean=-0.7074, std=0.2061, min=-0.8531, max=-0.5616 | Z=9: mean=-0.3073, std=nan, min=-0.3073, max=-0.3073 | Z=16: mean=-0.2478, std=nan, min=-0.2478, max=-0.2478 | Z=17: mean=-0.2668, std=0.4772, min=-0.6042, max=0.0707 | Z=33: mean=-0.3861, std=nan, min=-0.3861, max=-0.3861 | Z=35: mean=-0.1231, std=0.2505, min=-0.3875, max=0.3509 | Z=52: mean=0.1877, std=nan, min=0.1877, max=0.1877 | Z=53: mean=0.0154, std=0.2722, min=-0.3025, max=0.3394 | Z=55: mean=0.1064, std=0.3956, min=-0.4481, max=0.4950 | Z=82: mean=0.0156, std=0.3679, min=-0.5076, max=0.4091
2026-08-26 20:09:33.339 INFO:   Top-10 param grad norms:
2026-08-26 20:09:33.339 INFO:     interactions.0.conv_tp_weights.layer0.weight: 0.219515
2026-08-26 20:09:33.339 INFO:     products.0.symmetric_contractions.weight: 0.082146
2026-08-26 20:09:33.339 INFO:     interactions.1.linear.weight: 0.076385
2026-08-26 20:09:33.339 INFO:     interactions.0.conv_tp_weights.layer1.weight: 0.068880
2026-08-26 20:09:33.339 INFO:     interactions.0.linear.weight: 0.063680
2026-08-26 20:09:33.340 INFO:     products.1.symmetric_contractions.weight: 0.061377
2026-08-26 20:09:33.340 INFO:     products.0.linear.weight: 0.042533
2026-08-26 20:09:33.340 INFO:     interactions.0.conv_tp_weights.layer2.weight: 0.039438
2026-08-26 20:09:33.340 INFO:     products.1.linear.weight: 0.034346
2026-08-26 20:09:33.340 INFO:     interactions.0.conv_tp_weights.layer3.weight: 0.022993
2026-08-26 20:09:33.340 INFO:   All parameters have nonzero gradients ✓
2026-08-26 20:09:33.340 INFO:   Total grad norm (before clip): 0.2832
2026-08-26 20:09:33.340 INFO: --- End gradient diagnostics ---
2026-08-26 20:21:54.235 INFO:   Epoch energy decomposition (mean/atom): E_inter=0.3947 eV, E_QEq=-0.394418 eV
2026-08-26 20:22:48.249 INFO: Epoch 113: head: Default, loss=0.00197679, RMSE_E_per_atom=    3.40 meV, RMSE_F=   17.59 meV / A
2026-08-26 20:22:48.387 INFO: --- Gradient diagnostics (epoch 114, batch 0) ---
2026-08-26 20:22:48.387 INFO:   forces: pred_rms=0.0586 eV/Å, ref_rms=0.0527 eV/Å, err_rms=0.0159 eV/Å
2026-08-26 20:22:48.388 INFO:   energy/atom: pred_mean=-3.0841 eV, ref_mean=-3.0854 eV, err_mean=0.0041 eV
2026-08-26 20:22:48.388 INFO:   energy decomposition (mean/atom): E_inter=0.3920 eV, E_QEq=-0.410488 eV
2026-08-26 20:22:48.390 INFO:   QEq charges per element: Z=15: mean=-0.3589, std=0.2831, min=-0.5591, max=-0.1587 | Z=34: mean=-0.3758, std=nan, min=-0.3758, max=-0.3758 | Z=35: mean=0.0750, std=0.2653, min=-0.3164, max=0.3591 | Z=52: mean=-0.1725, std=0.0343, min=-0.1968, max=-0.1483 | Z=53: mean=0.2625, std=0.0789, min=-0.2443, max=0.3144 | Z=55: mean=-0.1490, std=0.3459, min=-0.4532, max=0.4277 | Z=82: mean=-0.2005, std=0.3556, min=-0.4790, max=0.3798
2026-08-26 20:22:48.391 INFO:   Top-10 param grad norms:
2026-08-26 20:22:48.391 INFO:     interactions.0.conv_tp_weights.layer0.weight: 0.329529
2026-08-26 20:22:48.391 INFO:     interactions.0.conv_tp_weights.layer1.weight: 0.105989
2026-08-26 20:22:48.391 INFO:     products.0.symmetric_contractions.weight: 0.099573
2026-08-26 20:22:48.392 INFO:     interactions.0.linear.weight: 0.094347
2026-08-26 20:22:48.392 INFO:     products.1.symmetric_contractions.weight: 0.080742
2026-08-26 20:22:48.392 INFO:     interactions.1.linear.weight: 0.074427
2026-08-26 20:22:48.392 INFO:     interactions.0.conv_tp_weights.layer2.weight: 0.064396
2026-08-26 20:22:48.392 INFO:     products.0.linear.weight: 0.061147
2026-08-26 20:22:48.392 INFO:     products.1.linear.weight: 0.039462
2026-08-26 20:22:48.392 INFO:     interactions.0.conv_tp_weights.layer3.weight: 0.038917
2026-08-26 20:22:48.392 INFO:   All parameters have nonzero gradients ✓
2026-08-26 20:22:48.392 INFO:   Total grad norm (before clip): 0.4062
2026-08-26 20:22:48.392 INFO: --- End gradient diagnostics ---
2026-08-26 20:34:14.717 INFO:   Epoch energy decomposition (mean/atom): E_inter=0.3961 eV, E_QEq=-0.395747 eV
2026-08-26 20:35:05.974 INFO: Epoch 114: head: Default, loss=0.00177938, RMSE_E_per_atom=    3.32 meV, RMSE_F=   16.68 meV / A
2026-08-26 20:35:06.160 INFO: --- Gradient diagnostics (epoch 115, batch 0) ---
2026-08-26 20:35:06.160 INFO:   forces: pred_rms=0.1812 eV/Å, ref_rms=0.1817 eV/Å, err_rms=0.0190 eV/Å
2026-08-26 20:35:06.160 INFO:   energy/atom: pred_mean=-2.9277 eV, ref_mean=-2.9281 eV, err_mean=0.0024 eV
2026-08-26 20:35:06.161 INFO:   energy decomposition (mean/atom): E_inter=0.3917 eV, E_QEq=-0.386941 eV
2026-08-26 20:35:06.164 INFO:   QEq charges per element: Z=7: mean=0.0128, std=0.2710, min=-0.1788, max=0.2045 | Z=9: mean=0.0545, std=nan, min=0.0545, max=0.0545 | Z=16: mean=0.4005, std=nan, min=0.4005, max=0.4005 | Z=17: mean=-0.2921, std=nan, min=-0.2921, max=-0.2921 | Z=33: mean=-0.4168, std=nan, min=-0.4168, max=-0.4168 | Z=34: mean=0.0371, std=0.2571, min=-0.1447, max=0.2189 | Z=35: mean=0.1528, std=0.2470, min=-0.3389, max=0.3781 | Z=52: mean=-0.0098, std=nan, min=-0.0098, max=-0.0098 | Z=53: mean=0.0065, std=0.2707, min=-0.2905, max=0.3359 | Z=55: mean=-0.0629, std=0.3962, min=-0.4335, max=0.4612 | Z=82: mean=-0.1405, std=0.3635, min=-0.5085, max=0.3509
2026-08-26 20:35:06.165 INFO:   Top-10 param grad norms:
2026-08-26 20:35:06.165 INFO:     interactions.0.conv_tp_weights.layer0.weight: 0.130448
2026-08-26 20:35:06.165 INFO:     products.0.symmetric_contractions.weight: 0.071075
2026-08-26 20:35:06.165 INFO:     interactions.0.linear.weight: 0.055529
2026-08-26 20:35:06.165 INFO:     interactions.1.linear.weight: 0.051809
2026-08-26 20:35:06.166 INFO:     products.1.symmetric_contractions.weight: 0.048907
2026-08-26 20:35:06.166 INFO:     interactions.0.conv_tp_weights.layer1.weight: 0.041889
2026-08-26 20:35:06.166 INFO:     products.0.linear.weight: 0.037185
2026-08-26 20:35:06.166 INFO:     charge_embedding.weight: 0.030879
2026-08-26 20:35:06.166 INFO:     interactions.0.conv_tp_weights.layer2.weight: 0.025910
2026-08-26 20:35:06.166 INFO:     products.1.linear.weight: 0.022118
2026-08-26 20:35:06.166 INFO:   All parameters have nonzero gradients ✓
2026-08-26 20:35:06.166 INFO:   Total grad norm (before clip): 0.1922
2026-08-26 20:35:06.166 INFO: --- End gradient diagnostics ---
2026-08-26 20:46:51.581 INFO:   Epoch energy decomposition (mean/atom): E_inter=0.3969 eV, E_QEq=-0.396539 eV
2026-08-26 20:47:44.707 INFO: Epoch 115: head: Default, loss=0.00198987, RMSE_E_per_atom=    3.35 meV, RMSE_F=   17.65 meV / A
2026-08-26 20:47:44.869 INFO: --- Gradient diagnostics (epoch 116, batch 0) ---
2026-08-26 20:47:44.870 INFO:   forces: pred_rms=0.1088 eV/Å, ref_rms=0.1043 eV/Å, err_rms=0.0179 eV/Å
2026-08-26 20:47:44.870 INFO:   energy/atom: pred_mean=-3.0210 eV, ref_mean=-3.0241 eV, err_mean=0.0036 eV
2026-08-26 20:47:44.871 INFO:   energy decomposition (mean/atom): E_inter=0.4265 eV, E_QEq=-0.437034 eV
2026-08-26 20:47:44.875 INFO:   QEq charges per element: Z=7: mean=-0.3776, std=0.3931, min=-0.6556, max=-0.0996 | Z=8: mean=-0.1197, std=nan, min=-0.1197, max=-0.1197 | Z=15: mean=-0.5495, std=0.0751, min=-0.6348, max=-0.4936 | Z=17: mean=0.0741, std=nan, min=0.0741, max=0.0741 | Z=33: mean=0.0856, std=nan, min=0.0856, max=0.0856 | Z=35: mean=0.1972, std=0.2054, min=-0.3471, max=0.3664 | Z=53: mean=0.1389, std=0.2341, min=-0.2829, max=0.3331 | Z=55: mean=-0.2035, std=0.3048, min=-0.4045, max=0.4714 | Z=82: mean=-0.2788, std=0.3082, min=-0.4934, max=0.3413
2026-08-26 20:47:44.876 INFO:   Top-10 param grad norms:
2026-08-26 20:47:44.876 INFO:     interactions.0.conv_tp_weights.layer0.weight: 0.110785
2026-08-26 20:47:44.876 INFO:     products.0.symmetric_contractions.weight: 0.093960
2026-08-26 20:47:44.876 INFO:     interactions.0.linear.weight: 0.082021
2026-08-26 20:47:44.876 INFO:     products.0.linear.weight: 0.062245
2026-08-26 20:47:44.876 INFO:     interactions.1.linear.weight: 0.061326
2026-08-26 20:47:44.877 INFO:     products.1.symmetric_contractions.weight: 0.057162
2026-08-26 20:47:44.877 INFO:     interactions.0.conv_tp_weights.layer1.weight: 0.042937
2026-08-26 20:47:44.877 INFO:     products.1.linear.weight: 0.033620
2026-08-26 20:47:44.877 INFO:     interactions.0.conv_tp_weights.layer3.weight: 0.032144
2026-08-26 20:47:44.877 INFO:     interactions.0.conv_tp_weights.layer2.weight: 0.031671
2026-08-26 20:47:44.877 INFO:   All parameters have nonzero gradients ✓
2026-08-26 20:47:44.877 INFO:   Total grad norm (before clip): 0.2165
2026-08-26 20:47:44.877 INFO: --- End gradient diagnostics ---
2026-08-26 21:00:36.935 INFO:   Epoch energy decomposition (mean/atom): E_inter=0.3969 eV, E_QEq=-0.396620 eV
2026-08-26 21:01:35.984 INFO: Epoch 116: head: Default, loss=0.00175885, RMSE_E_per_atom=    3.30 meV, RMSE_F=   16.58 meV / A
2026-08-26 21:01:36.362 INFO: --- Gradient diagnostics (epoch 117, batch 0) ---
2026-08-26 21:01:36.363 INFO:   forces: pred_rms=0.0391 eV/Å, ref_rms=0.0363 eV/Å, err_rms=0.0108 eV/Å
2026-08-26 21:01:36.364 INFO:   energy/atom: pred_mean=-3.0271 eV, ref_mean=-3.0289 eV, err_mean=0.0028 eV
2026-08-26 21:01:36.364 INFO:   energy decomposition (mean/atom): E_inter=0.3720 eV, E_QEq=-0.392665 eV
2026-08-26 21:01:36.367 INFO:   QEq charges per element: Z=7: mean=0.1899, std=nan, min=0.1899, max=0.1899 | Z=9: mean=-0.4733, std=nan, min=-0.4733, max=-0.4733 | Z=15: mean=-0.5830, std=0.2395, min=-0.7523, max=-0.4137 | Z=16: mean=-0.4338, std=nan, min=-0.4338, max=-0.4338 | Z=17: mean=-0.4341, std=nan, min=-0.4341, max=-0.4341 | Z=33: mean=-0.4987, std=nan, min=-0.4987, max=-0.4987 | Z=35: mean=-0.0780, std=0.2585, min=-0.2960, max=0.3224 | Z=52: mean=-0.2035, std=0.0112, min=-0.2114, max=-0.1956 | Z=53: mean=0.0115, std=0.2864, min=-0.3348, max=0.3312 | Z=55: mean=0.0937, std=0.3833, min=-0.3975, max=0.4794 | Z=82: mean=0.0229, std=0.3714, min=-0.4717, max=0.3720
2026-08-26 21:01:36.369 INFO:   Top-10 param grad norms:
2026-08-26 21:01:36.369 INFO:     products.0.symmetric_contractions.weight: 0.035166
2026-08-26 21:01:36.369 INFO:     interactions.0.linear.weight: 0.030997
2026-08-26 21:01:36.369 INFO:     products.0.linear.weight: 0.029489
2026-08-26 21:01:36.369 INFO:     interactions.1.linear.weight: 0.028168
2026-08-26 21:01:36.369 INFO:     interactions.0.conv_tp_weights.layer0.weight: 0.025415
2026-08-26 21:01:36.369 INFO:     products.1.symmetric_contractions.weight: 0.022009
2026-08-26 21:01:36.369 INFO:     products.1.linear.weight: 0.017087
2026-08-26 21:01:36.369 INFO:     charge_embedding.weight: 0.016194
2026-08-26 21:01:36.369 INFO:     interactions.0.conv_tp_weights.layer1.weight: 0.012224
2026-08-26 21:01:36.369 INFO:     chi_readouts.0.linear.weight: 0.011664
2026-08-26 21:01:36.370 INFO:   All parameters have nonzero gradients ✓
2026-08-26 21:01:36.370 INFO:   Total grad norm (before clip): 0.0808
2026-08-26 21:01:36.370 INFO: --- End gradient diagnostics ---
2026-08-26 21:14:22.652 INFO:   Epoch energy decomposition (mean/atom): E_inter=0.3994 eV, E_QEq=-0.399092 eV
2026-08-26 21:15:18.854 INFO: Epoch 117: head: Default, loss=0.00183014, RMSE_E_per_atom=    3.28 meV, RMSE_F=   16.92 meV / A
2026-08-26 21:15:18.990 INFO: --- Gradient diagnostics (epoch 118, batch 0) ---
2026-08-26 21:15:18.991 INFO:   forces: pred_rms=0.1483 eV/Å, ref_rms=0.1484 eV/Å, err_rms=0.0174 eV/Å
2026-08-26 21:15:18.991 INFO:   energy/atom: pred_mean=-2.9906 eV, ref_mean=-2.9923 eV, err_mean=0.0040 eV
2026-08-26 21:15:18.991 INFO:   energy decomposition (mean/atom): E_inter=0.4040 eV, E_QEq=-0.420063 eV
2026-08-26 21:15:18.994 INFO:   QEq charges per element: Z=7: mean=0.0623, std=nan, min=0.0623, max=0.0623 | Z=8: mean=-0.0754, std=nan, min=-0.0754, max=-0.0754 | Z=9: mean=-0.5366, std=nan, min=-0.5366, max=-0.5366 | Z=16: mean=-0.1584, std=0.1115, min=-0.2372, max=-0.0796 | Z=33: mean=-0.2458, std=nan, min=-0.2458, max=-0.2458 | Z=34: mean=-0.2276, std=0.0009, min=-0.2282, max=-0.2269 | Z=35: mean=0.0656, std=0.2741, min=-0.3021, max=0.3379 | Z=53: mean=0.1792, std=0.2182, min=-0.3013, max=0.3431 | Z=55: mean=-0.1441, std=0.3586, min=-0.4193, max=0.4648 | Z=82: mean=-0.2015, std=0.3465, min=-0.4695, max=0.3667
2026-08-26 21:15:18.995 INFO:   Top-10 param grad norms:
2026-08-26 21:15:18.995 INFO:     interactions.0.conv_tp_weights.layer0.weight: 0.160794
2026-08-26 21:15:18.995 INFO:     products.0.symmetric_contractions.weight: 0.089737
2026-08-26 21:15:18.996 INFO:     interactions.0.linear.weight: 0.081196
2026-08-26 21:15:18.996 INFO:     interactions.1.linear.weight: 0.070981
2026-08-26 21:15:18.996 INFO:     interactions.0.conv_tp_weights.layer1.weight: 0.055745
2026-08-26 21:15:18.996 INFO:     products.1.symmetric_contractions.weight: 0.052317
2026-08-26 21:15:18.996 INFO:     products.0.linear.weight: 0.050376
2026-08-26 21:15:18.996 INFO:     interactions.0.conv_tp_weights.layer2.weight: 0.037052
2026-08-26 21:15:18.996 INFO:     charge_embedding.weight: 0.036260
2026-08-26 21:15:18.996 INFO:     products.1.linear.weight: 0.033521
2026-08-26 21:15:18.996 INFO:   All parameters have nonzero gradients ✓
2026-08-26 21:15:18.996 INFO:   Total grad norm (before clip): 0.2457
2026-08-26 21:15:18.996 INFO: --- End gradient diagnostics ---
2026-08-26 21:27:02.908 INFO:   Epoch energy decomposition (mean/atom): E_inter=0.3969 eV, E_QEq=-0.396581 eV
2026-08-26 21:27:59.039 INFO: Epoch 118: head: Default, loss=0.00177383, RMSE_E_per_atom=    3.26 meV, RMSE_F=   16.66 meV / A
2026-08-26 21:27:59.185 INFO: --- Gradient diagnostics (epoch 119, batch 0) ---
2026-08-26 21:27:59.186 INFO:   forces: pred_rms=0.2208 eV/Å, ref_rms=0.2220 eV/Å, err_rms=0.0220 eV/Å
2026-08-26 21:27:59.186 INFO:   energy/atom: pred_mean=-2.9566 eV, ref_mean=-2.9545 eV, err_mean=0.0026 eV
2026-08-26 21:27:59.186 INFO:   energy decomposition (mean/atom): E_inter=0.4088 eV, E_QEq=-0.398132 eV
2026-08-26 21:27:59.189 INFO:   QEq charges per element: Z=15: mean=-0.3972, std=0.1723, min=-0.5392, max=-0.2055 | Z=16: mean=-0.4202, std=nan, min=-0.4202, max=-0.4202 | Z=17: mean=0.0562, std=nan, min=0.0562, max=0.0562 | Z=33: mean=-0.7975, std=nan, min=-0.7975, max=-0.7975 | Z=34: mean=-0.5179, std=0.2049, min=-0.6628, max=-0.3730 | Z=35: mean=-0.0408, std=0.2734, min=-0.3158, max=0.3796 | Z=52: mean=-0.4628, std=0.1135, min=-0.5431, max=-0.3826 | Z=53: mean=0.0687, std=0.2795, min=-0.3707, max=0.3862 | Z=55: mean=0.0024, std=0.3883, min=-0.4449, max=0.4931 | Z=82: mean=-0.0498, std=0.3920, min=-0.5208, max=0.3983
2026-08-26 21:27:59.191 INFO:   Top-10 param grad norms:
2026-08-26 21:27:59.191 INFO:     interactions.0.conv_tp_weights.layer0.weight: 0.315408
2026-08-26 21:27:59.191 INFO:     interactions.1.linear.weight: 0.182266
2026-08-26 21:27:59.191 INFO:     interactions.0.linear.weight: 0.142512
2026-08-26 21:27:59.191 INFO:     products.1.symmetric_contractions.weight: 0.133501
2026-08-26 21:27:59.191 INFO:     products.0.symmetric_contractions.weight: 0.124073
2026-08-26 21:27:59.191 INFO:     interactions.0.conv_tp_weights.layer1.weight: 0.102424
2026-08-26 21:27:59.191 INFO:     products.0.linear.weight: 0.094591
2026-08-26 21:27:59.191 INFO:     products.1.linear.weight: 0.087549
2026-08-26 21:27:59.191 INFO:     charge_embedding.weight: 0.064355
2026-08-26 21:27:59.191 INFO:     interactions.0.conv_tp_weights.layer2.weight: 0.063411
2026-08-26 21:27:59.192 INFO:   All parameters have nonzero gradients ✓
2026-08-26 21:27:59.192 INFO:   Total grad norm (before clip): 0.4849
2026-08-26 21:27:59.192 INFO: --- End gradient diagnostics ---
2026-08-26 21:39:43.652 INFO:   Epoch energy decomposition (mean/atom): E_inter=0.4002 eV, E_QEq=-0.399912 eV
2026-08-26 21:40:36.407 INFO: Epoch 119: head: Default, loss=0.00184952, RMSE_E_per_atom=    3.28 meV, RMSE_F=   17.01 meV / A
2026-08-26 21:40:36.544 INFO: --- Gradient diagnostics (epoch 120, batch 0) ---
2026-08-26 21:40:36.544 INFO:   forces: pred_rms=0.1335 eV/Å, ref_rms=0.1342 eV/Å, err_rms=0.0187 eV/Å
2026-08-26 21:40:36.544 INFO:   energy/atom: pred_mean=-3.0621 eV, ref_mean=-3.0645 eV, err_mean=0.0042 eV
2026-08-26 21:40:36.545 INFO:   energy decomposition (mean/atom): E_inter=0.4116 eV, E_QEq=-0.426932 eV
2026-08-26 21:40:36.547 INFO:   QEq charges per element: Z=7: mean=-0.0258, std=nan, min=-0.0258, max=-0.0258 | Z=8: mean=-0.1068, std=0.1180, min=-0.2570, max=0.0316 | Z=9: mean=-0.0091, std=nan, min=-0.0091, max=-0.0091 | Z=16: mean=0.3845, std=nan, min=0.3845, max=0.3845 | Z=35: mean=0.1263, std=0.2545, min=-0.3494, max=0.3688 | Z=53: mean=0.2783, std=0.0353, min=-0.0487, max=0.3340 | Z=55: mean=-0.2264, std=0.3194, min=-0.4188, max=0.4445 | Z=82: mean=-0.2948, std=0.3119, min=-0.5777, max=0.3714
2026-08-26 21:40:36.548 INFO:   Top-10 param grad norms:
2026-08-26 21:40:36.549 INFO:     interactions.0.conv_tp_weights.layer0.weight: 0.310244
2026-08-26 21:40:36.549 INFO:     interactions.0.linear.weight: 0.134933
2026-08-26 21:40:36.549 INFO:     products.0.symmetric_contractions.weight: 0.129556
2026-08-26 21:40:36.549 INFO:     interactions.0.conv_tp_weights.layer1.weight: 0.117798
2026-08-26 21:40:36.549 INFO:     interactions.1.linear.weight: 0.112011
2026-08-26 21:40:36.549 INFO:     products.1.symmetric_contractions.weight: 0.110847
2026-08-26 21:40:36.549 INFO:     interactions.0.conv_tp_weights.layer2.weight: 0.078487
2026-08-26 21:40:36.549 INFO:     products.1.linear.weight: 0.075310
2026-08-26 21:40:36.549 INFO:     products.0.linear.weight: 0.069244
2026-08-26 21:40:36.549 INFO:     interactions.0.conv_tp_weights.layer3.weight: 0.048693
2026-08-26 21:40:36.549 INFO:   All parameters have nonzero gradients ✓
2026-08-26 21:40:36.549 INFO:   Total grad norm (before clip): 0.4430
2026-08-26 21:40:36.549 INFO: --- End gradient diagnostics ---
2026-08-26 21:53:05.860 INFO:   Epoch energy decomposition (mean/atom): E_inter=0.4009 eV, E_QEq=-0.400532 eV
2026-08-26 21:54:01.179 INFO: Epoch 120: head: Default, loss=0.00173812, RMSE_E_per_atom=    3.29 meV, RMSE_F=   16.48 meV / A
2026-08-26 21:54:01.361 INFO: --- Gradient diagnostics (epoch 121, batch 0) ---
2026-08-26 21:54:01.362 INFO:   forces: pred_rms=0.0417 eV/Å, ref_rms=0.0374 eV/Å, err_rms=0.0140 eV/Å
2026-08-26 21:54:01.362 INFO:   energy/atom: pred_mean=-2.9970 eV, ref_mean=-2.9981 eV, err_mean=0.0015 eV
2026-08-26 21:54:01.362 INFO:   energy decomposition (mean/atom): E_inter=0.3802 eV, E_QEq=-0.403620 eV
2026-08-26 21:54:01.365 INFO:   QEq charges per element: Z=7: mean=-0.2935, std=0.4706, min=-0.6263, max=0.0393 | Z=9: mean=0.4098, std=nan, min=0.4098, max=0.4098 | Z=15: mean=0.1570, std=nan, min=0.1570, max=0.1570 | Z=17: mean=0.3097, std=nan, min=0.3097, max=0.3097 | Z=34: mean=-0.1469, std=0.5622, min=-0.5444, max=0.2506 | Z=35: mean=0.0638, std=0.2677, min=-0.2849, max=0.3107 | Z=52: mean=-0.0969, std=nan, min=-0.0969, max=-0.0969 | Z=53: mean=0.0725, std=0.2709, min=-0.2686, max=0.3317 | Z=55: mean=-0.0758, std=0.3815, min=-0.4177, max=0.4423 | Z=82: mean=-0.1349, std=0.3693, min=-0.4681, max=0.3618
2026-08-26 21:54:01.366 INFO:   Top-10 param grad norms:
2026-08-26 21:54:01.366 INFO:     products.0.symmetric_contractions.weight: 0.058876
2026-08-26 21:54:01.367 INFO:     interactions.0.linear.weight: 0.049653
2026-08-26 21:54:01.367 INFO:     interactions.1.linear.weight: 0.043283
2026-08-26 21:54:01.367 INFO:     products.0.linear.weight: 0.032510
2026-08-26 21:54:01.367 INFO:     products.1.symmetric_contractions.weight: 0.031559
2026-08-26 21:54:01.367 INFO:     interactions.0.conv_tp_weights.layer0.weight: 0.029320
2026-08-26 21:54:01.367 INFO:     products.1.linear.weight: 0.023388
2026-08-26 21:54:01.367 INFO:     charge_embedding.weight: 0.021208
2026-08-26 21:54:01.367 INFO:     interactions.0.conv_tp_weights.layer3.weight: 0.016783
2026-08-26 21:54:01.367 INFO:     interactions.0.linear_up.weight: 0.015267
2026-08-26 21:54:01.367 INFO:   All parameters have nonzero gradients ✓
2026-08-26 21:54:01.367 INFO:   Total grad norm (before clip): 0.1147
2026-08-26 21:54:01.367 INFO: --- End gradient diagnostics ---
2026-08-26 22:06:53.698 INFO:   Epoch energy decomposition (mean/atom): E_inter=0.4000 eV, E_QEq=-0.399699 eV
2026-08-26 22:07:50.285 INFO: Epoch 121: head: Default, loss=0.00226012, RMSE_E_per_atom=    3.33 meV, RMSE_F=   18.84 meV / A
2026-08-26 22:07:50.423 INFO: --- Gradient diagnostics (epoch 122, batch 0) ---
2026-08-26 22:07:50.423 INFO:   forces: pred_rms=0.2442 eV/Å, ref_rms=0.2470 eV/Å, err_rms=0.0195 eV/Å
2026-08-26 22:07:50.424 INFO:   energy/atom: pred_mean=-2.9224 eV, ref_mean=-2.9231 eV, err_mean=0.0028 eV
2026-08-26 22:07:50.424 INFO:   energy decomposition (mean/atom): E_inter=0.3984 eV, E_QEq=-0.382518 eV
2026-08-26 22:07:50.426 INFO:   QEq charges per element: Z=7: mean=-0.1091, std=0.1222, min=-0.1954, max=-0.0227 | Z=8: mean=-0.5219, std=0.3734, min=-0.7860, max=-0.2579 | Z=15: mean=0.0512, std=nan, min=0.0512, max=0.0512 | Z=16: mean=0.2769, std=nan, min=0.2769, max=0.2769 | Z=33: mean=-0.4253, std=nan, min=-0.4253, max=-0.4253 | Z=35: mean=0.0176, std=0.2781, min=-0.4436, max=0.3343 | Z=53: mean=0.0032, std=0.2714, min=-0.3435, max=0.3732 | Z=55: mean=0.0176, std=0.3996, min=-0.4340, max=0.4836 | Z=82: mean=-0.0664, std=0.3819, min=-0.5282, max=0.4329
2026-08-26 22:07:50.428 INFO:   Top-10 param grad norms:
2026-08-26 22:07:50.428 INFO:     interactions.0.conv_tp_weights.layer0.weight: 0.132127
2026-08-26 22:07:50.428 INFO:     products.0.symmetric_contractions.weight: 0.072985
2026-08-26 22:07:50.428 INFO:     interactions.1.linear.weight: 0.069272
2026-08-26 22:07:50.428 INFO:     interactions.0.linear.weight: 0.061797
2026-08-26 22:07:50.428 INFO:     products.1.symmetric_contractions.weight: 0.057636
2026-08-26 22:07:50.428 INFO:     products.0.linear.weight: 0.042882
2026-08-26 22:07:50.428 INFO:     interactions.0.conv_tp_weights.layer1.weight: 0.040690
2026-08-26 22:07:50.429 INFO:     products.1.linear.weight: 0.026232
2026-08-26 22:07:50.429 INFO:     charge_embedding.weight: 0.024953
2026-08-26 22:07:50.429 INFO:     interactions.0.conv_tp_weights.layer2.weight: 0.022354
2026-08-26 22:07:50.429 INFO:   All parameters have nonzero gradients ✓
2026-08-26 22:07:50.429 INFO:   Total grad norm (before clip): 0.2054
2026-08-26 22:07:50.429 INFO: --- End gradient diagnostics ---
2026-08-26 22:19:51.433 INFO:   Epoch energy decomposition (mean/atom): E_inter=0.4008 eV, E_QEq=-0.400496 eV
2026-08-26 22:20:45.193 INFO: Epoch 122: head: Default, loss=0.00174487, RMSE_E_per_atom=    3.28 meV, RMSE_F=   16.51 meV / A
2026-08-26 22:20:45.325 INFO: --- Gradient diagnostics (epoch 123, batch 0) ---
2026-08-26 22:20:45.325 INFO:   forces: pred_rms=0.2407 eV/Å, ref_rms=0.2317 eV/Å, err_rms=0.0200 eV/Å
2026-08-26 22:20:45.326 INFO:   energy/atom: pred_mean=-2.9239 eV, ref_mean=-2.9245 eV, err_mean=0.0018 eV
2026-08-26 22:20:45.326 INFO:   energy decomposition (mean/atom): E_inter=0.4308 eV, E_QEq=-0.414383 eV
2026-08-26 22:20:45.328 INFO:   QEq charges per element: Z=7: mean=-0.1776, std=0.0660, min=-0.2458, max=-0.1141 | Z=16: mean=-0.1081, std=nan, min=-0.1081, max=-0.1081 | Z=33: mean=-0.4103, std=0.4959, min=-0.8593, max=0.1220 | Z=34: mean=-0.3971, std=nan, min=-0.3971, max=-0.3971 | Z=35: mean=0.0104, std=0.2815, min=-0.3394, max=0.3290 | Z=52: mean=-0.3270, std=nan, min=-0.3270, max=-0.3270 | Z=53: mean=0.1944, std=0.2000, min=-0.3974, max=0.3151 | Z=55: mean=-0.1439, std=0.3458, min=-0.4032, max=0.4313 | Z=82: mean=-0.2004, std=0.3453, min=-0.5100, max=0.3719
2026-08-26 22:20:45.330 INFO:   Top-10 param grad norms:
2026-08-26 22:20:45.330 INFO:     interactions.0.conv_tp_weights.layer0.weight: 0.580764
2026-08-26 22:20:45.330 INFO:     products.0.symmetric_contractions.weight: 0.566328
2026-08-26 22:20:45.330 INFO:     interactions.0.linear.weight: 0.327977
2026-08-26 22:20:45.330 INFO:     interactions.0.conv_tp_weights.layer1.weight: 0.249989
2026-08-26 22:20:45.330 INFO:     charge_embedding.weight: 0.212832
2026-08-26 22:20:45.330 INFO:     interactions.0.conv_tp_weights.layer2.weight: 0.210018
2026-08-26 22:20:45.330 INFO:     products.0.linear.weight: 0.194430
2026-08-26 22:20:45.330 INFO:     interactions.0.conv_tp_weights.layer3.weight: 0.166387
2026-08-26 22:20:45.330 INFO:     interactions.0.linear_up.weight: 0.126814
2026-08-26 22:20:45.330 INFO:     interactions.1.linear.weight: 0.120518
2026-08-26 22:20:45.330 INFO:   All parameters have nonzero gradients ✓
2026-08-26 22:20:45.331 INFO:   Total grad norm (before clip): 1.0204
2026-08-26 22:20:45.331 INFO: --- End gradient diagnostics ---
2026-08-26 22:32:13.581 INFO:   Epoch energy decomposition (mean/atom): E_inter=0.4004 eV, E_QEq=-0.400033 eV
2026-08-26 22:33:08.768 INFO: Epoch 123: head: Default, loss=0.00184961, RMSE_E_per_atom=    3.30 meV, RMSE_F=   17.01 meV / A
2026-08-26 22:33:08.924 INFO: --- Gradient diagnostics (epoch 124, batch 0) ---
2026-08-26 22:33:08.925 INFO:   forces: pred_rms=0.1385 eV/Å, ref_rms=0.1387 eV/Å, err_rms=0.0193 eV/Å
2026-08-26 22:33:08.925 INFO:   energy/atom: pred_mean=-3.0499 eV, ref_mean=-3.0506 eV, err_mean=0.0014 eV
2026-08-26 22:33:08.926 INFO:   energy decomposition (mean/atom): E_inter=0.3975 eV, E_QEq=-0.401597 eV
2026-08-26 22:33:08.929 INFO:   QEq charges per element: Z=7: mean=-0.0344, std=nan, min=-0.0344, max=-0.0344 | Z=8: mean=-0.5146, std=nan, min=-0.5146, max=-0.5146 | Z=9: mean=-0.4537, std=0.0712, min=-0.5041, max=-0.4034 | Z=15: mean=0.1262, std=nan, min=0.1262, max=0.1262 | Z=33: mean=-0.1686, std=nan, min=-0.1686, max=-0.1686 | Z=34: mean=-0.6489, std=nan, min=-0.6489, max=-0.6489 | Z=35: mean=0.1296, std=0.2500, min=-0.3638, max=0.3239 | Z=52: mean=-0.4021, std=0.2835, min=-0.6026, max=-0.2017 | Z=53: mean=-0.0757, std=0.2542, min=-0.2798, max=0.2976 | Z=55: mean=-0.0533, std=0.4010, min=-0.4343, max=0.4797 | Z=82: mean=-0.1397, std=0.3732, min=-0.5213, max=0.3951
2026-08-26 22:33:08.931 INFO:   Top-10 param grad norms:
2026-08-26 22:33:08.931 INFO:     interactions.0.conv_tp_weights.layer0.weight: 0.127020
2026-08-26 22:33:08.931 INFO:     products.0.symmetric_contractions.weight: 0.113159
2026-08-26 22:33:08.931 INFO:     interactions.1.linear.weight: 0.087179
2026-08-26 22:33:08.931 INFO:     interactions.0.linear.weight: 0.084937
2026-08-26 22:33:08.931 INFO:     products.1.symmetric_contractions.weight: 0.082999
2026-08-26 22:33:08.931 INFO:     products.0.linear.weight: 0.054745
2026-08-26 22:33:08.931 INFO:     products.1.linear.weight: 0.041968
2026-08-26 22:33:08.931 INFO:     interactions.0.conv_tp_weights.layer1.weight: 0.041841
2026-08-26 22:33:08.931 INFO:     charge_embedding.weight: 0.031594
2026-08-26 22:33:08.932 INFO:     interactions.0.conv_tp_weights.layer2.weight: 0.029047
2026-08-26 22:33:08.932 INFO:   All parameters have nonzero gradients ✓
2026-08-26 22:33:08.932 INFO:   Total grad norm (before clip): 0.2495
2026-08-26 22:33:08.932 INFO: --- End gradient diagnostics ---
2026-08-26 22:44:36.085 INFO:   Epoch energy decomposition (mean/atom): E_inter=0.4009 eV, E_QEq=-0.400611 eV
2026-08-26 22:45:29.212 INFO: Epoch 124: head: Default, loss=0.00174344, RMSE_E_per_atom=    3.26 meV, RMSE_F=   16.51 meV / A
2026-08-26 22:45:29.345 INFO: --- Gradient diagnostics (epoch 125, batch 0) ---
2026-08-26 22:45:29.345 INFO:   forces: pred_rms=0.1556 eV/Å, ref_rms=0.1546 eV/Å, err_rms=0.0209 eV/Å
2026-08-26 22:45:29.346 INFO:   energy/atom: pred_mean=-2.9787 eV, ref_mean=-2.9764 eV, err_mean=0.0023 eV
2026-08-26 22:45:29.346 INFO:   energy decomposition (mean/atom): E_inter=0.3994 eV, E_QEq=-0.404014 eV
2026-08-26 22:45:29.348 INFO:   QEq charges per element: Z=7: mean=-0.6071, std=nan, min=-0.6071, max=-0.6071 | Z=15: mean=-0.0613, std=0.1535, min=-0.1938, max=0.0919 | Z=17: mean=-0.4052, std=nan, min=-0.4052, max=-0.4052 | Z=34: mean=-0.4626, std=nan, min=-0.4626, max=-0.4626 | Z=35: mean=0.0684, std=0.2757, min=-0.2970, max=0.3775 | Z=53: mean=-0.0406, std=0.2740, min=-0.2988, max=0.3184 | Z=55: mean=0.0124, std=0.3921, min=-0.4129, max=0.4710 | Z=82: mean=-0.0571, std=0.3773, min=-0.4942, max=0.3622
2026-08-26 22:45:29.350 INFO:   Top-10 param grad norms:
2026-08-26 22:45:29.350 INFO:     interactions.0.conv_tp_weights.layer0.weight: 0.260693
2026-08-26 22:45:29.350 INFO:     products.0.symmetric_contractions.weight: 0.150685
2026-08-26 22:45:29.350 INFO:     interactions.1.linear.weight: 0.135825
2026-08-26 22:45:29.350 INFO:     interactions.0.linear.weight: 0.132665
2026-08-26 22:45:29.350 INFO:     products.1.symmetric_contractions.weight: 0.125463
2026-08-26 22:45:29.350 INFO:     interactions.0.conv_tp_weights.layer1.weight: 0.098107
2026-08-26 22:45:29.350 INFO:     products.0.linear.weight: 0.085040
2026-08-26 22:45:29.350 INFO:     products.1.linear.weight: 0.067937
2026-08-26 22:45:29.350 INFO:     interactions.0.conv_tp_weights.layer2.weight: 0.067573
2026-08-26 22:45:29.351 INFO:     charge_embedding.weight: 0.067092
2026-08-26 22:45:29.351 INFO:   All parameters have nonzero gradients ✓
2026-08-26 22:45:29.351 INFO:   Total grad norm (before clip): 0.4296
2026-08-26 22:45:29.351 INFO: --- End gradient diagnostics ---
2026-08-26 22:58:33.037 INFO:   Epoch energy decomposition (mean/atom): E_inter=0.4031 eV, E_QEq=-0.402757 eV
2026-08-26 22:59:30.360 INFO: Epoch 125: head: Default, loss=0.00169017, RMSE_E_per_atom=    3.29 meV, RMSE_F=   16.24 meV / A
2026-08-26 22:59:30.550 INFO: --- Gradient diagnostics (epoch 126, batch 0) ---
2026-08-26 22:59:30.550 INFO:   forces: pred_rms=0.1831 eV/Å, ref_rms=0.1829 eV/Å, err_rms=0.0180 eV/Å
2026-08-26 22:59:30.550 INFO:   energy/atom: pred_mean=-2.9587 eV, ref_mean=-2.9588 eV, err_mean=0.0022 eV
2026-08-26 22:59:30.551 INFO:   energy decomposition (mean/atom): E_inter=0.4226 eV, E_QEq=-0.417873 eV
2026-08-26 22:59:30.554 INFO:   QEq charges per element: Z=9: mean=0.4419, std=nan, min=0.4419, max=0.4419 | Z=15: mean=-0.5493, std=nan, min=-0.5493, max=-0.5493 | Z=16: mean=-0.3768, std=nan, min=-0.3768, max=-0.3768 | Z=17: mean=-0.2837, std=nan, min=-0.2837, max=-0.2837 | Z=33: mean=0.1214, std=nan, min=0.1214, max=0.1214 | Z=35: mean=0.1752, std=0.2207, min=-0.2902, max=0.3394 | Z=52: mean=-0.1555, std=0.0063, min=-0.1600, max=-0.1511 | Z=53: mean=0.0652, std=0.2697, min=-0.3820, max=0.3357 | Z=55: mean=-0.1420, std=0.3612, min=-0.4268, max=0.4595 | Z=82: mean=-0.2092, std=0.3425, min=-0.4969, max=0.3965
2026-08-26 22:59:30.555 INFO:   Top-10 param grad norms:
2026-08-26 22:59:30.555 INFO:     interactions.0.conv_tp_weights.layer0.weight: 0.107267
2026-08-26 22:59:30.555 INFO:     products.1.symmetric_contractions.weight: 0.055153
2026-08-26 22:59:30.555 INFO:     interactions.1.linear.weight: 0.053960
2026-08-26 22:59:30.555 INFO:     products.0.symmetric_contractions.weight: 0.048763
2026-08-26 22:59:30.555 INFO:     interactions.0.linear.weight: 0.042486
2026-08-26 22:59:30.555 INFO:     interactions.0.conv_tp_weights.layer1.weight: 0.035814
2026-08-26 22:59:30.556 INFO:     products.0.linear.weight: 0.028619
2026-08-26 22:59:30.556 INFO:     products.1.linear.weight: 0.023256
2026-08-26 22:59:30.556 INFO:     interactions.0.conv_tp_weights.layer2.weight: 0.021820
2026-08-26 22:59:30.556 INFO:     interactions.0.conv_tp_weights.layer3.weight: 0.013605
2026-08-26 22:59:30.556 INFO:   All parameters have nonzero gradients ✓
2026-08-26 22:59:30.556 INFO:   Total grad norm (before clip): 0.1599
2026-08-26 22:59:30.556 INFO: --- End gradient diagnostics ---
2026-08-26 23:12:42.944 INFO:   Epoch energy decomposition (mean/atom): E_inter=0.4040 eV, E_QEq=-0.403675 eV
2026-08-26 23:13:39.714 INFO: Epoch 126: head: Default, loss=0.00170414, RMSE_E_per_atom=    3.25 meV, RMSE_F=   16.32 meV / A
2026-08-26 23:13:39.869 INFO: --- Gradient diagnostics (epoch 127, batch 0) ---
2026-08-26 23:13:39.869 INFO:   forces: pred_rms=0.2162 eV/Å, ref_rms=0.2137 eV/Å, err_rms=0.0212 eV/Å
2026-08-26 23:13:39.869 INFO:   energy/atom: pred_mean=-2.9514 eV, ref_mean=-2.9514 eV, err_mean=0.0022 eV
2026-08-26 23:13:39.870 INFO:   energy decomposition (mean/atom): E_inter=0.3691 eV, E_QEq=-0.352360 eV
2026-08-26 23:13:39.872 INFO:   QEq charges per element: Z=7: mean=-0.4880, std=0.1834, min=-0.6177, max=-0.3583 | Z=8: mean=-0.7858, std=nan, min=-0.7858, max=-0.7858 | Z=9: mean=-0.5006, std=nan, min=-0.5006, max=-0.5006 | Z=15: mean=-0.4788, std=nan, min=-0.4788, max=-0.4788 | Z=33: mean=-0.6068, std=nan, min=-0.6068, max=-0.6068 | Z=35: mean=-0.1527, std=0.2193, min=-0.2986, max=0.3343 | Z=52: mean=-0.1477, std=0.0147, min=-0.1581, max=-0.1373 | Z=53: mean=-0.1541, std=0.2173, min=-0.4211, max=0.3036 | Z=55: mean=0.2658, std=0.3254, min=-0.4063, max=0.4817 | Z=82: mean=0.1717, std=0.2962, min=-0.4651, max=0.4275
2026-08-26 23:13:39.874 INFO:   Top-10 param grad norms:
2026-08-26 23:13:39.874 INFO:     products.0.symmetric_contractions.weight: 0.104330
2026-08-26 23:13:39.874 INFO:     interactions.0.conv_tp_weights.layer0.weight: 0.075540
2026-08-26 23:13:39.874 INFO:     products.1.symmetric_contractions.weight: 0.075064
2026-08-26 23:13:39.874 INFO:     interactions.1.linear.weight: 0.074070
2026-08-26 23:13:39.874 INFO:     interactions.0.linear.weight: 0.064245
2026-08-26 23:13:39.874 INFO:     products.0.linear.weight: 0.041043
2026-08-26 23:13:39.874 INFO:     interactions.0.conv_tp_weights.layer1.weight: 0.034540
2026-08-26 23:13:39.875 INFO:     products.1.linear.weight: 0.029610
2026-08-26 23:13:39.875 INFO:     interactions.0.conv_tp_weights.layer2.weight: 0.023439
2026-08-26 23:13:39.875 INFO:     interactions.1.conv_tp_weights.layer0.weight: 0.018881
2026-08-26 23:13:39.875 INFO:   All parameters have nonzero gradients ✓
2026-08-26 23:13:39.875 INFO:   Total grad norm (before clip): 0.1948
2026-08-26 23:13:39.875 INFO: --- End gradient diagnostics ---
2026-08-26 23:26:47.203 INFO:   Epoch energy decomposition (mean/atom): E_inter=0.4039 eV, E_QEq=-0.403602 eV
2026-08-26 23:27:42.807 INFO: Epoch 127: head: Default, loss=0.00166819, RMSE_E_per_atom=    3.22 meV, RMSE_F=   16.14 meV / A
2026-08-26 23:27:43.008 INFO: --- Gradient diagnostics (epoch 128, batch 0) ---
2026-08-26 23:27:43.008 INFO:   forces: pred_rms=0.1309 eV/Å, ref_rms=0.1310 eV/Å, err_rms=0.0181 eV/Å
2026-08-26 23:27:43.009 INFO:   energy/atom: pred_mean=-2.9037 eV, ref_mean=-2.9026 eV, err_mean=0.0026 eV
2026-08-26 23:27:43.009 INFO:   energy decomposition (mean/atom): E_inter=0.3848 eV, E_QEq=-0.384711 eV
2026-08-26 23:27:43.012 INFO:   QEq charges per element: Z=7: mean=-0.1594, std=0.0308, min=-0.1812, max=-0.1376 | Z=15: mean=-0.4649, std=0.1509, min=-0.5716, max=-0.3582 | Z=16: mean=-0.1641, std=nan, min=-0.1641, max=-0.1641 | Z=17: mean=-0.1498, std=0.1225, min=-0.2364, max=-0.0632 | Z=33: mean=-0.2141, std=0.2405, min=-0.4325, max=0.0437 | Z=35: mean=-0.0777, std=0.2576, min=-0.3101, max=0.3109 | Z=53: mean=0.0539, std=0.2719, min=-0.3252, max=0.3354 | Z=55: mean=0.0148, std=0.3964, min=-0.4142, max=0.4530 | Z=82: mean=-0.0558, std=0.3742, min=-0.4779, max=0.3875
2026-08-26 23:27:43.014 INFO:   Top-10 param grad norms:
2026-08-26 23:27:43.014 INFO:     interactions.0.conv_tp_weights.layer0.weight: 0.111670
2026-08-26 23:27:43.014 INFO:     products.0.symmetric_contractions.weight: 0.080542
2026-08-26 23:27:43.014 INFO:     interactions.0.linear.weight: 0.065773
2026-08-26 23:27:43.014 INFO:     interactions.1.linear.weight: 0.065703
2026-08-26 23:27:43.014 INFO:     products.1.symmetric_contractions.weight: 0.064216
2026-08-26 23:27:43.014 INFO:     products.0.linear.weight: 0.042551
2026-08-26 23:27:43.014 INFO:     interactions.0.conv_tp_weights.layer1.weight: 0.041510
2026-08-26 23:27:43.014 INFO:     interactions.0.conv_tp_weights.layer2.weight: 0.030165
2026-08-26 23:27:43.015 INFO:     products.1.linear.weight: 0.029070
2026-08-26 23:27:43.015 INFO:     interactions.0.conv_tp_weights.layer3.weight: 0.023184
2026-08-26 23:27:43.015 INFO:   All parameters have nonzero gradients ✓
2026-08-26 23:27:43.015 INFO:   Total grad norm (before clip): 0.1983
2026-08-26 23:27:43.015 INFO: --- End gradient diagnostics ---
2026-08-26 23:40:33.773 INFO:   Epoch energy decomposition (mean/atom): E_inter=0.4053 eV, E_QEq=-0.404993 eV
2026-08-26 23:41:29.277 INFO: Epoch 128: head: Default, loss=0.00174203, RMSE_E_per_atom=    3.24 meV, RMSE_F=   16.50 meV / A
2026-08-26 23:41:29.409 INFO: --- Gradient diagnostics (epoch 129, batch 0) ---
2026-08-26 23:41:29.409 INFO:   forces: pred_rms=0.2078 eV/Å, ref_rms=0.2071 eV/Å, err_rms=0.0174 eV/Å
2026-08-26 23:41:29.409 INFO:   energy/atom: pred_mean=-2.9917 eV, ref_mean=-2.9904 eV, err_mean=0.0034 eV
2026-08-26 23:41:29.410 INFO:   energy decomposition (mean/atom): E_inter=0.4198 eV, E_QEq=-0.410470 eV
2026-08-26 23:41:29.412 INFO:   QEq charges per element: Z=9: mean=-0.4923, std=nan, min=-0.4923, max=-0.4923 | Z=15: mean=0.1384, std=nan, min=0.1384, max=0.1384 | Z=17: mean=0.3445, std=nan, min=0.3445, max=0.3445 | Z=33: mean=-0.4236, std=nan, min=-0.4236, max=-0.4236 | Z=35: mean=0.1842, std=0.2021, min=-0.3502, max=0.3077 | Z=52: mean=-0.1200, std=0.3525, min=-0.3508, max=0.2857 | Z=53: mean=0.1378, std=0.2386, min=-0.3068, max=0.3811 | Z=55: mean=-0.2216, std=0.3196, min=-0.4476, max=0.4591 | Z=82: mean=-0.2877, std=0.2989, min=-0.4831, max=0.3605
2026-08-26 23:41:29.414 INFO:   Top-10 param grad norms:
2026-08-26 23:41:29.414 INFO:     products.0.symmetric_contractions.weight: 0.069476
2026-08-26 23:41:29.414 INFO:     interactions.1.linear.weight: 0.064386
2026-08-26 23:41:29.414 INFO:     interactions.0.linear.weight: 0.061592
2026-08-26 23:41:29.414 INFO:     interactions.0.conv_tp_weights.layer0.weight: 0.058305
2026-08-26 23:41:29.414 INFO:     products.1.symmetric_contractions.weight: 0.051512
2026-08-26 23:41:29.414 INFO:     products.0.linear.weight: 0.042017
2026-08-26 23:41:29.414 INFO:     products.1.linear.weight: 0.036053
2026-08-26 23:41:29.414 INFO:     charge_embedding.weight: 0.029025
2026-08-26 23:41:29.414 INFO:     interactions.0.conv_tp_weights.layer1.weight: 0.020858
2026-08-26 23:41:29.415 INFO:     interactions.0.conv_tp_weights.layer3.weight: 0.019004
2026-08-26 23:41:29.415 INFO:   All parameters have nonzero gradients ✓
2026-08-26 23:41:29.415 INFO:   Total grad norm (before clip): 0.1592
2026-08-26 23:41:29.415 INFO: --- End gradient diagnostics ---
2026-08-26 23:54:28.723 INFO:   Epoch energy decomposition (mean/atom): E_inter=0.4053 eV, E_QEq=-0.404949 eV
2026-08-26 23:55:27.532 INFO: Epoch 129: head: Default, loss=0.00171526, RMSE_E_per_atom=    3.25 meV, RMSE_F=   16.37 meV / A
2026-08-26 23:55:27.678 INFO: --- Gradient diagnostics (epoch 130, batch 0) ---
2026-08-26 23:55:27.679 INFO:   forces: pred_rms=0.1543 eV/Å, ref_rms=0.1513 eV/Å, err_rms=0.0207 eV/Å
2026-08-26 23:55:27.679 INFO:   energy/atom: pred_mean=-3.0649 eV, ref_mean=-3.0638 eV, err_mean=0.0021 eV
2026-08-26 23:55:27.679 INFO:   energy decomposition (mean/atom): E_inter=0.4155 eV, E_QEq=-0.415756 eV
2026-08-26 23:55:27.682 INFO:   QEq charges per element: Z=8: mean=0.2594, std=nan, min=0.2594, max=0.2594 | Z=15: mean=-0.0791, std=nan, min=-0.0791, max=-0.0791 | Z=16: mean=-0.2106, std=nan, min=-0.2106, max=-0.2106 | Z=34: mean=-0.3755, std=nan, min=-0.3755, max=-0.3755 | Z=35: mean=0.0794, std=0.2684, min=-0.3739, max=0.3646 | Z=52: mean=-0.2097, std=0.0445, min=-0.2469, max=-0.1490 | Z=53: mean=0.0097, std=0.2666, min=-0.3138, max=0.2959 | Z=55: mean=-0.0492, std=0.3794, min=-0.4109, max=0.4705 | Z=82: mean=-0.1321, std=0.3601, min=-0.4671, max=0.4001
2026-08-26 23:55:27.683 INFO:   Top-10 param grad norms:
2026-08-26 23:55:27.684 INFO:     products.0.symmetric_contractions.weight: 0.149553
2026-08-26 23:55:27.684 INFO:     interactions.1.linear.weight: 0.122452
2026-08-26 23:55:27.684 INFO:     products.1.symmetric_contractions.weight: 0.107900
2026-08-26 23:55:27.684 INFO:     interactions.0.linear.weight: 0.106372
2026-08-26 23:55:27.684 INFO:     products.0.linear.weight: 0.069234
2026-08-26 23:55:27.684 INFO:     charge_embedding.weight: 0.063439
2026-08-26 23:55:27.684 INFO:     products.1.linear.weight: 0.052658
2026-08-26 23:55:27.684 INFO:     interactions.0.conv_tp_weights.layer0.weight: 0.050192
2026-08-26 23:55:27.684 INFO:     interactions.0.linear_up.weight: 0.042236
2026-08-26 23:55:27.684 INFO:     interactions.0.conv_tp_weights.layer3.weight: 0.035659
2026-08-26 23:55:27.684 INFO:   All parameters have nonzero gradients ✓
2026-08-26 23:55:27.684 INFO:   Total grad norm (before clip): 0.2906
2026-08-26 23:55:27.684 INFO: --- End gradient diagnostics ---
2026-08-27 00:08:24.480 INFO:   Epoch energy decomposition (mean/atom): E_inter=0.4082 eV, E_QEq=-0.407828 eV
2026-08-27 00:09:23.247 INFO: Epoch 130: head: Default, loss=0.00167440, RMSE_E_per_atom=    3.25 meV, RMSE_F=   16.17 meV / A
2026-08-27 00:09:23.397 INFO: --- Gradient diagnostics (epoch 131, batch 0) ---
2026-08-27 00:09:23.398 INFO:   forces: pred_rms=0.0986 eV/Å, ref_rms=0.0950 eV/Å, err_rms=0.0142 eV/Å
2026-08-27 00:09:23.398 INFO:   energy/atom: pred_mean=-3.0759 eV, ref_mean=-3.0748 eV, err_mean=0.0026 eV
2026-08-27 00:09:23.398 INFO:   energy decomposition (mean/atom): E_inter=0.4079 eV, E_QEq=-0.400368 eV
2026-08-27 00:09:23.401 INFO:   QEq charges per element: Z=7: mean=-0.6327, std=nan, min=-0.6327, max=-0.6327 | Z=15: mean=-0.3485, std=0.5991, min=-0.7722, max=0.0751 | Z=16: mean=-0.0292, std=0.3212, min=-0.2563, max=0.1979 | Z=17: mean=0.1690, std=nan, min=0.1690, max=0.1690 | Z=33: mean=-0.1348, std=0.1850, min=-0.2657, max=-0.0040 | Z=34: mean=-0.1305, std=nan, min=-0.1305, max=-0.1305 | Z=35: mean=0.0067, std=0.2733, min=-0.3752, max=0.3248 | Z=53: mean=0.0063, std=0.2748, min=-0.3085, max=0.3204 | Z=55: mean=-0.0028, std=0.3774, min=-0.4093, max=0.4378 | Z=82: mean=-0.0509, std=0.3837, min=-0.4608, max=0.4034
2026-08-27 00:09:23.403 INFO:   Top-10 param grad norms:
2026-08-27 00:09:23.403 INFO:     interactions.0.conv_tp_weights.layer0.weight: 0.076592
2026-08-27 00:09:23.403 INFO:     products.0.symmetric_contractions.weight: 0.053833
2026-08-27 00:09:23.403 INFO:     interactions.1.linear.weight: 0.040739
2026-08-27 00:09:23.403 INFO:     interactions.0.linear.weight: 0.038913
2026-08-27 00:09:23.403 INFO:     products.1.symmetric_contractions.weight: 0.035233
2026-08-27 00:09:23.403 INFO:     products.0.linear.weight: 0.031343
2026-08-27 00:09:23.403 INFO:     interactions.0.conv_tp_weights.layer1.weight: 0.029813
2026-08-27 00:09:23.403 INFO:     interactions.0.conv_tp_weights.layer2.weight: 0.020637
2026-08-27 00:09:23.403 INFO:     products.1.linear.weight: 0.019199
2026-08-27 00:09:23.403 INFO:     interactions.0.conv_tp_weights.layer3.weight: 0.016643
2026-08-27 00:09:23.403 INFO:   All parameters have nonzero gradients ✓
2026-08-27 00:09:23.403 INFO:   Total grad norm (before clip): 0.1303
2026-08-27 00:09:23.404 INFO: --- End gradient diagnostics ---
2026-08-27 00:22:16.167 INFO:   Epoch energy decomposition (mean/atom): E_inter=0.4087 eV, E_QEq=-0.408404 eV
2026-08-27 00:23:14.869 INFO: Epoch 131: head: Default, loss=0.00165473, RMSE_E_per_atom=    3.23 meV, RMSE_F=   16.08 meV / A
2026-08-27 00:23:15.067 INFO: --- Gradient diagnostics (epoch 132, batch 0) ---
2026-08-27 00:23:15.067 INFO:   forces: pred_rms=0.1219 eV/Å, ref_rms=0.1211 eV/Å, err_rms=0.0200 eV/Å
2026-08-27 00:23:15.068 INFO:   energy/atom: pred_mean=-2.9818 eV, ref_mean=-2.9820 eV, err_mean=0.0021 eV
2026-08-27 00:23:15.068 INFO:   energy decomposition (mean/atom): E_inter=0.4140 eV, E_QEq=-0.429114 eV
2026-08-27 00:23:15.070 INFO:   QEq charges per element: Z=15: mean=-0.4466, std=nan, min=-0.4466, max=-0.4466 | Z=17: mean=0.3225, std=nan, min=0.3225, max=0.3225 | Z=33: mean=-0.4705, std=nan, min=-0.4705, max=-0.4705 | Z=35: mean=0.1756, std=0.2209, min=-0.2875, max=0.3607 | Z=52: mean=-0.2415, std=0.0992, min=-0.3467, max=-0.1497 | Z=53: mean=0.0690, std=0.2784, min=-0.3447, max=0.3379 | Z=55: mean=-0.1454, std=0.3564, min=-0.4373, max=0.4580 | Z=82: mean=-0.2023, std=0.3436, min=-0.5207, max=0.3656
2026-08-27 00:23:15.072 INFO:   Top-10 param grad norms:
2026-08-27 00:23:15.072 INFO:     interactions.0.conv_tp_weights.layer0.weight: 0.114171
2026-08-27 00:23:15.072 INFO:     products.0.symmetric_contractions.weight: 0.107023
2026-08-27 00:23:15.072 INFO:     interactions.1.linear.weight: 0.078849
2026-08-27 00:23:15.072 INFO:     products.1.symmetric_contractions.weight: 0.075586
2026-08-27 00:23:15.072 INFO:     interactions.0.linear.weight: 0.073293
2026-08-27 00:23:15.072 INFO:     products.0.linear.weight: 0.047427
2026-08-27 00:23:15.072 INFO:     products.1.linear.weight: 0.038805
2026-08-27 00:23:15.072 INFO:     interactions.0.conv_tp_weights.layer1.weight: 0.038762
2026-08-27 00:23:15.072 INFO:     interactions.0.conv_tp_weights.layer2.weight: 0.024784
2026-08-27 00:23:15.073 INFO:     charge_embedding.weight: 0.024528
2026-08-27 00:23:15.073 INFO:   All parameters have nonzero gradients ✓
2026-08-27 00:23:15.073 INFO:   Total grad norm (before clip): 0.2250
2026-08-27 00:23:15.073 INFO: --- End gradient diagnostics ---
2026-08-27 00:36:16.032 INFO:   Epoch energy decomposition (mean/atom): E_inter=0.4088 eV, E_QEq=-0.408471 eV
2026-08-27 00:37:11.629 INFO: Epoch 132: head: Default, loss=0.00168108, RMSE_E_per_atom=    3.19 meV, RMSE_F=   16.21 meV / A
2026-08-27 00:37:11.763 INFO: --- Gradient diagnostics (epoch 133, batch 0) ---
2026-08-27 00:37:11.763 INFO:   forces: pred_rms=0.3312 eV/Å, ref_rms=0.3298 eV/Å, err_rms=0.0223 eV/Å
2026-08-27 00:37:11.764 INFO:   energy/atom: pred_mean=-2.9080 eV, ref_mean=-2.9089 eV, err_mean=0.0037 eV
2026-08-27 00:37:11.764 INFO:   energy decomposition (mean/atom): E_inter=0.4456 eV, E_QEq=-0.419219 eV
2026-08-27 00:37:11.766 INFO:   QEq charges per element: Z=7: mean=-0.1743, std=0.1160, min=-0.2563, max=-0.0922 | Z=9: mean=0.2242, std=nan, min=0.2242, max=0.2242 | Z=15: mean=0.0821, std=nan, min=0.0821, max=0.0821 | Z=16: mean=0.0815, std=0.3612, min=-0.3136, max=0.3945 | Z=35: mean=0.1388, std=0.2305, min=-0.3071, max=0.2823 | Z=52: mean=-0.5625, std=nan, min=-0.5625, max=-0.5625 | Z=53: mean=0.1911, std=0.2118, min=-0.3631, max=0.3900 | Z=55: mean=-0.2223, std=0.3159, min=-0.4341, max=0.4620 | Z=82: mean=-0.2842, std=0.3031, min=-0.5286, max=0.3847
2026-08-27 00:37:11.768 INFO:   Top-10 param grad norms:
2026-08-27 00:37:11.768 INFO:     products.0.symmetric_contractions.weight: 0.064570
2026-08-27 00:37:11.768 INFO:     interactions.1.linear.weight: 0.054651
2026-08-27 00:37:11.768 INFO:     interactions.0.linear.weight: 0.054164
2026-08-27 00:37:11.768 INFO:     products.1.symmetric_contractions.weight: 0.052286
2026-08-27 00:37:11.768 INFO:     products.0.linear.weight: 0.042186
2026-08-27 00:37:11.768 INFO:     interactions.0.conv_tp_weights.layer0.weight: 0.031768
2026-08-27 00:37:11.768 INFO:     products.1.linear.weight: 0.025522
2026-08-27 00:37:11.768 INFO:     charge_embedding.weight: 0.025180
2026-08-27 00:37:11.769 INFO:     chi_readouts.0.linear.weight: 0.016158
2026-08-27 00:37:11.769 INFO:     interactions.0.conv_tp_weights.layer1.weight: 0.015963
2026-08-27 00:37:11.769 INFO:   All parameters have nonzero gradients ✓
2026-08-27 00:37:11.769 INFO:   Total grad norm (before clip): 0.1378
2026-08-27 00:37:11.769 INFO: --- End gradient diagnostics ---
2026-08-27 00:49:52.778 INFO:   Epoch energy decomposition (mean/atom): E_inter=0.4099 eV, E_QEq=-0.409595 eV
2026-08-27 00:50:50.499 INFO: Epoch 133: head: Default, loss=0.00177961, RMSE_E_per_atom=    3.19 meV, RMSE_F=   16.69 meV / A
2026-08-27 00:50:50.650 INFO: --- Gradient diagnostics (epoch 134, batch 0) ---
2026-08-27 00:50:50.651 INFO:   forces: pred_rms=0.1090 eV/Å, ref_rms=0.1106 eV/Å, err_rms=0.0154 eV/Å
2026-08-27 00:50:50.651 INFO:   energy/atom: pred_mean=-3.0542 eV, ref_mean=-3.0543 eV, err_mean=0.0017 eV
2026-08-27 00:50:50.651 INFO:   energy decomposition (mean/atom): E_inter=0.4117 eV, E_QEq=-0.423787 eV
2026-08-27 00:50:50.654 INFO:   QEq charges per element: Z=7: mean=-0.0594, std=0.3209, min=-0.2477, max=0.3111 | Z=8: mean=-0.2718, std=nan, min=-0.2718, max=-0.2718 | Z=15: mean=-0.1881, std=0.4541, min=-0.5092, max=0.1330 | Z=33: mean=-0.5250, std=nan, min=-0.5250, max=-0.5250 | Z=34: mean=-0.5253, std=nan, min=-0.5253, max=-0.5253 | Z=35: mean=-0.0286, std=0.2762, min=-0.3657, max=0.3386 | Z=53: mean=0.2824, std=0.0766, min=-0.3685, max=0.3571 | Z=55: mean=-0.0708, std=0.3736, min=-0.4232, max=0.4545 | Z=82: mean=-0.1261, std=0.3756, min=-0.5053, max=0.3900
2026-08-27 00:50:50.655 INFO:   Top-10 param grad norms:
2026-08-27 00:50:50.655 INFO:     interactions.0.conv_tp_weights.layer0.weight: 0.131226
2026-08-27 00:50:50.656 INFO:     products.0.symmetric_contractions.weight: 0.062620
2026-08-27 00:50:50.656 INFO:     interactions.1.linear.weight: 0.057419
2026-08-27 00:50:50.656 INFO:     interactions.0.linear.weight: 0.056982
2026-08-27 00:50:50.656 INFO:     products.1.symmetric_contractions.weight: 0.048751
2026-08-27 00:50:50.656 INFO:     interactions.0.conv_tp_weights.layer1.weight: 0.045535
2026-08-27 00:50:50.656 INFO:     products.0.linear.weight: 0.035622
2026-08-27 00:50:50.656 INFO:     products.1.linear.weight: 0.029311
2026-08-27 00:50:50.656 INFO:     interactions.0.conv_tp_weights.layer2.weight: 0.029234
2026-08-27 00:50:50.656 INFO:     interactions.0.conv_tp_weights.layer3.weight: 0.017888
2026-08-27 00:50:50.656 INFO:   All parameters have nonzero gradients ✓
2026-08-27 00:50:50.656 INFO:   Total grad norm (before clip): 0.1914
2026-08-27 00:50:50.656 INFO: --- End gradient diagnostics ---
2026-08-27 01:03:52.979 INFO:   Epoch energy decomposition (mean/atom): E_inter=0.4084 eV, E_QEq=-0.408103 eV
2026-08-27 01:04:50.711 INFO: Epoch 134: head: Default, loss=0.00173334, RMSE_E_per_atom=    3.20 meV, RMSE_F=   16.47 meV / A
2026-08-27 01:04:50.854 INFO: --- Gradient diagnostics (epoch 135, batch 0) ---
2026-08-27 01:04:50.855 INFO:   forces: pred_rms=0.2200 eV/Å, ref_rms=0.2180 eV/Å, err_rms=0.0186 eV/Å
2026-08-27 01:04:50.855 INFO:   energy/atom: pred_mean=-2.8955 eV, ref_mean=-2.8951 eV, err_mean=0.0025 eV
2026-08-27 01:04:50.855 INFO:   energy decomposition (mean/atom): E_inter=0.4176 eV, E_QEq=-0.419308 eV
2026-08-27 01:04:50.858 INFO:   QEq charges per element: Z=7: mean=-0.1426, std=nan, min=-0.1426, max=-0.1426 | Z=15: mean=0.0139, std=0.1652, min=-0.1664, max=0.1579 | Z=16: mean=-0.3911, std=nan, min=-0.3911, max=-0.3911 | Z=34: mean=0.0309, std=nan, min=0.0309, max=0.0309 | Z=35: mean=0.2772, std=0.0163, min=0.1699, max=0.3090 | Z=52: mean=-0.1310, std=0.0014, min=-0.1320, max=-0.1301 | Z=53: mean=0.1249, std=0.2487, min=-0.3288, max=0.3819 | Z=55: mean=-0.2270, std=0.3164, min=-0.4413, max=0.4735 | Z=82: mean=-0.2800, std=0.2942, min=-0.4930, max=0.3846
2026-08-27 01:04:50.859 INFO:   Top-10 param grad norms:
2026-08-27 01:04:50.860 INFO:     interactions.0.conv_tp_weights.layer0.weight: 0.177024
2026-08-27 01:04:50.860 INFO:     products.0.symmetric_contractions.weight: 0.161657
2026-08-27 01:04:50.860 INFO:     interactions.0.linear.weight: 0.133982
2026-08-27 01:04:50.860 INFO:     products.1.symmetric_contractions.weight: 0.092723
2026-08-27 01:04:50.860 INFO:     interactions.1.linear.weight: 0.090586
2026-08-27 01:04:50.860 INFO:     interactions.0.conv_tp_weights.layer1.weight: 0.077213
2026-08-27 01:04:50.860 INFO:     charge_embedding.weight: 0.069041
2026-08-27 01:04:50.860 INFO:     interactions.0.conv_tp_weights.layer2.weight: 0.062106
2026-08-27 01:04:50.860 INFO:     products.0.linear.weight: 0.060499
2026-08-27 01:04:50.860 INFO:     interactions.0.conv_tp_weights.layer3.weight: 0.043595
2026-08-27 01:04:50.860 INFO:   All parameters have nonzero gradients ✓
2026-08-27 01:04:50.860 INFO:   Total grad norm (before clip): 0.3418
2026-08-27 01:04:50.860 INFO: --- End gradient diagnostics ---
2026-08-27 01:17:21.369 INFO:   Epoch energy decomposition (mean/atom): E_inter=0.4108 eV, E_QEq=-0.410480 eV
2026-08-27 01:18:20.094 INFO: Epoch 135: head: Default, loss=0.00165344, RMSE_E_per_atom=    3.21 meV, RMSE_F=   16.07 meV / A
2026-08-27 01:18:20.296 INFO: --- Gradient diagnostics (epoch 136, batch 0) ---
2026-08-27 01:18:20.297 INFO:   forces: pred_rms=0.1538 eV/Å, ref_rms=0.1515 eV/Å, err_rms=0.0180 eV/Å
2026-08-27 01:18:20.297 INFO:   energy/atom: pred_mean=-2.9002 eV, ref_mean=-2.8990 eV, err_mean=0.0028 eV
2026-08-27 01:18:20.297 INFO:   energy decomposition (mean/atom): E_inter=0.4056 eV, E_QEq=-0.405692 eV
2026-08-27 01:18:20.300 INFO:   QEq charges per element: Z=7: mean=0.0880, std=nan, min=0.0880, max=0.0880 | Z=8: mean=-0.3550, std=nan, min=-0.3550, max=-0.3550 | Z=9: mean=0.2301, std=nan, min=0.2301, max=0.2301 | Z=15: mean=-0.3065, std=0.1414, min=-0.4659, max=-0.1963 | Z=16: mean=-0.4665, std=nan, min=-0.4665, max=-0.4665 | Z=35: mean=-0.0832, std=0.2574, min=-0.3410, max=0.3518 | Z=53: mean=0.1266, std=0.2467, min=-0.2987, max=0.3655 | Z=55: mean=-0.0689, std=0.3831, min=-0.4450, max=0.4401 | Z=82: mean=-0.1278, std=0.3670, min=-0.5271, max=0.3752
2026-08-27 01:18:20.301 INFO:   Top-10 param grad norms:
2026-08-27 01:18:20.302 INFO:     interactions.1.linear.weight: 0.057597
2026-08-27 01:18:20.302 INFO:     products.0.symmetric_contractions.weight: 0.053419
2026-08-27 01:18:20.302 INFO:     products.1.symmetric_contractions.weight: 0.046798
2026-08-27 01:18:20.302 INFO:     interactions.0.conv_tp_weights.layer0.weight: 0.045100
2026-08-27 01:18:20.302 INFO:     interactions.0.linear.weight: 0.043997
2026-08-27 01:18:20.302 INFO:     products.0.linear.weight: 0.037169
2026-08-27 01:18:20.302 INFO:     products.1.linear.weight: 0.023621
2026-08-27 01:18:20.302 INFO:     charge_embedding.weight: 0.018850
2026-08-27 01:18:20.302 INFO:     interactions.0.conv_tp_weights.layer1.weight: 0.016497
2026-08-27 01:18:20.302 INFO:     chi_readouts.0.linear.weight: 0.014960
2026-08-27 01:18:20.302 INFO:   All parameters have nonzero gradients ✓
2026-08-27 01:18:20.302 INFO:   Total grad norm (before clip): 0.1273
2026-08-27 01:18:20.303 INFO: --- End gradient diagnostics ---
2026-08-27 01:31:06.195 INFO:   Epoch energy decomposition (mean/atom): E_inter=0.4116 eV, E_QEq=-0.411320 eV
2026-08-27 01:32:07.522 INFO: Epoch 136: head: Default, loss=0.00168852, RMSE_E_per_atom=    3.19 meV, RMSE_F=   16.25 meV / A
2026-08-27 01:32:07.673 INFO: --- Gradient diagnostics (epoch 137, batch 0) ---
2026-08-27 01:32:07.673 INFO:   forces: pred_rms=0.2214 eV/Å, ref_rms=0.2189 eV/Å, err_rms=0.0193 eV/Å
2026-08-27 01:32:07.673 INFO:   energy/atom: pred_mean=-2.9757 eV, ref_mean=-2.9732 eV, err_mean=0.0026 eV
2026-08-27 01:32:07.674 INFO:   energy decomposition (mean/atom): E_inter=0.4405 eV, E_QEq=-0.439875 eV
2026-08-27 01:32:07.676 INFO:   QEq charges per element: Z=7: mean=-0.1895, std=0.2586, min=-0.4841, max=0.1309 | Z=15: mean=-0.4837, std=0.0741, min=-0.5361, max=-0.4313 | Z=16: mean=-0.3442, std=0.0174, min=-0.3565, max=-0.3319 | Z=35: mean=0.0695, std=0.2704, min=-0.3162, max=0.3654 | Z=52: mean=0.1576, std=nan, min=0.1576, max=0.1576 | Z=53: mean=0.1776, std=0.2240, min=-0.2842, max=0.3585 | Z=55: mean=-0.1393, std=0.3602, min=-0.4188, max=0.4680 | Z=82: mean=-0.2033, std=0.3434, min=-0.4980, max=0.3601
2026-08-27 01:32:07.678 INFO:   Top-10 param grad norms:
2026-08-27 01:32:07.678 INFO:     products.0.symmetric_contractions.weight: 0.077214
2026-08-27 01:32:07.678 INFO:     interactions.0.linear.weight: 0.072684
2026-08-27 01:32:07.678 INFO:     interactions.1.linear.weight: 0.066626
2026-08-27 01:32:07.678 INFO:     interactions.0.conv_tp_weights.layer0.weight: 0.061900
2026-08-27 01:32:07.678 INFO:     products.1.symmetric_contractions.weight: 0.055073
2026-08-27 01:32:07.678 INFO:     products.0.linear.weight: 0.045000
2026-08-27 01:32:07.678 INFO:     products.1.linear.weight: 0.030660
2026-08-27 01:32:07.678 INFO:     charge_embedding.weight: 0.025290
2026-08-27 01:32:07.678 INFO:     interactions.0.conv_tp_weights.layer1.weight: 0.024930
2026-08-27 01:32:07.678 INFO:     interactions.0.conv_tp_weights.layer3.weight: 0.023304
2026-08-27 01:32:07.678 INFO:   All parameters have nonzero gradients ✓
2026-08-27 01:32:07.678 INFO:   Total grad norm (before clip): 0.1716
2026-08-27 01:32:07.679 INFO: --- End gradient diagnostics ---
2026-08-27 01:45:05.518 INFO:   Epoch energy decomposition (mean/atom): E_inter=0.4108 eV, E_QEq=-0.410512 eV
2026-08-27 01:46:02.098 INFO: Epoch 137: head: Default, loss=0.00166559, RMSE_E_per_atom=    3.19 meV, RMSE_F=   16.14 meV / A
2026-08-27 01:46:02.249 INFO: --- Gradient diagnostics (epoch 138, batch 0) ---
2026-08-27 01:46:02.249 INFO:   forces: pred_rms=0.1151 eV/Å, ref_rms=0.1137 eV/Å, err_rms=0.0160 eV/Å
2026-08-27 01:46:02.250 INFO:   energy/atom: pred_mean=-2.9968 eV, ref_mean=-2.9981 eV, err_mean=0.0015 eV
2026-08-27 01:46:02.250 INFO:   energy decomposition (mean/atom): E_inter=0.3996 eV, E_QEq=-0.393846 eV
2026-08-27 01:46:02.253 INFO:   QEq charges per element: Z=7: mean=0.0418, std=0.0466, min=0.0088, max=0.0748 | Z=15: mean=-0.4275, std=nan, min=-0.4275, max=-0.4275 | Z=17: mean=-0.2916, std=nan, min=-0.2916, max=-0.2916 | Z=33: mean=0.1587, std=nan, min=0.1587, max=0.1587 | Z=34: mean=-0.1841, std=nan, min=-0.1841, max=-0.1841 | Z=35: mean=0.0025, std=0.2681, min=-0.3122, max=0.3230 | Z=52: mean=0.2965, std=nan, min=0.2965, max=0.2965 | Z=53: mean=0.0060, std=0.2713, min=-0.3441, max=0.3088 | Z=55: mean=0.0089, std=0.3892, min=-0.4144, max=0.4442 | Z=82: mean=-0.0568, std=0.3726, min=-0.4502, max=0.3700
2026-08-27 01:46:02.254 INFO:   Top-10 param grad norms:
2026-08-27 01:46:02.254 INFO:     interactions.0.conv_tp_weights.layer0.weight: 0.079016
2026-08-27 01:46:02.254 INFO:     products.0.symmetric_contractions.weight: 0.053186
2026-08-27 01:46:02.254 INFO:     interactions.0.linear.weight: 0.049951
2026-08-27 01:46:02.254 INFO:     interactions.1.linear.weight: 0.045501
2026-08-27 01:46:02.255 INFO:     products.1.symmetric_contractions.weight: 0.034800
2026-08-27 01:46:02.255 INFO:     products.0.linear.weight: 0.029805
2026-08-27 01:46:02.255 INFO:     interactions.0.conv_tp_weights.layer1.weight: 0.026435
2026-08-27 01:46:02.255 INFO:     products.1.linear.weight: 0.021077
2026-08-27 01:46:02.255 INFO:     interactions.0.conv_tp_weights.layer3.weight: 0.020240
2026-08-27 01:46:02.255 INFO:     interactions.0.conv_tp_weights.layer2.weight: 0.017837
2026-08-27 01:46:02.255 INFO:   All parameters have nonzero gradients ✓
2026-08-27 01:46:02.255 INFO:   Total grad norm (before clip): 0.1378
2026-08-27 01:46:02.255 INFO: --- End gradient diagnostics ---
2026-08-27 01:58:38.259 INFO:   Epoch energy decomposition (mean/atom): E_inter=0.4125 eV, E_QEq=-0.412156 eV
2026-08-27 01:59:32.245 INFO: Epoch 138: head: Default, loss=0.00167041, RMSE_E_per_atom=    3.18 meV, RMSE_F=   16.16 meV / A
2026-08-27 01:59:32.382 INFO: --- Gradient diagnostics (epoch 139, batch 0) ---
2026-08-27 01:59:32.383 INFO:   forces: pred_rms=0.1473 eV/Å, ref_rms=0.1482 eV/Å, err_rms=0.0198 eV/Å
2026-08-27 01:59:32.383 INFO:   energy/atom: pred_mean=-2.9308 eV, ref_mean=-2.9327 eV, err_mean=0.0033 eV
2026-08-27 01:59:32.383 INFO:   energy decomposition (mean/atom): E_inter=0.4281 eV, E_QEq=-0.427916 eV
2026-08-27 01:59:32.386 INFO:   QEq charges per element: Z=9: mean=-0.0297, std=nan, min=-0.0297, max=-0.0297 | Z=15: mean=-0.2082, std=0.1396, min=-0.3069, max=-0.1095 | Z=17: mean=-0.2389, std=0.3152, min=-0.4618, max=-0.0160 | Z=34: mean=-0.4995, std=nan, min=-0.4995, max=-0.4995 | Z=35: mean=0.2785, std=0.0339, min=0.0150, max=0.3387 | Z=52: mean=-0.5006, std=0.0774, min=-0.5554, max=-0.4459 | Z=53: mean=0.1015, std=0.2565, min=-0.3108, max=0.3548 | Z=55: mean=-0.2217, std=0.3113, min=-0.4505, max=0.4762 | Z=82: mean=-0.2744, std=0.3000, min=-0.4921, max=0.3778
2026-08-27 01:59:32.387 INFO:   Top-10 param grad norms:
2026-08-27 01:59:32.387 INFO:     interactions.1.linear.weight: 0.063006
2026-08-27 01:59:32.387 INFO:     products.0.symmetric_contractions.weight: 0.061846
2026-08-27 01:59:32.387 INFO:     interactions.0.conv_tp_weights.layer0.weight: 0.055121
2026-08-27 01:59:32.388 INFO:     products.1.symmetric_contractions.weight: 0.053766
2026-08-27 01:59:32.388 INFO:     interactions.0.linear.weight: 0.052480
2026-08-27 01:59:32.388 INFO:     products.0.linear.weight: 0.040241
2026-08-27 01:59:32.388 INFO:     products.1.linear.weight: 0.031881
2026-08-27 01:59:32.388 INFO:     charge_embedding.weight: 0.020960
2026-08-27 01:59:32.388 INFO:     interactions.0.conv_tp_weights.layer1.weight: 0.020030
2026-08-27 01:59:32.388 INFO:     interactions.0.conv_tp_weights.layer3.weight: 0.017568
2026-08-27 01:59:32.389 INFO:   All parameters have nonzero gradients ✓
2026-08-27 01:59:32.389 INFO:   Total grad norm (before clip): 0.1478
2026-08-27 01:59:32.389 INFO: --- End gradient diagnostics ---
2026-08-27 02:12:19.410 INFO:   Epoch energy decomposition (mean/atom): E_inter=0.4141 eV, E_QEq=-0.413745 eV
2026-08-27 02:13:17.357 INFO: Epoch 139: head: Default, loss=0.00164457, RMSE_E_per_atom=    3.17 meV, RMSE_F=   16.03 meV / A
2026-08-27 02:13:17.558 INFO: --- Gradient diagnostics (epoch 140, batch 0) ---
2026-08-27 02:13:17.559 INFO:   forces: pred_rms=0.0545 eV/Å, ref_rms=0.0530 eV/Å, err_rms=0.0114 eV/Å
2026-08-27 02:13:17.559 INFO:   energy/atom: pred_mean=-3.0271 eV, ref_mean=-3.0269 eV, err_mean=0.0024 eV
2026-08-27 02:13:17.559 INFO:   energy decomposition (mean/atom): E_inter=0.3913 eV, E_QEq=-0.414840 eV
2026-08-27 02:13:17.562 INFO:   QEq charges per element: Z=7: mean=-0.0429, std=nan, min=-0.0429, max=-0.0429 | Z=8: mean=0.3299, std=nan, min=0.3299, max=0.3299 | Z=15: mean=0.0591, std=nan, min=0.0591, max=0.0591 | Z=16: mean=0.0791, std=0.4396, min=-0.2318, max=0.3899 | Z=17: mean=-0.2980, std=nan, min=-0.2980, max=-0.2980 | Z=34: mean=-0.2338, std=0.0736, min=-0.2859, max=-0.1818 | Z=35: mean=0.1912, std=0.2022, min=-0.2668, max=0.3186 | Z=52: mean=-0.5951, std=nan, min=-0.5951, max=-0.5951 | Z=53: mean=0.0108, std=0.2659, min=-0.2839, max=0.3180 | Z=55: mean=-0.1420, std=0.3635, min=-0.4334, max=0.4370 | Z=82: mean=-0.2141, std=0.3439, min=-0.5349, max=0.3612
2026-08-27 02:13:17.564 INFO:   Top-10 param grad norms:
2026-08-27 02:13:17.564 INFO:     interactions.1.linear.weight: 0.033578
2026-08-27 02:13:17.564 INFO:     products.0.symmetric_contractions.weight: 0.031543
2026-08-27 02:13:17.564 INFO:     products.1.symmetric_contractions.weight: 0.028438
2026-08-27 02:13:17.564 INFO:     interactions.0.conv_tp_weights.layer0.weight: 0.024478
2026-08-27 02:13:17.564 INFO:     interactions.0.linear.weight: 0.023795
2026-08-27 02:13:17.564 INFO:     products.0.linear.weight: 0.022065
2026-08-27 02:13:17.564 INFO:     products.1.linear.weight: 0.015615
2026-08-27 02:13:17.564 INFO:     charge_embedding.weight: 0.011090
2026-08-27 02:13:17.564 INFO:     chi_readouts.0.linear.weight: 0.010731
2026-08-27 02:13:17.564 INFO:     interactions.0.conv_tp_weights.layer1.weight: 0.008090
2026-08-27 02:13:17.564 INFO:   All parameters have nonzero gradients ✓
2026-08-27 02:13:17.565 INFO:   Total grad norm (before clip): 0.0742
2026-08-27 02:13:17.565 INFO: --- End gradient diagnostics ---
2026-08-27 02:25:57.848 INFO:   Epoch energy decomposition (mean/atom): E_inter=0.4142 eV, E_QEq=-0.413845 eV
2026-08-27 02:26:49.174 INFO: Epoch 140: head: Default, loss=0.00165125, RMSE_E_per_atom=    3.16 meV, RMSE_F=   16.07 meV / A
2026-08-27 02:26:49.311 INFO: --- Gradient diagnostics (epoch 141, batch 0) ---
2026-08-27 02:26:49.311 INFO:   forces: pred_rms=0.1332 eV/Å, ref_rms=0.1326 eV/Å, err_rms=0.0165 eV/Å
2026-08-27 02:26:49.311 INFO:   energy/atom: pred_mean=-2.9331 eV, ref_mean=-2.9370 eV, err_mean=0.0042 eV
2026-08-27 02:26:49.312 INFO:   energy decomposition (mean/atom): E_inter=0.3977 eV, E_QEq=-0.403047 eV
2026-08-27 02:26:49.315 INFO:   QEq charges per element: Z=16: mean=-0.6180, std=nan, min=-0.6180, max=-0.6180 | Z=33: mean=0.0861, std=0.2382, min=-0.0823, max=0.2546 | Z=35: mean=0.1385, std=0.2401, min=-0.3171, max=0.3169 | Z=52: mean=-0.0847, std=0.1582, min=-0.1966, max=0.0271 | Z=53: mean=0.0969, std=0.2505, min=-0.3415, max=0.3709 | Z=55: mean=-0.1523, std=0.3608, min=-0.4240, max=0.4486 | Z=82: mean=-0.2005, std=0.3410, min=-0.4666, max=0.3970
2026-08-27 02:26:49.316 INFO:   Top-10 param grad norms:
2026-08-27 02:26:49.316 INFO:     interactions.1.linear.weight: 0.060568
2026-08-27 02:26:49.316 INFO:     interactions.0.linear.weight: 0.057483
2026-08-27 02:26:49.316 INFO:     products.0.symmetric_contractions.weight: 0.057235
2026-08-27 02:26:49.316 INFO:     products.0.linear.weight: 0.051927
2026-08-27 02:26:49.316 INFO:     interactions.0.conv_tp_weights.layer0.weight: 0.041643
2026-08-27 02:26:49.316 INFO:     products.1.symmetric_contractions.weight: 0.041055
2026-08-27 02:26:49.316 INFO:     products.1.linear.weight: 0.037738
2026-08-27 02:26:49.317 INFO:     chi_readouts.1.linear_2.weight: 0.028809
2026-08-27 02:26:49.317 INFO:     interactions.0.conv_tp_weights.layer3.weight: 0.024300
2026-08-27 02:26:49.317 INFO:     charge_embedding.weight: 0.024255
2026-08-27 02:26:49.317 INFO:   All parameters have nonzero gradients ✓
2026-08-27 02:26:49.317 INFO:   Total grad norm (before clip): 0.1520
2026-08-27 02:26:49.317 INFO: --- End gradient diagnostics ---
2026-08-27 02:39:41.847 INFO:   Epoch energy decomposition (mean/atom): E_inter=0.4151 eV, E_QEq=-0.414766 eV
2026-08-27 02:40:40.744 INFO: Epoch 141: head: Default, loss=0.00163546, RMSE_E_per_atom=    3.15 meV, RMSE_F=   15.99 meV / A
2026-08-27 02:40:40.937 INFO: --- Gradient diagnostics (epoch 142, batch 0) ---
2026-08-27 02:40:40.938 INFO:   forces: pred_rms=0.0814 eV/Å, ref_rms=0.0795 eV/Å, err_rms=0.0135 eV/Å
2026-08-27 02:40:40.938 INFO:   energy/atom: pred_mean=-3.0188 eV, ref_mean=-3.0208 eV, err_mean=0.0028 eV
2026-08-27 02:40:40.939 INFO:   energy decomposition (mean/atom): E_inter=0.4070 eV, E_QEq=-0.431096 eV
2026-08-27 02:40:40.941 INFO:   QEq charges per element: Z=7: mean=-0.3100, std=nan, min=-0.3100, max=-0.3100 | Z=15: mean=-0.3282, std=nan, min=-0.3282, max=-0.3282 | Z=16: mean=0.1617, std=nan, min=0.1617, max=0.1617 | Z=33: mean=-0.4167, std=nan, min=-0.4167, max=-0.4167 | Z=35: mean=0.0991, std=0.2574, min=-0.3102, max=0.3277 | Z=52: mean=-0.2040, std=nan, min=-0.2040, max=-0.2040 | Z=53: mean=0.1427, std=0.2378, min=-0.4625, max=0.3360 | Z=55: mean=-0.1449, std=0.3567, min=-0.4189, max=0.4539 | Z=82: mean=-0.2007, std=0.3453, min=-0.4770, max=0.3794
2026-08-27 02:40:40.943 INFO:   Top-10 param grad norms:
2026-08-27 02:40:40.943 INFO:     products.0.symmetric_contractions.weight: 0.046410
2026-08-27 02:40:40.943 INFO:     interactions.0.conv_tp_weights.layer0.weight: 0.042736
2026-08-27 02:40:40.943 INFO:     interactions.0.linear.weight: 0.035646
2026-08-27 02:40:40.943 INFO:     interactions.1.linear.weight: 0.034207
2026-08-27 02:40:40.943 INFO:     products.1.symmetric_contractions.weight: 0.028706
2026-08-27 02:40:40.943 INFO:     products.0.linear.weight: 0.027059
2026-08-27 02:40:40.943 INFO:     products.1.linear.weight: 0.021176
2026-08-27 02:40:40.944 INFO:     interactions.0.conv_tp_weights.layer1.weight: 0.019174
2026-08-27 02:40:40.944 INFO:     interactions.0.conv_tp_weights.layer3.weight: 0.014077
2026-08-27 02:40:40.944 INFO:     interactions.0.conv_tp_weights.layer2.weight: 0.013930
2026-08-27 02:40:40.944 INFO:   All parameters have nonzero gradients ✓
2026-08-27 02:40:40.944 INFO:   Total grad norm (before clip): 0.1013
2026-08-27 02:40:40.944 INFO: --- End gradient diagnostics ---
2026-08-27 02:53:41.490 INFO:   Epoch energy decomposition (mean/atom): E_inter=0.4151 eV, E_QEq=-0.414757 eV
2026-08-27 02:54:38.542 INFO: Epoch 142: head: Default, loss=0.00171242, RMSE_E_per_atom=    3.21 meV, RMSE_F=   16.36 meV / A
2026-08-27 02:54:38.680 INFO: --- Gradient diagnostics (epoch 143, batch 0) ---
2026-08-27 02:54:38.680 INFO:   forces: pred_rms=0.1001 eV/Å, ref_rms=0.0992 eV/Å, err_rms=0.0147 eV/Å
2026-08-27 02:54:38.680 INFO:   energy/atom: pred_mean=-2.9244 eV, ref_mean=-2.9242 eV, err_mean=0.0015 eV
2026-08-27 02:54:38.681 INFO:   energy decomposition (mean/atom): E_inter=0.4032 eV, E_QEq=-0.396661 eV
2026-08-27 02:54:38.684 INFO:   QEq charges per element: Z=7: mean=-0.1035, std=0.0409, min=-0.1462, max=-0.0647 | Z=9: mean=-0.0699, std=nan, min=-0.0699, max=-0.0699 | Z=15: mean=-0.3102, std=nan, min=-0.3102, max=-0.3102 | Z=16: mean=-0.3427, std=nan, min=-0.3427, max=-0.3427 | Z=33: mean=0.0312, std=nan, min=0.0312, max=0.0312 | Z=34: mean=-0.3989, std=nan, min=-0.3989, max=-0.3989 | Z=35: mean=0.1440, std=0.2374, min=-0.3314, max=0.3505 | Z=53: mean=-0.0793, std=0.2595, min=-0.3463, max=0.3220 | Z=55: mean=0.0107, std=0.3820, min=-0.4068, max=0.4561 | Z=82: mean=-0.0448, std=0.3696, min=-0.4919, max=0.3925
2026-08-27 02:54:38.686 INFO:   Top-10 param grad norms:
2026-08-27 02:54:38.686 INFO:     products.0.symmetric_contractions.weight: 0.054272
2026-08-27 02:54:38.686 INFO:     interactions.1.linear.weight: 0.046292
2026-08-27 02:54:38.686 INFO:     interactions.0.linear.weight: 0.043590
2026-08-27 02:54:38.686 INFO:     products.1.symmetric_contractions.weight: 0.038665
2026-08-27 02:54:38.686 INFO:     interactions.0.conv_tp_weights.layer0.weight: 0.035828
2026-08-27 02:54:38.686 INFO:     products.0.linear.weight: 0.026143
2026-08-27 02:54:38.686 INFO:     products.1.linear.weight: 0.021232
2026-08-27 02:54:38.686 INFO:     charge_embedding.weight: 0.014906
2026-08-27 02:54:38.687 INFO:     interactions.0.conv_tp_weights.layer1.weight: 0.012509
2026-08-27 02:54:38.687 INFO:     interactions.0.linear_up.weight: 0.010583
2026-08-27 02:54:38.687 INFO:   All parameters have nonzero gradients ✓
2026-08-27 02:54:38.687 INFO:   Total grad norm (before clip): 0.1094
2026-08-27 02:54:38.687 INFO: --- End gradient diagnostics ---
2026-08-27 03:07:11.764 INFO:   Epoch energy decomposition (mean/atom): E_inter=0.4155 eV, E_QEq=-0.415151 eV
2026-08-27 03:08:06.769 INFO: Epoch 143: head: Default, loss=0.00166987, RMSE_E_per_atom=    3.18 meV, RMSE_F=   16.16 meV / A
2026-08-27 03:08:06.914 INFO: --- Gradient diagnostics (epoch 144, batch 0) ---
2026-08-27 03:08:06.914 INFO:   forces: pred_rms=0.2604 eV/Å, ref_rms=0.2583 eV/Å, err_rms=0.0261 eV/Å
2026-08-27 03:08:06.915 INFO:   energy/atom: pred_mean=-2.8566 eV, ref_mean=-2.8550 eV, err_mean=0.0019 eV
2026-08-27 03:08:06.915 INFO:   energy decomposition (mean/atom): E_inter=0.4508 eV, E_QEq=-0.439217 eV
2026-08-27 03:08:06.917 INFO:   QEq charges per element: Z=7: mean=-0.2610, std=0.1165, min=-0.3433, max=-0.1786 | Z=15: mean=-0.1926, std=nan, min=-0.1926, max=-0.1926 | Z=16: mean=0.0331, std=nan, min=0.0331, max=0.0331 | Z=33: mean=-0.0098, std=0.1909, min=-0.1448, max=0.1252 | Z=35: mean=0.0015, std=0.2632, min=-0.2727, max=0.3817 | Z=52: mean=-0.2643, std=0.0850, min=-0.3562, max=-0.1885 | Z=53: mean=0.2197, std=0.1807, min=-0.2862, max=0.3652 | Z=55: mean=-0.2135, std=0.3173, min=-0.4246, max=0.4510 | Z=82: mean=-0.2698, std=0.2844, min=-0.4932, max=0.3261
2026-08-27 03:08:06.919 INFO:   Top-10 param grad norms:
2026-08-27 03:08:06.919 INFO:     products.0.symmetric_contractions.weight: 0.622358
2026-08-27 03:08:06.919 INFO:     interactions.0.conv_tp_weights.layer0.weight: 0.364302
2026-08-27 03:08:06.919 INFO:     interactions.0.linear.weight: 0.358643
2026-08-27 03:08:06.919 INFO:     charge_embedding.weight: 0.242552
2026-08-27 03:08:06.919 INFO:     interactions.0.conv_tp_weights.layer1.weight: 0.215693
2026-08-27 03:08:06.919 INFO:     interactions.1.linear.weight: 0.211454
2026-08-27 03:08:06.919 INFO:     products.0.linear.weight: 0.205147
2026-08-27 03:08:06.919 INFO:     interactions.0.conv_tp_weights.layer2.weight: 0.174307
2026-08-27 03:08:06.919 INFO:     products.1.linear.weight: 0.166682
2026-08-27 03:08:06.919 INFO:     interactions.0.linear_up.weight: 0.162182
2026-08-27 03:08:06.919 INFO:   All parameters have nonzero gradients ✓
2026-08-27 03:08:06.920 INFO:   Total grad norm (before clip): 1.0006
2026-08-27 03:08:06.920 INFO: --- End gradient diagnostics ---
2026-08-27 03:20:59.994 INFO:   Epoch energy decomposition (mean/atom): E_inter=0.4158 eV, E_QEq=-0.415430 eV
2026-08-27 03:21:58.278 INFO: Epoch 144: head: Default, loss=0.00164431, RMSE_E_per_atom=    3.19 meV, RMSE_F=   16.03 meV / A
2026-08-27 03:21:58.428 INFO: --- Gradient diagnostics (epoch 145, batch 0) ---
2026-08-27 03:21:58.428 INFO:   forces: pred_rms=0.3879 eV/Å, ref_rms=0.3877 eV/Å, err_rms=0.0242 eV/Å
2026-08-27 03:21:58.429 INFO:   energy/atom: pred_mean=-2.9342 eV, ref_mean=-2.9353 eV, err_mean=0.0018 eV
2026-08-27 03:21:58.429 INFO:   energy decomposition (mean/atom): E_inter=0.4482 eV, E_QEq=-0.412287 eV
2026-08-27 03:21:58.433 INFO:   QEq charges per element: Z=7: mean=-0.4805, std=nan, min=-0.4805, max=-0.4805 | Z=8: mean=-0.3250, std=nan, min=-0.3250, max=-0.3250 | Z=15: mean=-0.1445, std=0.5250, min=-0.5158, max=0.2267 | Z=16: mean=-0.2420, std=nan, min=-0.2420, max=-0.2420 | Z=17: mean=-0.2501, std=nan, min=-0.2501, max=-0.2501 | Z=33: mean=-0.2134, std=nan, min=-0.2134, max=-0.2134 | Z=35: mean=0.0678, std=0.2758, min=-0.3072, max=0.3723 | Z=52: mean=-0.0154, std=nan, min=-0.0154, max=-0.0154 | Z=53: mean=-0.0408, std=0.2723, min=-0.4125, max=0.4237 | Z=55: mean=0.0250, std=0.3890, min=-0.4121, max=0.4611 | Z=82: mean=-0.0612, std=0.3726, min=-0.5081, max=0.3713
2026-08-27 03:21:58.435 INFO:   Top-10 param grad norms:
2026-08-27 03:21:58.435 INFO:     interactions.0.conv_tp_weights.layer0.weight: 0.179452
2026-08-27 03:21:58.435 INFO:     products.0.symmetric_contractions.weight: 0.127500
2026-08-27 03:21:58.435 INFO:     interactions.0.linear.weight: 0.099956
2026-08-27 03:21:58.435 INFO:     interactions.1.linear.weight: 0.093337
2026-08-27 03:21:58.435 INFO:     products.1.symmetric_contractions.weight: 0.087801
2026-08-27 03:21:58.435 INFO:     interactions.0.conv_tp_weights.layer1.weight: 0.061072
2026-08-27 03:21:58.435 INFO:     products.0.linear.weight: 0.060746
2026-08-27 03:21:58.435 INFO:     products.1.linear.weight: 0.049135
2026-08-27 03:21:58.435 INFO:     interactions.0.conv_tp_weights.layer2.weight: 0.037374
2026-08-27 03:21:58.435 INFO:     charge_embedding.weight: 0.034329
2026-08-27 03:21:58.435 INFO:   All parameters have nonzero gradients ✓
2026-08-27 03:21:58.436 INFO:   Total grad norm (before clip): 0.3015
2026-08-27 03:21:58.436 INFO: --- End gradient diagnostics ---
2026-08-27 03:35:00.707 INFO:   Epoch energy decomposition (mean/atom): E_inter=0.4164 eV, E_QEq=-0.416125 eV
2026-08-27 03:36:00.173 INFO: Epoch 145: head: Default, loss=0.00166468, RMSE_E_per_atom=    3.15 meV, RMSE_F=   16.14 meV / A
2026-08-27 03:36:00.320 INFO: --- Gradient diagnostics (epoch 146, batch 0) ---
2026-08-27 03:36:00.321 INFO:   forces: pred_rms=0.1100 eV/Å, ref_rms=0.1092 eV/Å, err_rms=0.0140 eV/Å
2026-08-27 03:36:00.321 INFO:   energy/atom: pred_mean=-3.0598 eV, ref_mean=-3.0594 eV, err_mean=0.0016 eV
2026-08-27 03:36:00.321 INFO:   energy decomposition (mean/atom): E_inter=0.4225 eV, E_QEq=-0.442263 eV
2026-08-27 03:36:00.323 INFO:   QEq charges per element: Z=7: mean=-0.2416, std=nan, min=-0.2416, max=-0.2416 | Z=9: mean=0.1103, std=0.4156, min=-0.1836, max=0.4042 | Z=16: mean=-0.0379, std=nan, min=-0.0379, max=-0.0379 | Z=34: mean=-0.3570, std=0.2081, min=-0.5041, max=-0.2098 | Z=35: mean=0.2107, std=0.1991, min=-0.2845, max=0.3360 | Z=53: mean=-0.2540, std=0.0393, min=-0.3813, max=0.1585 | Z=55: mean=-0.0493, std=0.3692, min=-0.4052, max=0.4383 | Z=82: mean=-0.1284, std=0.3603, min=-0.5579, max=0.3817
2026-08-27 03:36:00.325 INFO:   Top-10 param grad norms:
2026-08-27 03:36:00.325 INFO:     products.0.symmetric_contractions.weight: 0.036016
2026-08-27 03:36:00.325 INFO:     interactions.1.linear.weight: 0.032957
2026-08-27 03:36:00.325 INFO:     products.1.symmetric_contractions.weight: 0.028884
2026-08-27 03:36:00.325 INFO:     interactions.0.linear.weight: 0.027912
2026-08-27 03:36:00.325 INFO:     products.0.linear.weight: 0.020116
2026-08-27 03:36:00.325 INFO:     products.1.linear.weight: 0.016166
2026-08-27 03:36:00.325 INFO:     interactions.0.conv_tp_weights.layer0.weight: 0.015923
2026-08-27 03:36:00.325 INFO:     charge_embedding.weight: 0.011300
2026-08-27 03:36:00.326 INFO:     chi_readouts.0.linear.weight: 0.008198
2026-08-27 03:36:00.326 INFO:     interactions.0.conv_tp_weights.layer3.weight: 0.007332
2026-08-27 03:36:00.326 INFO:   All parameters have nonzero gradients ✓
2026-08-27 03:36:00.326 INFO:   Total grad norm (before clip): 0.0747
2026-08-27 03:36:00.326 INFO: --- End gradient diagnostics ---
2026-08-27 03:49:08.916 INFO:   Epoch energy decomposition (mean/atom): E_inter=0.4170 eV, E_QEq=-0.416704 eV
2026-08-27 03:50:06.532 INFO: Epoch 146: head: Default, loss=0.00163017, RMSE_E_per_atom=    3.14 meV, RMSE_F=   15.97 meV / A
2026-08-27 03:50:06.729 INFO: --- Gradient diagnostics (epoch 147, batch 0) ---
2026-08-27 03:50:06.729 INFO:   forces: pred_rms=0.1252 eV/Å, ref_rms=0.1243 eV/Å, err_rms=0.0135 eV/Å
2026-08-27 03:50:06.729 INFO:   energy/atom: pred_mean=-3.0758 eV, ref_mean=-3.0769 eV, err_mean=0.0027 eV
2026-08-27 03:50:06.730 INFO:   energy decomposition (mean/atom): E_inter=0.4255 eV, E_QEq=-0.424488 eV
2026-08-27 03:50:06.733 INFO:   QEq charges per element: Z=7: mean=-0.0808, std=nan, min=-0.0808, max=-0.0808 | Z=15: mean=-0.1512, std=nan, min=-0.1512, max=-0.1512 | Z=16: mean=0.1241, std=0.1352, min=0.0285, max=0.2196 | Z=17: mean=0.0015, std=nan, min=0.0015, max=0.0015 | Z=33: mean=-0.4043, std=0.5509, min=-0.7939, max=-0.0148 | Z=35: mean=0.0796, std=0.2649, min=-0.3234, max=0.3299 | Z=52: mean=-0.3053, std=nan, min=-0.3053, max=-0.3053 | Z=53: mean=0.0062, std=0.2696, min=-0.2764, max=0.3356 | Z=55: mean=-0.0691, std=0.3780, min=-0.4332, max=0.4433 | Z=82: mean=-0.1338, std=0.3745, min=-0.5118, max=0.3519
2026-08-27 03:50:06.734 INFO:   Top-10 param grad norms:
2026-08-27 03:50:06.734 INFO:     products.0.symmetric_contractions.weight: 0.046227
2026-08-27 03:50:06.734 INFO:     interactions.0.conv_tp_weights.layer0.weight: 0.042602
2026-08-27 03:50:06.734 INFO:     interactions.1.linear.weight: 0.040708
2026-08-27 03:50:06.734 INFO:     interactions.0.linear.weight: 0.037039
2026-08-27 03:50:06.735 INFO:     products.1.symmetric_contractions.weight: 0.035702
2026-08-27 03:50:06.735 INFO:     products.0.linear.weight: 0.027815
2026-08-27 03:50:06.735 INFO:     charge_embedding.weight: 0.020610
2026-08-27 03:50:06.735 INFO:     products.1.linear.weight: 0.020451
2026-08-27 03:50:06.735 INFO:     interactions.0.conv_tp_weights.layer1.weight: 0.014565
2026-08-27 03:50:06.735 INFO:     interactions.0.conv_tp_weights.layer3.weight: 0.011995
2026-08-27 03:50:06.735 INFO:   All parameters have nonzero gradients ✓
2026-08-27 03:50:06.735 INFO:   Total grad norm (before clip): 0.1053
2026-08-27 03:50:06.735 INFO: --- End gradient diagnostics ---
2026-08-27 04:02:57.751 INFO:   Epoch energy decomposition (mean/atom): E_inter=0.4186 eV, E_QEq=-0.418291 eV
2026-08-27 04:03:55.816 INFO: Epoch 147: head: Default, loss=0.00165941, RMSE_E_per_atom=    3.13 meV, RMSE_F=   16.11 meV / A
2026-08-27 04:03:55.974 INFO: --- Gradient diagnostics (epoch 148, batch 0) ---
2026-08-27 04:03:55.974 INFO:   forces: pred_rms=0.2806 eV/Å, ref_rms=0.2754 eV/Å, err_rms=0.0194 eV/Å
2026-08-27 04:03:55.974 INFO:   energy/atom: pred_mean=-2.9416 eV, ref_mean=-2.9414 eV, err_mean=0.0020 eV
2026-08-27 04:03:55.975 INFO:   energy decomposition (mean/atom): E_inter=0.4191 eV, E_QEq=-0.390088 eV
2026-08-27 04:03:55.978 INFO:   QEq charges per element: Z=9: mean=-0.4859, std=nan, min=-0.4859, max=-0.4859 | Z=15: mean=-0.3610, std=0.1533, min=-0.4694, max=-0.2526 | Z=17: mean=-0.3609, std=nan, min=-0.3609, max=-0.3609 | Z=33: mean=-0.3322, std=0.4115, min=-0.6232, max=-0.0412 | Z=34: mean=0.0336, std=nan, min=0.0336, max=0.0336 | Z=35: mean=0.0720, std=0.2678, min=-0.3370, max=0.3403 | Z=52: mean=-0.4228, std=0.2405, min=-0.5929, max=-0.2528 | Z=53: mean=-0.1507, std=0.2162, min=-0.4063, max=0.2990 | Z=55: mean=0.1029, std=0.3789, min=-0.4061, max=0.4726 | Z=82: mean=0.0176, std=0.3635, min=-0.4639, max=0.4178
2026-08-27 04:03:55.980 INFO:   Top-10 param grad norms:
2026-08-27 04:03:55.980 INFO:     interactions.0.conv_tp_weights.layer0.weight: 0.307569
2026-08-27 04:03:55.980 INFO:     interactions.0.conv_tp_weights.layer1.weight: 0.107393
2026-08-27 04:03:55.980 INFO:     interactions.0.linear.weight: 0.106357
2026-08-27 04:03:55.980 INFO:     products.0.symmetric_contractions.weight: 0.099204
2026-08-27 04:03:55.980 INFO:     interactions.1.linear.weight: 0.072760
2026-08-27 04:03:55.980 INFO:     interactions.0.conv_tp_weights.layer2.weight: 0.068833
2026-08-27 04:03:55.980 INFO:     products.1.symmetric_contractions.weight: 0.059505
2026-08-27 04:03:55.980 INFO:     products.0.linear.weight: 0.047986
2026-08-27 04:03:55.980 INFO:     charge_embedding.weight: 0.045637
2026-08-27 04:03:55.980 INFO:     interactions.0.conv_tp_weights.layer3.weight: 0.040034
2026-08-27 04:03:55.980 INFO:   All parameters have nonzero gradients ✓
2026-08-27 04:03:55.981 INFO:   Total grad norm (before clip): 0.3868
2026-08-27 04:03:55.981 INFO: --- End gradient diagnostics ---
2026-08-27 04:16:52.166 INFO:   Epoch energy decomposition (mean/atom): E_inter=0.4162 eV, E_QEq=-0.415890 eV
2026-08-27 04:17:49.522 INFO: Epoch 148: head: Default, loss=0.00162492, RMSE_E_per_atom=    3.14 meV, RMSE_F=   15.94 meV / A
2026-08-27 04:17:49.717 INFO: --- Gradient diagnostics (epoch 149, batch 0) ---
2026-08-27 04:17:49.717 INFO:   forces: pred_rms=0.0793 eV/Å, ref_rms=0.0772 eV/Å, err_rms=0.0132 eV/Å
2026-08-27 04:17:49.718 INFO:   energy/atom: pred_mean=-2.9765 eV, ref_mean=-2.9763 eV, err_mean=0.0018 eV
2026-08-27 04:17:49.718 INFO:   energy decomposition (mean/atom): E_inter=0.3767 eV, E_QEq=-0.388230 eV
2026-08-27 04:17:49.720 INFO:   QEq charges per element: Z=7: mean=-0.3751, std=nan, min=-0.3751, max=-0.3751 | Z=8: mean=-0.2083, std=nan, min=-0.2083, max=-0.2083 | Z=17: mean=-0.1873, std=0.2683, min=-0.3770, max=0.0024 | Z=33: mean=-0.2697, std=0.3844, min=-0.5415, max=0.0021 | Z=35: mean=-0.0411, std=0.2671, min=-0.3190, max=0.3148 | Z=52: mean=-0.3635, std=0.2508, min=-0.5408, max=-0.1861 | Z=53: mean=-0.0374, std=0.2654, min=-0.2687, max=0.3518 | Z=55: mean=0.1033, std=0.3793, min=-0.4170, max=0.4518 | Z=82: mean=0.0191, std=0.3535, min=-0.4744, max=0.3538
2026-08-27 04:17:49.722 INFO:   Top-10 param grad norms:
2026-08-27 04:17:49.722 INFO:     interactions.0.conv_tp_weights.layer0.weight: 0.071355
2026-08-27 04:17:49.722 INFO:     products.0.symmetric_contractions.weight: 0.041668
2026-08-27 04:17:49.722 INFO:     interactions.0.linear.weight: 0.037454
2026-08-27 04:17:49.722 INFO:     interactions.1.linear.weight: 0.036450
2026-08-27 04:17:49.722 INFO:     products.1.symmetric_contractions.weight: 0.034733
2026-08-27 04:17:49.722 INFO:     products.0.linear.weight: 0.026481
2026-08-27 04:17:49.722 INFO:     interactions.0.conv_tp_weights.layer1.weight: 0.023519
2026-08-27 04:17:49.723 INFO:     products.1.linear.weight: 0.017166
2026-08-27 04:17:49.723 INFO:     interactions.0.conv_tp_weights.layer2.weight: 0.014721
2026-08-27 04:17:49.723 INFO:     charge_embedding.weight: 0.012614
2026-08-27 04:17:49.723 INFO:   All parameters have nonzero gradients ✓
2026-08-27 04:17:49.723 INFO:   Total grad norm (before clip): 0.1151
2026-08-27 04:17:49.723 INFO: --- End gradient diagnostics ---
2026-08-27 04:30:59.174 INFO:   Epoch energy decomposition (mean/atom): E_inter=0.4178 eV, E_QEq=-0.417506 eV
2026-08-27 04:32:00.214 INFO: Epoch 149: head: Default, loss=0.00166963, RMSE_E_per_atom=    3.15 meV, RMSE_F=   16.16 meV / A
2026-08-27 04:32:00.359 INFO: --- Gradient diagnostics (epoch 150, batch 0) ---
2026-08-27 04:32:00.360 INFO:   forces: pred_rms=0.1655 eV/Å, ref_rms=0.1667 eV/Å, err_rms=0.0189 eV/Å
2026-08-27 04:32:00.360 INFO:   energy/atom: pred_mean=-3.0087 eV, ref_mean=-3.0065 eV, err_mean=0.0023 eV
2026-08-27 04:32:00.360 INFO:   energy decomposition (mean/atom): E_inter=0.4002 eV, E_QEq=-0.396429 eV
2026-08-27 04:32:00.363 INFO:   QEq charges per element: Z=7: mean=-0.2749, std=0.0218, min=-0.2904, max=-0.2595 | Z=8: mean=-0.5103, std=nan, min=-0.5103, max=-0.5103 | Z=15: mean=-0.3165, std=0.3346, min=-0.7027, max=-0.1124 | Z=16: mean=-0.5355, std=0.2031, min=-0.6791, max=-0.3919 | Z=34: mean=-0.4909, std=0.3901, min=-0.7668, max=-0.2151 | Z=35: mean=0.0136, std=0.2755, min=-0.3715, max=0.3681 | Z=53: mean=-0.1211, std=0.2298, min=-0.2967, max=0.3203 | Z=55: mean=0.0970, std=0.3738, min=-0.4107, max=0.4627 | Z=82: mean=0.0252, std=0.3648, min=-0.4681, max=0.3882
2026-08-27 04:32:00.364 INFO:   Top-10 param grad norms:
2026-08-27 04:32:00.364 INFO:     products.0.symmetric_contractions.weight: 0.075531
2026-08-27 04:32:00.364 INFO:     interactions.1.linear.weight: 0.054037
2026-08-27 04:32:00.365 INFO:     products.1.symmetric_contractions.weight: 0.051377
2026-08-27 04:32:00.365 INFO:     interactions.0.linear.weight: 0.050802
2026-08-27 04:32:00.365 INFO:     interactions.0.conv_tp_weights.layer0.weight: 0.042082
2026-08-27 04:32:00.365 INFO:     products.0.linear.weight: 0.034933
2026-08-27 04:32:00.365 INFO:     products.1.linear.weight: 0.029267
2026-08-27 04:32:00.365 INFO:     charge_embedding.weight: 0.021665
2026-08-27 04:32:00.365 INFO:     interactions.0.conv_tp_weights.layer1.weight: 0.021621
2026-08-27 04:32:00.365 INFO:     chi_readouts.1.linear_2.weight: 0.015979
2026-08-27 04:32:00.365 INFO:   All parameters have nonzero gradients ✓
2026-08-27 04:32:00.365 INFO:   Total grad norm (before clip): 0.1432
2026-08-27 04:32:00.365 INFO: --- End gradient diagnostics ---
2026-08-27 04:45:02.180 INFO:   Epoch energy decomposition (mean/atom): E_inter=0.4194 eV, E_QEq=-0.419097 eV
2026-08-27 04:46:02.454 INFO: Epoch 150: head: Default, loss=0.00165575, RMSE_E_per_atom=    3.14 meV, RMSE_F=   16.09 meV / A
2026-08-27 04:46:02.606 INFO: --- Gradient diagnostics (epoch 151, batch 0) ---
2026-08-27 04:46:02.606 INFO:   forces: pred_rms=0.1304 eV/Å, ref_rms=0.1279 eV/Å, err_rms=0.0168 eV/Å
2026-08-27 04:46:02.606 INFO:   energy/atom: pred_mean=-2.9638 eV, ref_mean=-2.9643 eV, err_mean=0.0029 eV
2026-08-27 04:46:02.607 INFO:   energy decomposition (mean/atom): E_inter=0.4000 eV, E_QEq=-0.398247 eV
2026-08-27 04:46:02.610 INFO:   QEq charges per element: Z=7: mean=-0.1036, std=nan, min=-0.1036, max=-0.1036 | Z=8: mean=-0.4661, std=nan, min=-0.4661, max=-0.4661 | Z=9: mean=-0.4148, std=nan, min=-0.4148, max=-0.4148 | Z=16: mean=-0.2340, std=nan, min=-0.2340, max=-0.2340 | Z=17: mean=-0.0303, std=nan, min=-0.0303, max=-0.0303 | Z=33: mean=-0.3357, std=0.3250, min=-0.5677, max=0.0358 | Z=34: mean=-0.4208, std=nan, min=-0.4208, max=-0.4208 | Z=35: mean=0.0597, std=0.2581, min=-0.2795, max=0.3416 | Z=53: mean=-0.0454, std=0.2724, min=-0.3035, max=0.3259 | Z=55: mean=0.0097, std=0.3965, min=-0.4219, max=0.4579 | Z=82: mean=-0.0481, std=0.3722, min=-0.5610, max=0.3704
2026-08-27 04:46:02.611 INFO:   Top-10 param grad norms:
2026-08-27 04:46:02.611 INFO:     products.0.symmetric_contractions.weight: 0.114270
2026-08-27 04:46:02.611 INFO:     interactions.1.linear.weight: 0.101837
2026-08-27 04:46:02.611 INFO:     products.1.symmetric_contractions.weight: 0.088067
2026-08-27 04:46:02.611 INFO:     interactions.0.linear.weight: 0.073018
2026-08-27 04:46:02.612 INFO:     products.0.linear.weight: 0.061733
2026-08-27 04:46:02.612 INFO:     products.1.linear.weight: 0.053567
2026-08-27 04:46:02.612 INFO:     interactions.0.conv_tp_weights.layer0.weight: 0.044972
2026-08-27 04:46:02.612 INFO:     charge_embedding.weight: 0.034565
2026-08-27 04:46:02.612 INFO:     interactions.0.linear_up.weight: 0.019032
2026-08-27 04:46:02.612 INFO:     interactions.1.linear_up.weight: 0.018739
2026-08-27 04:46:02.612 INFO:   All parameters have nonzero gradients ✓
2026-08-27 04:46:02.612 INFO:   Total grad norm (before clip): 0.2233
2026-08-27 04:46:02.612 INFO: --- End gradient diagnostics ---
2026-08-27 04:58:56.957 INFO:   Epoch energy decomposition (mean/atom): E_inter=0.4204 eV, E_QEq=-0.420114 eV
2026-08-27 04:59:56.290 INFO: Epoch 151: head: Default, loss=0.00161544, RMSE_E_per_atom=    3.15 meV, RMSE_F=   15.89 meV / A
2026-08-27 04:59:56.499 INFO: --- Gradient diagnostics (epoch 152, batch 0) ---
2026-08-27 04:59:56.499 INFO:   forces: pred_rms=0.2199 eV/Å, ref_rms=0.2189 eV/Å, err_rms=0.0181 eV/Å
2026-08-27 04:59:56.499 INFO:   energy/atom: pred_mean=-2.9946 eV, ref_mean=-2.9951 eV, err_mean=0.0020 eV
2026-08-27 04:59:56.500 INFO:   energy decomposition (mean/atom): E_inter=0.4704 eV, E_QEq=-0.459968 eV
2026-08-27 04:59:56.502 INFO:   QEq charges per element: Z=7: mean=-0.2088, std=0.1434, min=-0.3399, max=-0.0556 | Z=16: mean=-0.4588, std=nan, min=-0.4588, max=-0.4588 | Z=35: mean=0.2817, std=0.0274, min=0.1436, max=0.3577 | Z=52: mean=-0.2058, std=0.1287, min=-0.3766, max=-0.0954 | Z=53: mean=0.0117, std=0.2794, min=-0.3349, max=0.3518 | Z=55: mean=-0.2186, std=0.2955, min=-0.4327, max=0.3947 | Z=82: mean=-0.2632, std=0.2985, min=-0.5032, max=0.3662
2026-08-27 04:59:56.503 INFO:   Top-10 param grad norms:
2026-08-27 04:59:56.503 INFO:     products.0.symmetric_contractions.weight: 0.043834
2026-08-27 04:59:56.503 INFO:     interactions.1.linear.weight: 0.042536
2026-08-27 04:59:56.503 INFO:     products.1.symmetric_contractions.weight: 0.035692
2026-08-27 04:59:56.503 INFO:     interactions.0.linear.weight: 0.029949
2026-08-27 04:59:56.504 INFO:     interactions.0.conv_tp_weights.layer0.weight: 0.023479
2026-08-27 04:59:56.504 INFO:     products.0.linear.weight: 0.022683
2026-08-27 04:59:56.504 INFO:     products.1.linear.weight: 0.017198
2026-08-27 04:59:56.504 INFO:     charge_embedding.weight: 0.014653
2026-08-27 04:59:56.504 INFO:     chi_readouts.1.linear_2.weight: 0.008163
2026-08-27 04:59:56.504 INFO:     interactions.0.conv_tp_weights.layer1.weight: 0.008043
2026-08-27 04:59:56.504 INFO:   All parameters have nonzero gradients ✓
2026-08-27 04:59:56.504 INFO:   Total grad norm (before clip): 0.0900
2026-08-27 04:59:56.504 INFO: --- End gradient diagnostics ---
2026-08-27 05:13:01.090 INFO:   Epoch energy decomposition (mean/atom): E_inter=0.4204 eV, E_QEq=-0.420119 eV
2026-08-27 05:13:57.026 INFO: Epoch 152: head: Default, loss=0.00162432, RMSE_E_per_atom=    3.13 meV, RMSE_F=   15.94 meV / A
2026-08-27 05:13:57.160 INFO: --- Gradient diagnostics (epoch 153, batch 0) ---
2026-08-27 05:13:57.161 INFO:   forces: pred_rms=0.1982 eV/Å, ref_rms=0.1979 eV/Å, err_rms=0.0172 eV/Å
2026-08-27 05:13:57.161 INFO:   energy/atom: pred_mean=-2.9680 eV, ref_mean=-2.9681 eV, err_mean=0.0018 eV
2026-08-27 05:13:57.161 INFO:   energy decomposition (mean/atom): E_inter=0.4502 eV, E_QEq=-0.450671 eV
2026-08-27 05:13:57.164 INFO:   QEq charges per element: Z=7: mean=-0.0614, std=nan, min=-0.0614, max=-0.0614 | Z=9: mean=-0.3185, std=nan, min=-0.3185, max=-0.3185 | Z=15: mean=-0.2748, std=nan, min=-0.2748, max=-0.2748 | Z=33: mean=-0.3587, std=nan, min=-0.3587, max=-0.3587 | Z=34: mean=-0.1747, std=0.3029, min=-0.3889, max=0.0395 | Z=35: mean=0.2796, std=0.0230, min=0.1733, max=0.3254 | Z=52: mean=-0.3063, std=nan, min=-0.3063, max=-0.3063 | Z=53: mean=0.0644, std=0.2681, min=-0.3750, max=0.3123 | Z=55: mean=-0.2164, std=0.3082, min=-0.4508, max=0.4366 | Z=82: mean=-0.2713, std=0.2961, min=-0.5018, max=0.3972
2026-08-27 05:13:57.165 INFO:   Top-10 param grad norms:
2026-08-27 05:13:57.165 INFO:     interactions.0.conv_tp_weights.layer0.weight: 0.104419
2026-08-27 05:13:57.165 INFO:     products.0.symmetric_contractions.weight: 0.055571
2026-08-27 05:13:57.165 INFO:     interactions.1.linear.weight: 0.054756
2026-08-27 05:13:57.165 INFO:     products.1.symmetric_contractions.weight: 0.051457
2026-08-27 05:13:57.166 INFO:     interactions.0.linear.weight: 0.050272
2026-08-27 05:13:57.166 INFO:     interactions.0.conv_tp_weights.layer1.weight: 0.034169
2026-08-27 05:13:57.166 INFO:     products.0.linear.weight: 0.033534
2026-08-27 05:13:57.166 INFO:     products.1.linear.weight: 0.025975
2026-08-27 05:13:57.166 INFO:     interactions.0.conv_tp_weights.layer2.weight: 0.021299
2026-08-27 05:13:57.166 INFO:     charge_embedding.weight: 0.020514
2026-08-27 05:13:57.166 INFO:   All parameters have nonzero gradients ✓
2026-08-27 05:13:57.166 INFO:   Total grad norm (before clip): 0.1644
2026-08-27 05:13:57.166 INFO: --- End gradient diagnostics ---
2026-08-27 05:26:58.569 INFO:   Epoch energy decomposition (mean/atom): E_inter=0.4213 eV, E_QEq=-0.421003 eV
2026-08-27 05:27:53.983 INFO: Epoch 153: head: Default, loss=0.00162596, RMSE_E_per_atom=    3.15 meV, RMSE_F=   15.94 meV / A
2026-08-27 05:27:54.129 INFO: --- Gradient diagnostics (epoch 154, batch 0) ---
2026-08-27 05:27:54.130 INFO:   forces: pred_rms=0.0579 eV/Å, ref_rms=0.0553 eV/Å, err_rms=0.0129 eV/Å
2026-08-27 05:27:54.130 INFO:   energy/atom: pred_mean=-3.0482 eV, ref_mean=-3.0462 eV, err_mean=0.0022 eV
2026-08-27 05:27:54.130 INFO:   energy decomposition (mean/atom): E_inter=0.4109 eV, E_QEq=-0.424917 eV
2026-08-27 05:27:54.133 INFO:   QEq charges per element: Z=7: mean=-0.0023, std=nan, min=-0.0023, max=-0.0023 | Z=9: mean=-0.3629, std=nan, min=-0.3629, max=-0.3629 | Z=16: mean=-0.4104, std=nan, min=-0.4104, max=-0.4104 | Z=33: mean=-0.3521, std=0.0669, min=-0.4185, max=-0.2847 | Z=34: mean=-0.2376, std=nan, min=-0.2376, max=-0.2376 | Z=35: mean=-0.0293, std=0.2718, min=-0.3371, max=0.3321 | Z=52: mean=-0.2594, std=nan, min=-0.2594, max=-0.2594 | Z=53: mean=0.1026, std=0.2616, min=-0.3317, max=0.3266 | Z=55: mean=0.0169, std=0.3779, min=-0.4087, max=0.4351 | Z=82: mean=-0.0594, std=0.3753, min=-0.4625, max=0.3634
2026-08-27 05:27:54.135 INFO:   Top-10 param grad norms:
2026-08-27 05:27:54.135 INFO:     products.0.symmetric_contractions.weight: 0.074077
2026-08-27 05:27:54.135 INFO:     interactions.1.linear.weight: 0.072719
2026-08-27 05:27:54.135 INFO:     interactions.0.linear.weight: 0.062767
2026-08-27 05:27:54.135 INFO:     products.1.symmetric_contractions.weight: 0.060771
2026-08-27 05:27:54.135 INFO:     products.0.linear.weight: 0.046214
2026-08-27 05:27:54.135 INFO:     products.1.linear.weight: 0.032701
2026-08-27 05:27:54.135 INFO:     interactions.0.conv_tp_weights.layer3.weight: 0.019591
2026-08-27 05:27:54.135 INFO:     interactions.0.conv_tp_weights.layer0.weight: 0.018926
2026-08-27 05:27:54.135 INFO:     chi_readouts.1.linear_2.weight: 0.017382
2026-08-27 05:27:54.135 INFO:     charge_embedding.weight: 0.014299
2026-08-27 05:27:54.135 INFO:   All parameters have nonzero gradients ✓
2026-08-27 05:27:54.135 INFO:   Total grad norm (before clip): 0.1561
2026-08-27 05:27:54.136 INFO: --- End gradient diagnostics ---
2026-08-27 05:41:01.027 INFO:   Epoch energy decomposition (mean/atom): E_inter=0.4221 eV, E_QEq=-0.421743 eV
2026-08-27 05:42:01.458 INFO: Epoch 154: head: Default, loss=0.00159984, RMSE_E_per_atom=    3.13 meV, RMSE_F=   15.81 meV / A
2026-08-27 05:42:01.653 INFO: --- Gradient diagnostics (epoch 155, batch 0) ---
2026-08-27 05:42:01.653 INFO:   forces: pred_rms=0.1310 eV/Å, ref_rms=0.1294 eV/Å, err_rms=0.0161 eV/Å
2026-08-27 05:42:01.654 INFO:   energy/atom: pred_mean=-3.1053 eV, ref_mean=-3.1052 eV, err_mean=0.0032 eV
2026-08-27 05:42:01.654 INFO:   energy decomposition (mean/atom): E_inter=0.4164 eV, E_QEq=-0.407916 eV
2026-08-27 05:42:01.657 INFO:   QEq charges per element: Z=7: mean=-0.4668, std=0.2460, min=-0.6407, max=-0.2928 | Z=9: mean=-0.1965, std=0.3644, min=-0.4541, max=0.0612 | Z=15: mean=-0.4209, std=nan, min=-0.4209, max=-0.4209 | Z=33: mean=0.1281, std=0.0225, min=0.1122, max=0.1441 | Z=35: mean=0.0343, std=0.2667, min=-0.3309, max=0.3513 | Z=53: mean=-0.2529, std=0.0679, min=-0.2817, max=0.1202 | Z=55: mean=-0.0050, std=0.3860, min=-0.4266, max=0.4492 | Z=82: mean=-0.0454, std=0.3780, min=-0.4777, max=0.3783
2026-08-27 05:42:01.658 INFO:   Top-10 param grad norms:
2026-08-27 05:42:01.658 INFO:     interactions.1.linear.weight: 0.064928
2026-08-27 05:42:01.659 INFO:     products.0.symmetric_contractions.weight: 0.064719
2026-08-27 05:42:01.659 INFO:     interactions.0.conv_tp_weights.layer0.weight: 0.055459
2026-08-27 05:42:01.659 INFO:     products.1.symmetric_contractions.weight: 0.048439
2026-08-27 05:42:01.659 INFO:     interactions.0.linear.weight: 0.048375
2026-08-27 05:42:01.659 INFO:     products.0.linear.weight: 0.037954
2026-08-27 05:42:01.659 INFO:     products.1.linear.weight: 0.020032
2026-08-27 05:42:01.659 INFO:     charge_embedding.weight: 0.019012
2026-08-27 05:42:01.659 INFO:     interactions.0.conv_tp_weights.layer1.weight: 0.018325
2026-08-27 05:42:01.659 INFO:     interactions.0.conv_tp_weights.layer3.weight: 0.014211
2026-08-27 05:42:01.659 INFO:   All parameters have nonzero gradients ✓
2026-08-27 05:42:01.659 INFO:   Total grad norm (before clip): 0.1410
2026-08-27 05:42:01.659 INFO: --- End gradient diagnostics ---
2026-08-27 05:54:53.729 INFO:   Epoch energy decomposition (mean/atom): E_inter=0.4229 eV, E_QEq=-0.422584 eV
2026-08-27 05:55:46.981 INFO: Epoch 155: head: Default, loss=0.00159684, RMSE_E_per_atom=    3.12 meV, RMSE_F=   15.80 meV / A
2026-08-27 05:55:47.163 INFO: --- Gradient diagnostics (epoch 156, batch 0) ---
2026-08-27 05:55:47.164 INFO:   forces: pred_rms=0.0287 eV/Å, ref_rms=0.0255 eV/Å, err_rms=0.0109 eV/Å
2026-08-27 05:55:47.164 INFO:   energy/atom: pred_mean=-3.0319 eV, ref_mean=-3.0341 eV, err_mean=0.0025 eV
2026-08-27 05:55:47.165 INFO:   energy decomposition (mean/atom): E_inter=0.4235 eV, E_QEq=-0.452035 eV
2026-08-27 05:55:47.167 INFO:   QEq charges per element: Z=7: mean=-0.3199, std=nan, min=-0.3199, max=-0.3199 | Z=8: mean=-0.3793, std=nan, min=-0.3793, max=-0.3793 | Z=15: mean=-0.5205, std=nan, min=-0.5205, max=-0.5205 | Z=17: mean=0.0498, std=0.3929, min=-0.2280, max=0.3276 | Z=33: mean=0.1158, std=nan, min=0.1158, max=0.1158 | Z=35: mean=0.1990, std=0.2022, min=-0.2622, max=0.3394 | Z=52: mean=-0.3192, std=0.3042, min=-0.5767, max=0.0164 | Z=53: mean=0.0081, std=0.2696, min=-0.2939, max=0.2914 | Z=55: mean=-0.1381, std=0.3505, min=-0.4237, max=0.4354 | Z=82: mean=-0.1988, std=0.3351, min=-0.4661, max=0.3419
2026-08-27 05:55:47.169 INFO:   Top-10 param grad norms:
2026-08-27 05:55:47.169 INFO:     interactions.0.conv_tp_weights.layer0.weight: 0.080829
2026-08-27 05:55:47.169 INFO:     products.0.symmetric_contractions.weight: 0.067463
2026-08-27 05:55:47.169 INFO:     interactions.1.linear.weight: 0.063825
2026-08-27 05:55:47.169 INFO:     products.1.symmetric_contractions.weight: 0.053364
2026-08-27 05:55:47.169 INFO:     interactions.0.linear.weight: 0.048545
2026-08-27 05:55:47.169 INFO:     products.0.linear.weight: 0.038895
2026-08-27 05:55:47.169 INFO:     products.1.linear.weight: 0.030453
2026-08-27 05:55:47.169 INFO:     interactions.0.conv_tp_weights.layer1.weight: 0.025526
2026-08-27 05:55:47.169 INFO:     charge_embedding.weight: 0.020357
2026-08-27 05:55:47.169 INFO:     interactions.0.conv_tp_weights.layer2.weight: 0.016006
2026-08-27 05:55:47.170 INFO:   All parameters have nonzero gradients ✓
2026-08-27 05:55:47.170 INFO:   Total grad norm (before clip): 0.1608
2026-08-27 05:55:47.170 INFO: --- End gradient diagnostics ---
2026-08-27 06:07:58.591 INFO:   Epoch energy decomposition (mean/atom): E_inter=0.4235 eV, E_QEq=-0.423193 eV
2026-08-27 06:08:54.812 INFO: Epoch 156: head: Default, loss=0.00160811, RMSE_E_per_atom=    3.13 meV, RMSE_F=   15.86 meV / A
2026-08-27 06:08:54.947 INFO: --- Gradient diagnostics (epoch 157, batch 0) ---
2026-08-27 06:08:54.948 INFO:   forces: pred_rms=0.3796 eV/Å, ref_rms=0.3794 eV/Å, err_rms=0.0226 eV/Å
2026-08-27 06:08:54.948 INFO:   energy/atom: pred_mean=-2.8911 eV, ref_mean=-2.8884 eV, err_mean=0.0045 eV
2026-08-27 06:08:54.948 INFO:   energy decomposition (mean/atom): E_inter=0.4322 eV, E_QEq=-0.380683 eV
2026-08-27 06:08:54.951 INFO:   QEq charges per element: Z=7: mean=-0.5657, std=0.2683, min=-0.7554, max=-0.3760 | Z=9: mean=-0.1013, std=nan, min=-0.1013, max=-0.1013 | Z=15: mean=-0.2517, std=0.2110, min=-0.4009, max=-0.1025 | Z=33: mean=-0.1705, std=0.2192, min=-0.3255, max=-0.0156 | Z=35: mean=0.1453, std=0.2321, min=-0.2713, max=0.3960 | Z=52: mean=0.3465, std=nan, min=0.3465, max=0.3465 | Z=53: mean=-0.0780, std=0.2513, min=-0.3138, max=0.3718 | Z=55: mean=0.0082, std=0.3999, min=-0.4403, max=0.4835 | Z=82: mean=-0.0678, std=0.3708, min=-0.5048, max=0.3567
2026-08-27 06:08:54.952 INFO:   Top-10 param grad norms:
2026-08-27 06:08:54.952 INFO:     interactions.0.conv_tp_weights.layer0.weight: 0.132584
2026-08-27 06:08:54.952 INFO:     products.0.symmetric_contractions.weight: 0.112645
2026-08-27 06:08:54.952 INFO:     interactions.0.linear.weight: 0.102906
2026-08-27 06:08:54.953 INFO:     products.1.symmetric_contractions.weight: 0.100423
2026-08-27 06:08:54.953 INFO:     interactions.1.linear.weight: 0.087513
2026-08-27 06:08:54.953 INFO:     products.0.linear.weight: 0.062590
2026-08-27 06:08:54.953 INFO:     products.1.linear.weight: 0.050372
2026-08-27 06:08:54.953 INFO:     charge_embedding.weight: 0.050190
2026-08-27 06:08:54.953 INFO:     interactions.0.conv_tp_weights.layer1.weight: 0.049089
2026-08-27 06:08:54.953 INFO:     interactions.0.conv_tp_weights.layer2.weight: 0.032418
2026-08-27 06:08:54.953 INFO:   All parameters have nonzero gradients ✓
2026-08-27 06:08:54.953 INFO:   Total grad norm (before clip): 0.2760
2026-08-27 06:08:54.953 INFO: --- End gradient diagnostics ---
2026-08-27 06:20:36.795 INFO:   Epoch energy decomposition (mean/atom): E_inter=0.4246 eV, E_QEq=-0.424282 eV
2026-08-27 06:21:31.944 INFO: Epoch 157: head: Default, loss=0.00159568, RMSE_E_per_atom=    3.08 meV, RMSE_F=   15.80 meV / A
2026-08-27 06:21:32.138 INFO: --- Gradient diagnostics (epoch 158, batch 0) ---
2026-08-27 06:21:32.139 INFO:   forces: pred_rms=0.0775 eV/Å, ref_rms=0.0760 eV/Å, err_rms=0.0136 eV/Å
2026-08-27 06:21:32.139 INFO:   energy/atom: pred_mean=-3.0088 eV, ref_mean=-3.0076 eV, err_mean=0.0022 eV
2026-08-27 06:21:32.139 INFO:   energy decomposition (mean/atom): E_inter=0.4082 eV, E_QEq=-0.415956 eV
2026-08-27 06:21:32.143 INFO:   QEq charges per element: Z=7: mean=-0.3498, std=nan, min=-0.3498, max=-0.3498 | Z=15: mean=-0.2395, std=0.2772, min=-0.4355, max=-0.0434 | Z=33: mean=-0.2772, std=0.1643, min=-0.3934, max=-0.1611 | Z=34: mean=-0.4030, std=nan, min=-0.4030, max=-0.4030 | Z=35: mean=0.0958, std=0.2524, min=-0.2852, max=0.3382 | Z=52: mean=-0.2780, std=nan, min=-0.2780, max=-0.2780 | Z=53: mean=0.0180, std=0.2711, min=-0.3260, max=0.3334 | Z=55: mean=-0.0795, std=0.3729, min=-0.4151, max=0.4463 | Z=82: mean=-0.1249, std=0.3641, min=-0.4698, max=0.3596
2026-08-27 06:21:32.145 INFO:   Top-10 param grad norms:
2026-08-27 06:21:32.145 INFO:     products.0.symmetric_contractions.weight: 0.062766
2026-08-27 06:21:32.145 INFO:     interactions.0.linear.weight: 0.044324
2026-08-27 06:21:32.145 INFO:     interactions.1.linear.weight: 0.043054
2026-08-27 06:21:32.145 INFO:     products.1.symmetric_contractions.weight: 0.034369
2026-08-27 06:21:32.145 INFO:     products.0.linear.weight: 0.033161
2026-08-27 06:21:32.145 INFO:     interactions.0.conv_tp_weights.layer0.weight: 0.029902
2026-08-27 06:21:32.145 INFO:     products.1.linear.weight: 0.023044
2026-08-27 06:21:32.145 INFO:     charge_embedding.weight: 0.018411
2026-08-27 06:21:32.145 INFO:     interactions.0.conv_tp_weights.layer1.weight: 0.015497
2026-08-27 06:21:32.145 INFO:     interactions.0.conv_tp_weights.layer3.weight: 0.014078
2026-08-27 06:21:32.145 INFO:   All parameters have nonzero gradients ✓
2026-08-27 06:21:32.146 INFO:   Total grad norm (before clip): 0.1145
2026-08-27 06:21:32.146 INFO: --- End gradient diagnostics ---
2026-08-27 06:33:15.828 INFO:   Epoch energy decomposition (mean/atom): E_inter=0.4256 eV, E_QEq=-0.425243 eV
2026-08-27 06:34:07.416 INFO: Epoch 158: head: Default, loss=0.00161303, RMSE_E_per_atom=    3.12 meV, RMSE_F=   15.88 meV / A
2026-08-27 06:34:07.549 INFO: --- Gradient diagnostics (epoch 159, batch 0) ---
2026-08-27 06:34:07.550 INFO:   forces: pred_rms=0.0917 eV/Å, ref_rms=0.0923 eV/Å, err_rms=0.0134 eV/Å
2026-08-27 06:34:07.550 INFO:   energy/atom: pred_mean=-3.0418 eV, ref_mean=-3.0423 eV, err_mean=0.0023 eV
2026-08-27 06:34:07.550 INFO:   energy decomposition (mean/atom): E_inter=0.3918 eV, E_QEq=-0.398860 eV
2026-08-27 06:34:07.553 INFO:   QEq charges per element: Z=7: mean=-0.1830, std=nan, min=-0.1830, max=-0.1830 | Z=15: mean=-0.0821, std=0.3085, min=-0.4376, max=0.1139 | Z=16: mean=-0.2198, std=nan, min=-0.2198, max=-0.2198 | Z=17: mean=0.3090, std=nan, min=0.3090, max=0.3090 | Z=33: mean=-0.1905, std=0.4558, min=-0.5128, max=0.1318 | Z=35: mean=-0.1075, std=0.2430, min=-0.3527, max=0.3637 | Z=53: mean=0.0897, std=0.2641, min=-0.3456, max=0.2952 | Z=55: mean=0.0868, std=0.3938, min=-0.4182, max=0.4463 | Z=82: mean=0.0204, std=0.3660, min=-0.4767, max=0.4348
2026-08-27 06:34:07.554 INFO:   Top-10 param grad norms:
2026-08-27 06:34:07.554 INFO:     products.0.symmetric_contractions.weight: 0.070624
2026-08-27 06:34:07.554 INFO:     interactions.1.linear.weight: 0.065122
2026-08-27 06:34:07.554 INFO:     interactions.0.linear.weight: 0.050632
2026-08-27 06:34:07.554 INFO:     products.1.symmetric_contractions.weight: 0.047644
2026-08-27 06:34:07.555 INFO:     interactions.0.conv_tp_weights.layer0.weight: 0.040730
2026-08-27 06:34:07.555 INFO:     products.0.linear.weight: 0.034417
2026-08-27 06:34:07.555 INFO:     products.1.linear.weight: 0.023221
2026-08-27 06:34:07.555 INFO:     interactions.0.conv_tp_weights.layer1.weight: 0.015679
2026-08-27 06:34:07.555 INFO:     interactions.0.conv_tp_weights.layer3.weight: 0.015054
2026-08-27 06:34:07.555 INFO:     charge_embedding.weight: 0.014476
2026-08-27 06:34:07.555 INFO:   All parameters have nonzero gradients ✓
2026-08-27 06:34:07.555 INFO:   Total grad norm (before clip): 0.1374
2026-08-27 06:34:07.555 INFO: --- End gradient diagnostics ---
2026-08-27 06:45:51.384 INFO:   Epoch energy decomposition (mean/atom): E_inter=0.4252 eV, E_QEq=-0.424856 eV
2026-08-27 06:46:44.107 INFO: Epoch 159: head: Default, loss=0.00159310, RMSE_E_per_atom=    3.07 meV, RMSE_F=   15.79 meV / A
2026-08-27 06:46:44.306 INFO: --- Gradient diagnostics (epoch 160, batch 0) ---
2026-08-27 06:46:44.306 INFO:   forces: pred_rms=0.0960 eV/Å, ref_rms=0.0944 eV/Å, err_rms=0.0142 eV/Å
2026-08-27 06:46:44.306 INFO:   energy/atom: pred_mean=-2.9743 eV, ref_mean=-2.9771 eV, err_mean=0.0031 eV
2026-08-27 06:46:44.307 INFO:   energy decomposition (mean/atom): E_inter=0.4010 eV, E_QEq=-0.403678 eV
2026-08-27 06:46:44.309 INFO:   QEq charges per element: Z=7: mean=-0.1530, std=0.1062, min=-0.2280, max=-0.0779 | Z=15: mean=-0.2879, std=0.4164, min=-0.5823, max=0.0065 | Z=17: mean=-0.2278, std=nan, min=-0.2278, max=-0.2278 | Z=33: mean=-0.2646, std=nan, min=-0.2646, max=-0.2646 | Z=35: mean=-0.0429, std=0.2641, min=-0.3129, max=0.3148 | Z=52: mean=-0.3289, std=0.2868, min=-0.5317, max=-0.1261 | Z=53: mean=-0.0361, std=0.2682, min=-0.3333, max=0.3575 | Z=55: mean=0.0929, std=0.3772, min=-0.3906, max=0.4762 | Z=82: mean=0.0283, std=0.3565, min=-0.4396, max=0.3578
2026-08-27 06:46:44.311 INFO:   Top-10 param grad norms:
2026-08-27 06:46:44.311 INFO:     products.0.symmetric_contractions.weight: 0.101129
2026-08-27 06:46:44.311 INFO:     interactions.0.conv_tp_weights.layer0.weight: 0.084312
2026-08-27 06:46:44.311 INFO:     interactions.0.linear.weight: 0.077724
2026-08-27 06:46:44.311 INFO:     products.1.symmetric_contractions.weight: 0.075152
2026-08-27 06:46:44.311 INFO:     interactions.1.linear.weight: 0.069688
2026-08-27 06:46:44.311 INFO:     products.0.linear.weight: 0.063160
2026-08-27 06:46:44.311 INFO:     interactions.0.conv_tp_weights.layer1.weight: 0.028694
2026-08-27 06:46:44.311 INFO:     products.1.linear.weight: 0.027982
2026-08-27 06:46:44.311 INFO:     interactions.0.conv_tp_weights.layer3.weight: 0.024908
2026-08-27 06:46:44.311 INFO:     charge_embedding.weight: 0.022870
2026-08-27 06:46:44.311 INFO:   All parameters have nonzero gradients ✓
2026-08-27 06:46:44.312 INFO:   Total grad norm (before clip): 0.2067
2026-08-27 06:46:44.312 INFO: --- End gradient diagnostics ---
2026-08-27 06:58:39.173 INFO:   Epoch energy decomposition (mean/atom): E_inter=0.4268 eV, E_QEq=-0.426472 eV
2026-08-27 06:59:30.315 INFO: Epoch 160: head: Default, loss=0.00159066, RMSE_E_per_atom=    3.08 meV, RMSE_F=   15.77 meV / A
2026-08-27 06:59:30.496 INFO: --- Gradient diagnostics (epoch 161, batch 0) ---
2026-08-27 06:59:30.496 INFO:   forces: pred_rms=0.0902 eV/Å, ref_rms=0.0887 eV/Å, err_rms=0.0117 eV/Å
2026-08-27 06:59:30.497 INFO:   energy/atom: pred_mean=-3.0352 eV, ref_mean=-3.0366 eV, err_mean=0.0036 eV
2026-08-27 06:59:30.497 INFO:   energy decomposition (mean/atom): E_inter=0.4243 eV, E_QEq=-0.424600 eV
2026-08-27 06:59:30.499 INFO:   QEq charges per element: Z=15: mean=-0.5247, std=nan, min=-0.5247, max=-0.5247 | Z=16: mean=-0.3580, std=nan, min=-0.3580, max=-0.3580 | Z=17: mean=-0.1392, std=nan, min=-0.1392, max=-0.1392 | Z=33: mean=-0.2014, std=0.3330, min=-0.4369, max=0.0340 | Z=34: mean=0.2633, std=nan, min=0.2633, max=0.2633 | Z=35: mean=0.1198, std=0.2441, min=-0.3137, max=0.3226 | Z=53: mean=-0.0869, std=0.2594, min=-0.3277, max=0.3390 | Z=55: mean=-0.0855, std=0.3634, min=-0.4549, max=0.3961 | Z=82: mean=-0.1184, std=0.3734, min=-0.4524, max=0.3960
2026-08-27 06:59:30.501 INFO:   Top-10 param grad norms:
2026-08-27 06:59:30.501 INFO:     products.0.symmetric_contractions.weight: 0.035024
2026-08-27 06:59:30.501 INFO:     interactions.0.conv_tp_weights.layer0.weight: 0.032414
2026-08-27 06:59:30.501 INFO:     interactions.0.linear.weight: 0.029637
2026-08-27 06:59:30.501 INFO:     interactions.1.linear.weight: 0.025797
2026-08-27 06:59:30.501 INFO:     products.0.linear.weight: 0.023649
2026-08-27 06:59:30.501 INFO:     products.1.symmetric_contractions.weight: 0.019722
2026-08-27 06:59:30.501 INFO:     products.1.linear.weight: 0.013984
2026-08-27 06:59:30.501 INFO:     interactions.0.conv_tp_weights.layer1.weight: 0.012449
2026-08-27 06:59:30.502 INFO:     chi_readouts.0.linear.weight: 0.010161
2026-08-27 06:59:30.502 INFO:     charge_embedding.weight: 0.010128
2026-08-27 06:59:30.502 INFO:   All parameters have nonzero gradients ✓
2026-08-27 06:59:30.502 INFO:   Total grad norm (before clip): 0.0762
2026-08-27 06:59:30.502 INFO: --- End gradient diagnostics ---
2026-08-27 07:11:15.920 INFO:   Epoch energy decomposition (mean/atom): E_inter=0.4263 eV, E_QEq=-0.426013 eV
2026-08-27 07:12:12.167 INFO: Epoch 161: head: Default, loss=0.00156463, RMSE_E_per_atom=    3.08 meV, RMSE_F=   15.64 meV / A
2026-08-27 07:12:12.359 INFO: --- Gradient diagnostics (epoch 162, batch 0) ---
2026-08-27 07:12:12.359 INFO:   forces: pred_rms=0.1942 eV/Å, ref_rms=0.1930 eV/Å, err_rms=0.0208 eV/Å
2026-08-27 07:12:12.360 INFO:   energy/atom: pred_mean=-2.9990 eV, ref_mean=-2.9995 eV, err_mean=0.0034 eV
2026-08-27 07:12:12.360 INFO:   energy decomposition (mean/atom): E_inter=0.4261 eV, E_QEq=-0.424723 eV
2026-08-27 07:12:12.363 INFO:   QEq charges per element: Z=8: mean=-0.5622, std=0.4455, min=-0.8772, max=-0.2472 | Z=16: mean=-0.3218, std=0.0032, min=-0.3241, max=-0.3195 | Z=17: mean=-0.4275, std=nan, min=-0.4275, max=-0.4275 | Z=33: mean=-0.4805, std=nan, min=-0.4805, max=-0.4805 | Z=34: mean=0.2715, std=nan, min=0.2715, max=0.2715 | Z=35: mean=0.0090, std=0.2654, min=-0.3118, max=0.3619 | Z=53: mean=0.1459, std=0.2289, min=-0.3016, max=0.3478 | Z=55: mean=-0.0653, std=0.3852, min=-0.4027, max=0.5112 | Z=82: mean=-0.1200, std=0.3566, min=-0.4973, max=0.4673
2026-08-27 07:12:12.364 INFO:   Top-10 param grad norms:
2026-08-27 07:12:12.364 INFO:     products.0.symmetric_contractions.weight: 0.125396
2026-08-27 07:12:12.364 INFO:     interactions.0.conv_tp_weights.layer0.weight: 0.113626
2026-08-27 07:12:12.364 INFO:     interactions.1.linear.weight: 0.111069
2026-08-27 07:12:12.364 INFO:     interactions.0.linear.weight: 0.088021
2026-08-27 07:12:12.364 INFO:     products.1.symmetric_contractions.weight: 0.087950
2026-08-27 07:12:12.365 INFO:     products.0.linear.weight: 0.062455
2026-08-27 07:12:12.365 INFO:     charge_embedding.weight: 0.039169
2026-08-27 07:12:12.365 INFO:     interactions.0.conv_tp_weights.layer1.weight: 0.037266
2026-08-27 07:12:12.365 INFO:     products.1.linear.weight: 0.035855
2026-08-27 07:12:12.365 INFO:     interactions.0.linear_up.weight: 0.023392
2026-08-27 07:12:12.365 INFO:   All parameters have nonzero gradients ✓
2026-08-27 07:12:12.365 INFO:   Total grad norm (before clip): 0.2608
2026-08-27 07:12:12.366 INFO: --- End gradient diagnostics ---
2026-08-27 07:24:57.228 INFO:   Epoch energy decomposition (mean/atom): E_inter=0.4267 eV, E_QEq=-0.426400 eV
2026-08-27 07:25:54.602 INFO: Epoch 162: head: Default, loss=0.00158850, RMSE_E_per_atom=    3.08 meV, RMSE_F=   15.76 meV / A
2026-08-27 07:25:54.734 INFO: --- Gradient diagnostics (epoch 163, batch 0) ---
2026-08-27 07:25:54.735 INFO:   forces: pred_rms=0.1040 eV/Å, ref_rms=0.0992 eV/Å, err_rms=0.0156 eV/Å
2026-08-27 07:25:54.735 INFO:   energy/atom: pred_mean=-2.9781 eV, ref_mean=-2.9779 eV, err_mean=0.0019 eV
2026-08-27 07:25:54.735 INFO:   energy decomposition (mean/atom): E_inter=0.3995 eV, E_QEq=-0.406645 eV
2026-08-27 07:25:54.738 INFO:   QEq charges per element: Z=7: mean=0.0366, std=0.1903, min=-0.0980, max=0.1712 | Z=9: mean=-0.6728, std=nan, min=-0.6728, max=-0.6728 | Z=16: mean=-0.1597, std=0.0660, min=-0.2064, max=-0.1130 | Z=34: mean=0.2727, std=nan, min=0.2727, max=0.2727 | Z=35: mean=-0.0436, std=0.2621, min=-0.3388, max=0.3173 | Z=53: mean=0.0665, std=0.2595, min=-0.2683, max=0.3238 | Z=55: mean=0.0209, std=0.3945, min=-0.4093, max=0.4688 | Z=82: mean=-0.0574, std=0.3541, min=-0.4551, max=0.3575
2026-08-27 07:25:54.739 INFO:   Top-10 param grad norms:
2026-08-27 07:25:54.739 INFO:     interactions.0.conv_tp_weights.layer0.weight: 0.138374
2026-08-27 07:25:54.739 INFO:     products.0.symmetric_contractions.weight: 0.078005
2026-08-27 07:25:54.739 INFO:     interactions.0.linear.weight: 0.072115
2026-08-27 07:25:54.739 INFO:     interactions.1.linear.weight: 0.064672
2026-08-27 07:25:54.739 INFO:     interactions.0.conv_tp_weights.layer1.weight: 0.047901
2026-08-27 07:25:54.739 INFO:     products.1.symmetric_contractions.weight: 0.046048
2026-08-27 07:25:54.739 INFO:     products.0.linear.weight: 0.044641
2026-08-27 07:25:54.739 INFO:     charge_embedding.weight: 0.034182
2026-08-27 07:25:54.740 INFO:     interactions.0.conv_tp_weights.layer2.weight: 0.029960
2026-08-27 07:25:54.740 INFO:     products.1.linear.weight: 0.029353
2026-08-27 07:25:54.740 INFO:   All parameters have nonzero gradients ✓
2026-08-27 07:25:54.740 INFO:   Total grad norm (before clip): 0.2140
2026-08-27 07:25:54.740 INFO: --- End gradient diagnostics ---
2026-08-27 07:38:38.276 INFO:   Epoch energy decomposition (mean/atom): E_inter=0.4265 eV, E_QEq=-0.426223 eV
2026-08-27 07:39:37.733 INFO: Epoch 163: head: Default, loss=0.00157936, RMSE_E_per_atom=    3.07 meV, RMSE_F=   15.72 meV / A
2026-08-27 07:39:37.896 INFO: --- Gradient diagnostics (epoch 164, batch 0) ---
2026-08-27 07:39:37.896 INFO:   forces: pred_rms=0.0424 eV/Å, ref_rms=0.0363 eV/Å, err_rms=0.0149 eV/Å
2026-08-27 07:39:37.896 INFO:   energy/atom: pred_mean=-2.9872 eV, ref_mean=-2.9886 eV, err_mean=0.0025 eV
2026-08-27 07:39:37.897 INFO:   energy decomposition (mean/atom): E_inter=0.3950 eV, E_QEq=-0.410944 eV
2026-08-27 07:39:37.900 INFO:   QEq charges per element: Z=7: mean=-0.2633, std=nan, min=-0.2633, max=-0.2633 | Z=8: mean=-0.3526, std=0.0367, min=-0.3786, max=-0.3267 | Z=9: mean=-0.5037, std=0.0434, min=-0.5343, max=-0.4730 | Z=16: mean=-0.4940, std=0.2413, min=-0.6646, max=-0.3234 | Z=33: mean=-0.5402, std=nan, min=-0.5402, max=-0.5402 | Z=34: mean=-0.4475, std=nan, min=-0.4475, max=-0.4475 | Z=35: mean=0.0697, std=0.2719, min=-0.3571, max=0.3356 | Z=52: mean=0.0317, std=nan, min=0.0317, max=0.0317 | Z=53: mean=-0.1465, std=0.2140, min=-0.2978, max=0.3106 | Z=55: mean=0.0924, std=0.3678, min=-0.4086, max=0.4406 | Z=82: mean=0.0247, std=0.3636, min=-0.4678, max=0.3956
2026-08-27 07:39:37.901 INFO:   Top-10 param grad norms:
2026-08-27 07:39:37.901 INFO:     interactions.0.conv_tp_weights.layer0.weight: 0.089489
2026-08-27 07:39:37.901 INFO:     products.0.symmetric_contractions.weight: 0.075440
2026-08-27 07:39:37.901 INFO:     products.1.symmetric_contractions.weight: 0.062524
2026-08-27 07:39:37.901 INFO:     interactions.1.linear.weight: 0.058096
2026-08-27 07:39:37.902 INFO:     interactions.0.linear.weight: 0.056382
2026-08-27 07:39:37.902 INFO:     products.0.linear.weight: 0.038723
2026-08-27 07:39:37.902 INFO:     products.1.linear.weight: 0.031442
2026-08-27 07:39:37.902 INFO:     interactions.0.conv_tp_weights.layer1.weight: 0.030371
2026-08-27 07:39:37.902 INFO:     interactions.0.conv_tp_weights.layer3.weight: 0.019950
2026-08-27 07:39:37.902 INFO:     interactions.0.conv_tp_weights.layer2.weight: 0.019777
2026-08-27 07:39:37.902 INFO:   All parameters have nonzero gradients ✓
2026-08-27 07:39:37.902 INFO:   Total grad norm (before clip): 0.1722
2026-08-27 07:39:37.902 INFO: --- End gradient diagnostics ---
2026-08-27 07:51:27.706 INFO:   Epoch energy decomposition (mean/atom): E_inter=0.4277 eV, E_QEq=-0.427391 eV
2026-08-27 07:52:22.272 INFO: Epoch 164: head: Default, loss=0.00160681, RMSE_E_per_atom=    3.10 meV, RMSE_F=   15.85 meV / A
2026-08-27 07:52:22.417 INFO: --- Gradient diagnostics (epoch 165, batch 0) ---
2026-08-27 07:52:22.417 INFO:   forces: pred_rms=0.0432 eV/Å, ref_rms=0.0368 eV/Å, err_rms=0.0145 eV/Å
2026-08-27 07:52:22.418 INFO:   energy/atom: pred_mean=-3.1185 eV, ref_mean=-3.1188 eV, err_mean=0.0041 eV
2026-08-27 07:52:22.418 INFO:   energy decomposition (mean/atom): E_inter=0.4050 eV, E_QEq=-0.409235 eV
2026-08-27 07:52:22.420 INFO:   QEq charges per element: Z=7: mean=-0.1732, std=0.6869, min=-0.6589, max=0.3125 | Z=8: mean=-0.6908, std=nan, min=-0.6908, max=-0.6908 | Z=33: mean=-0.0688, std=nan, min=-0.0688, max=-0.0688 | Z=34: mean=-0.2393, std=0.0320, min=-0.2619, max=-0.2167 | Z=35: mean=-0.0853, std=0.2525, min=-0.4293, max=0.3216 | Z=53: mean=0.2575, std=0.0590, min=-0.1325, max=0.2814 | Z=55: mean=0.0864, std=0.3743, min=-0.3987, max=0.4582 | Z=82: mean=0.0298, std=0.3601, min=-0.4475, max=0.3987
2026-08-27 07:52:22.422 INFO:   Top-10 param grad norms:
2026-08-27 07:52:22.422 INFO:     products.0.symmetric_contractions.weight: 0.136620
2026-08-27 07:52:22.422 INFO:     interactions.1.linear.weight: 0.108348
2026-08-27 07:52:22.422 INFO:     interactions.0.linear.weight: 0.099070
2026-08-27 07:52:22.422 INFO:     products.1.symmetric_contractions.weight: 0.086215
2026-08-27 07:52:22.422 INFO:     products.0.linear.weight: 0.080571
2026-08-27 07:52:22.422 INFO:     products.1.linear.weight: 0.057224
2026-08-27 07:52:22.422 INFO:     charge_embedding.weight: 0.035687
2026-08-27 07:52:22.422 INFO:     interactions.0.conv_tp_weights.layer0.weight: 0.032690
2026-08-27 07:52:22.422 INFO:     interactions.0.conv_tp_weights.layer3.weight: 0.029601
2026-08-27 07:52:22.422 INFO:     interactions.0.linear_up.weight: 0.029163
2026-08-27 07:52:22.423 INFO:   All parameters have nonzero gradients ✓
2026-08-27 07:52:22.423 INFO:   Total grad norm (before clip): 0.2545
2026-08-27 07:52:22.423 INFO: --- End gradient diagnostics ---
2026-08-27 08:04:06.017 INFO:   Epoch energy decomposition (mean/atom): E_inter=0.4283 eV, E_QEq=-0.427960 eV
2026-08-27 08:05:00.006 INFO: Epoch 165: head: Default, loss=0.00158367, RMSE_E_per_atom=    3.08 meV, RMSE_F=   15.74 meV / A
2026-08-27 08:05:00.149 INFO: --- Gradient diagnostics (epoch 166, batch 0) ---
2026-08-27 08:05:00.149 INFO:   forces: pred_rms=0.1113 eV/Å, ref_rms=0.1085 eV/Å, err_rms=0.0137 eV/Å
2026-08-27 08:05:00.149 INFO:   energy/atom: pred_mean=-3.0190 eV, ref_mean=-3.0200 eV, err_mean=0.0026 eV
2026-08-27 08:05:00.150 INFO:   energy decomposition (mean/atom): E_inter=0.4191 eV, E_QEq=-0.427745 eV
2026-08-27 08:05:00.152 INFO:   QEq charges per element: Z=7: mean=-0.2328, std=0.3141, min=-0.5951, max=-0.0361 | Z=8: mean=-0.1040, std=nan, min=-0.1040, max=-0.1040 | Z=16: mean=-0.1928, std=nan, min=-0.1928, max=-0.1928 | Z=33: mean=-0.1789, std=0.4471, min=-0.4951, max=0.1372 | Z=35: mean=0.1896, std=0.1986, min=-0.3173, max=0.3303 | Z=53: mean=-0.1239, std=0.2400, min=-0.4173, max=0.3057 | Z=55: mean=-0.0599, std=0.3844, min=-0.4284, max=0.4959 | Z=82: mean=-0.1341, std=0.3617, min=-0.5208, max=0.3424
2026-08-27 08:05:00.153 INFO:   Top-10 param grad norms:
2026-08-27 08:05:00.153 INFO:     products.0.symmetric_contractions.weight: 0.083402
2026-08-27 08:05:00.153 INFO:     interactions.0.linear.weight: 0.059695
2026-08-27 08:05:00.153 INFO:     products.1.symmetric_contractions.weight: 0.057003
2026-08-27 08:05:00.154 INFO:     interactions.1.linear.weight: 0.055576
2026-08-27 08:05:00.154 INFO:     products.0.linear.weight: 0.036286
2026-08-27 08:05:00.154 INFO:     interactions.0.conv_tp_weights.layer0.weight: 0.029047
2026-08-27 08:05:00.154 INFO:     charge_embedding.weight: 0.026523
2026-08-27 08:05:00.154 INFO:     products.1.linear.weight: 0.026471
2026-08-27 08:05:00.154 INFO:     interactions.0.conv_tp_weights.layer3.weight: 0.018376
2026-08-27 08:05:00.154 INFO:     interactions.1.conv_tp_weights.layer0.weight: 0.015887
2026-08-27 08:05:00.154 INFO:   All parameters have nonzero gradients ✓
2026-08-27 08:05:00.154 INFO:   Total grad norm (before clip): 0.1501
2026-08-27 08:05:00.154 INFO: --- End gradient diagnostics ---
2026-08-27 08:17:05.049 INFO:   Epoch energy decomposition (mean/atom): E_inter=0.4296 eV, E_QEq=-0.429236 eV
2026-08-27 08:17:56.646 INFO: Epoch 166: head: Default, loss=0.00156294, RMSE_E_per_atom=    3.06 meV, RMSE_F=   15.63 meV / A
2026-08-27 08:17:56.832 INFO: --- Gradient diagnostics (epoch 167, batch 0) ---
2026-08-27 08:17:56.833 INFO:   forces: pred_rms=0.2040 eV/Å, ref_rms=0.2007 eV/Å, err_rms=0.0162 eV/Å
2026-08-27 08:17:56.833 INFO:   energy/atom: pred_mean=-2.9629 eV, ref_mean=-2.9630 eV, err_mean=0.0019 eV
2026-08-27 08:17:56.833 INFO:   energy decomposition (mean/atom): E_inter=0.4625 eV, E_QEq=-0.453111 eV
2026-08-27 08:17:56.836 INFO:   QEq charges per element: Z=7: mean=-0.3800, std=0.3012, min=-0.6786, max=-0.0762 | Z=15: mean=0.0565, std=nan, min=0.0565, max=0.0565 | Z=17: mean=0.2383, std=0.1229, min=0.1514, max=0.3252 | Z=33: mean=0.1240, std=nan, min=0.1240, max=0.1240 | Z=35: mean=0.0661, std=0.2678, min=-0.3799, max=0.3157 | Z=52: mean=-0.3704, std=nan, min=-0.3704, max=-0.3704 | Z=53: mean=0.1742, std=0.2161, min=-0.3372, max=0.3793 | Z=55: mean=-0.1454, std=0.3540, min=-0.4129, max=0.4489 | Z=82: mean=-0.1959, std=0.3389, min=-0.5170, max=0.4080
2026-08-27 08:17:56.837 INFO:   Top-10 param grad norms:
2026-08-27 08:17:56.837 INFO:     products.0.symmetric_contractions.weight: 0.043401
2026-08-27 08:17:56.837 INFO:     interactions.1.linear.weight: 0.041112
2026-08-27 08:17:56.837 INFO:     interactions.0.linear.weight: 0.038856
2026-08-27 08:17:56.837 INFO:     products.1.symmetric_contractions.weight: 0.031611
2026-08-27 08:17:56.837 INFO:     products.0.linear.weight: 0.021498
2026-08-27 08:17:56.838 INFO:     charge_embedding.weight: 0.020073
2026-08-27 08:17:56.838 INFO:     products.1.linear.weight: 0.016088
2026-08-27 08:17:56.838 INFO:     interactions.0.linear_up.weight: 0.011227
2026-08-27 08:17:56.838 INFO:     interactions.0.conv_tp_weights.layer3.weight: 0.008535
2026-08-27 08:17:56.838 INFO:     interactions.0.conv_tp_weights.layer0.weight: 0.007899
2026-08-27 08:17:56.838 INFO:   All parameters have nonzero gradients ✓
2026-08-27 08:17:56.838 INFO:   Total grad norm (before clip): 0.0883
2026-08-27 08:17:56.838 INFO: --- End gradient diagnostics ---
2026-08-27 08:30:01.365 INFO:   Epoch energy decomposition (mean/atom): E_inter=0.4283 eV, E_QEq=-0.427993 eV
2026-08-27 08:30:59.568 INFO: Epoch 167: head: Default, loss=0.00158601, RMSE_E_per_atom=    3.07 meV, RMSE_F=   15.75 meV / A
2026-08-27 08:30:59.709 INFO: --- Gradient diagnostics (epoch 168, batch 0) ---
2026-08-27 08:30:59.709 INFO:   forces: pred_rms=0.0900 eV/Å, ref_rms=0.0878 eV/Å, err_rms=0.0136 eV/Å
2026-08-27 08:30:59.710 INFO:   energy/atom: pred_mean=-3.0648 eV, ref_mean=-3.0631 eV, err_mean=0.0028 eV
2026-08-27 08:30:59.710 INFO:   energy decomposition (mean/atom): E_inter=0.4385 eV, E_QEq=-0.459734 eV
2026-08-27 08:30:59.713 INFO:   QEq charges per element: Z=7: mean=0.0778, std=0.1190, min=-0.0064, max=0.1620 | Z=8: mean=-0.4829, std=nan, min=-0.4829, max=-0.4829 | Z=15: mean=-0.5078, std=nan, min=-0.5078, max=-0.5078 | Z=16: mean=-0.3394, std=nan, min=-0.3394, max=-0.3394 | Z=17: mean=0.3256, std=nan, min=0.3256, max=0.3256 | Z=35: mean=0.1273, std=0.2431, min=-0.3251, max=0.3273 | Z=52: mean=-0.3238, std=0.0372, min=-0.3501, max=-0.2976 | Z=53: mean=0.0985, std=0.2638, min=-0.3020, max=0.3346 | Z=55: mean=-0.1345, std=0.3501, min=-0.4081, max=0.4586 | Z=82: mean=-0.1894, std=0.3328, min=-0.4486, max=0.3843
2026-08-27 08:30:59.714 INFO:   Top-10 param grad norms:
2026-08-27 08:30:59.714 INFO:     interactions.0.conv_tp_weights.layer0.weight: 0.070097
2026-08-27 08:30:59.714 INFO:     products.0.symmetric_contractions.weight: 0.049527
2026-08-27 08:30:59.714 INFO:     interactions.0.linear.weight: 0.041088
2026-08-27 08:30:59.714 INFO:     interactions.1.linear.weight: 0.037130
2026-08-27 08:30:59.714 INFO:     products.0.linear.weight: 0.029418
2026-08-27 08:30:59.714 INFO:     interactions.0.conv_tp_weights.layer1.weight: 0.027942
2026-08-27 08:30:59.715 INFO:     products.1.symmetric_contractions.weight: 0.027555
2026-08-27 08:30:59.715 INFO:     products.1.linear.weight: 0.027127
2026-08-27 08:30:59.715 INFO:     interactions.0.conv_tp_weights.layer2.weight: 0.019688
2026-08-27 08:30:59.715 INFO:     interactions.0.conv_tp_weights.layer3.weight: 0.017041
2026-08-27 08:30:59.715 INFO:   All parameters have nonzero gradients ✓
2026-08-27 08:30:59.715 INFO:   Total grad norm (before clip): 0.1244
2026-08-27 08:30:59.715 INFO: --- End gradient diagnostics ---
2026-08-27 08:43:50.754 INFO:   Epoch energy decomposition (mean/atom): E_inter=0.4303 eV, E_QEq=-0.429928 eV
2026-08-27 08:44:50.689 INFO: Epoch 168: head: Default, loss=0.00156549, RMSE_E_per_atom=    3.06 meV, RMSE_F=   15.65 meV / A
2026-08-27 08:44:50.833 INFO: --- Gradient diagnostics (epoch 169, batch 0) ---
2026-08-27 08:44:50.833 INFO:   forces: pred_rms=0.1019 eV/Å, ref_rms=0.0989 eV/Å, err_rms=0.0166 eV/Å
2026-08-27 08:44:50.834 INFO:   energy/atom: pred_mean=-2.9802 eV, ref_mean=-2.9766 eV, err_mean=0.0037 eV
2026-08-27 08:44:50.834 INFO:   energy decomposition (mean/atom): E_inter=0.4133 eV, E_QEq=-0.420299 eV
2026-08-27 08:44:50.837 INFO:   QEq charges per element: Z=7: mean=-0.2192, std=0.1343, min=-0.3894, max=-0.1089 | Z=9: mean=-0.0104, std=nan, min=-0.0104, max=-0.0104 | Z=15: mean=0.0419, std=nan, min=0.0419, max=0.0419 | Z=34: mean=-0.3305, std=nan, min=-0.3305, max=-0.3305 | Z=35: mean=-0.1514, std=0.2138, min=-0.3647, max=0.3081 | Z=52: mean=-0.3132, std=0.2958, min=-0.5224, max=-0.1041 | Z=53: mean=0.1742, std=0.2251, min=-0.2908, max=0.3476 | Z=55: mean=0.0035, std=0.3857, min=-0.4236, max=0.4351 | Z=82: mean=-0.0531, std=0.3660, min=-0.4526, max=0.3654
2026-08-27 08:44:50.838 INFO:   Top-10 param grad norms:
2026-08-27 08:44:50.838 INFO:     products.0.symmetric_contractions.weight: 0.110936
2026-08-27 08:44:50.838 INFO:     interactions.0.linear.weight: 0.090420
2026-08-27 08:44:50.838 INFO:     interactions.1.linear.weight: 0.088411
2026-08-27 08:44:50.838 INFO:     interactions.0.conv_tp_weights.layer0.weight: 0.077431
2026-08-27 08:44:50.838 INFO:     products.1.symmetric_contractions.weight: 0.074677
2026-08-27 08:44:50.839 INFO:     products.0.linear.weight: 0.058156
2026-08-27 08:44:50.839 INFO:     products.1.linear.weight: 0.041618
2026-08-27 08:44:50.839 INFO:     interactions.0.conv_tp_weights.layer1.weight: 0.036599
2026-08-27 08:44:50.839 INFO:     interactions.0.conv_tp_weights.layer3.weight: 0.035302
2026-08-27 08:44:50.839 INFO:     charge_embedding.weight: 0.029788
2026-08-27 08:44:50.839 INFO:   All parameters have nonzero gradients ✓
2026-08-27 08:44:50.839 INFO:   Total grad norm (before clip): 0.2297
2026-08-27 08:44:50.839 INFO: --- End gradient diagnostics ---
2026-08-27 08:57:37.011 INFO:   Epoch energy decomposition (mean/atom): E_inter=0.4303 eV, E_QEq=-0.430018 eV
2026-08-27 08:58:29.841 INFO: Epoch 169: head: Default, loss=0.00157521, RMSE_E_per_atom=    3.07 meV, RMSE_F=   15.70 meV / A
2026-08-27 08:58:29.979 INFO: --- Gradient diagnostics (epoch 170, batch 0) ---
2026-08-27 08:58:29.979 INFO:   forces: pred_rms=0.0554 eV/Å, ref_rms=0.0515 eV/Å, err_rms=0.0132 eV/Å
2026-08-27 08:58:29.979 INFO:   energy/atom: pred_mean=-3.0316 eV, ref_mean=-3.0320 eV, err_mean=0.0029 eV
2026-08-27 08:58:29.980 INFO:   energy decomposition (mean/atom): E_inter=0.4104 eV, E_QEq=-0.432489 eV
2026-08-27 08:58:29.982 INFO:   QEq charges per element: Z=7: mean=-0.2246, std=0.2540, min=-0.4456, max=0.0529 | Z=8: mean=-0.0489, std=nan, min=-0.0489, max=-0.0489 | Z=9: mean=-0.5369, std=nan, min=-0.5369, max=-0.5369 | Z=16: mean=0.0416, std=nan, min=0.0416, max=0.0416 | Z=34: mean=-0.6188, std=nan, min=-0.6188, max=-0.6188 | Z=35: mean=0.0058, std=0.2642, min=-0.3205, max=0.2988 | Z=53: mean=0.1465, std=0.2351, min=-0.3136, max=0.3198 | Z=55: mean=-0.0603, std=0.3863, min=-0.4214, max=0.4490 | Z=82: mean=-0.1225, std=0.3570, min=-0.4529, max=0.3635
2026-08-27 08:58:29.984 INFO:   Top-10 param grad norms:
2026-08-27 08:58:29.984 INFO:     products.0.symmetric_contractions.weight: 0.066648
2026-08-27 08:58:29.984 INFO:     interactions.1.linear.weight: 0.057251
2026-08-27 08:58:29.984 INFO:     interactions.0.linear.weight: 0.045577
2026-08-27 08:58:29.984 INFO:     products.1.symmetric_contractions.weight: 0.044231
2026-08-27 08:58:29.984 INFO:     products.0.linear.weight: 0.035638
2026-08-27 08:58:29.984 INFO:     products.1.linear.weight: 0.024686
2026-08-27 08:58:29.984 INFO:     charge_embedding.weight: 0.021377
2026-08-27 08:58:29.984 INFO:     interactions.0.conv_tp_weights.layer0.weight: 0.019080
2026-08-27 08:58:29.984 INFO:     interactions.0.linear_up.weight: 0.013503
2026-08-27 08:58:29.984 INFO:     interactions.0.conv_tp_weights.layer3.weight: 0.013383
2026-08-27 08:58:29.984 INFO:   All parameters have nonzero gradients ✓
2026-08-27 08:58:29.984 INFO:   Total grad norm (before clip): 0.1247
2026-08-27 08:58:29.985 INFO: --- End gradient diagnostics ---
2026-08-27 09:10:15.226 INFO:   Epoch energy decomposition (mean/atom): E_inter=0.4311 eV, E_QEq=-0.430770 eV
2026-08-27 09:11:08.697 INFO: Epoch 170: head: Default, loss=0.00160406, RMSE_E_per_atom=    3.08 meV, RMSE_F=   15.84 meV / A
2026-08-27 09:11:08.832 INFO: --- Gradient diagnostics (epoch 171, batch 0) ---
2026-08-27 09:11:08.832 INFO:   forces: pred_rms=0.0626 eV/Å, ref_rms=0.0588 eV/Å, err_rms=0.0127 eV/Å
2026-08-27 09:11:08.832 INFO:   energy/atom: pred_mean=-3.0561 eV, ref_mean=-3.0540 eV, err_mean=0.0048 eV
2026-08-27 09:11:08.832 INFO:   energy decomposition (mean/atom): E_inter=0.4157 eV, E_QEq=-0.435440 eV
2026-08-27 09:11:08.835 INFO:   QEq charges per element: Z=8: mean=-0.1810, std=nan, min=-0.1810, max=-0.1810 | Z=9: mean=0.2202, std=nan, min=0.2202, max=0.2202 | Z=15: mean=0.0609, std=nan, min=0.0609, max=0.0609 | Z=16: mean=0.0313, std=0.5071, min=-0.3272, max=0.3899 | Z=35: mean=0.1206, std=0.2423, min=-0.3058, max=0.3242 | Z=53: mean=0.0937, std=0.2485, min=-0.2706, max=0.2987 | Z=55: mean=-0.1578, std=0.3544, min=-0.4565, max=0.4309 | Z=82: mean=-0.1908, std=0.3400, min=-0.4563, max=0.3637
2026-08-27 09:11:08.836 INFO:   Top-10 param grad norms:
2026-08-27 09:11:08.836 INFO:     interactions.0.conv_tp_weights.layer0.weight: 0.071568
2026-08-27 09:11:08.836 INFO:     interactions.0.linear.weight: 0.065133
2026-08-27 09:11:08.836 INFO:     products.0.symmetric_contractions.weight: 0.059189
2026-08-27 09:11:08.836 INFO:     products.0.linear.weight: 0.051205
2026-08-27 09:11:08.836 INFO:     interactions.1.linear.weight: 0.047723
2026-08-27 09:11:08.837 INFO:     products.1.linear.weight: 0.033540
2026-08-27 09:11:08.837 INFO:     products.1.symmetric_contractions.weight: 0.031003
2026-08-27 09:11:08.837 INFO:     interactions.0.conv_tp_weights.layer1.weight: 0.027957
2026-08-27 09:11:08.837 INFO:     charge_embedding.weight: 0.023470
2026-08-27 09:11:08.837 INFO:     chi_readouts.0.linear.weight: 0.021947
2026-08-27 09:11:08.837 INFO:   All parameters have nonzero gradients ✓
2026-08-27 09:11:08.837 INFO:   Total grad norm (before clip): 0.1552
2026-08-27 09:11:08.837 INFO: --- End gradient diagnostics ---
2026-08-27 09:22:52.851 INFO:   Epoch energy decomposition (mean/atom): E_inter=0.4312 eV, E_QEq=-0.430921 eV
2026-08-27 09:23:47.349 INFO: Epoch 171: head: Default, loss=0.00155669, RMSE_E_per_atom=    3.04 meV, RMSE_F=   15.61 meV / A
2026-08-27 09:23:47.524 INFO: --- Gradient diagnostics (epoch 172, batch 0) ---
2026-08-27 09:23:47.524 INFO:   forces: pred_rms=0.1540 eV/Å, ref_rms=0.1531 eV/Å, err_rms=0.0152 eV/Å
2026-08-27 09:23:47.525 INFO:   energy/atom: pred_mean=-3.0525 eV, ref_mean=-3.0520 eV, err_mean=0.0020 eV
2026-08-27 09:23:47.525 INFO:   energy decomposition (mean/atom): E_inter=0.4689 eV, E_QEq=-0.484594 eV
2026-08-27 09:23:47.528 INFO:   QEq charges per element: Z=8: mean=0.0564, std=nan, min=0.0564, max=0.0564 | Z=9: mean=0.4834, std=nan, min=0.4834, max=0.4834 | Z=15: mean=-0.4790, std=nan, min=-0.4790, max=-0.4790 | Z=33: mean=-0.2504, std=nan, min=-0.2504, max=-0.2504 | Z=34: mean=-0.4154, std=nan, min=-0.4154, max=-0.4154 | Z=35: mean=0.2792, std=0.0248, min=-0.0540, max=0.3413 | Z=52: mean=-0.0891, std=0.1586, min=-0.2012, max=0.0231 | Z=53: mean=0.0987, std=0.2535, min=-0.3350, max=0.3401 | Z=55: mean=-0.2900, std=0.2371, min=-0.4574, max=0.4516 | Z=82: mean=-0.3481, std=0.2145, min=-0.4887, max=0.3811
2026-08-27 09:23:47.529 INFO:   Top-10 param grad norms:
2026-08-27 09:23:47.529 INFO:     interactions.0.conv_tp_weights.layer0.weight: 0.103614
2026-08-27 09:23:47.529 INFO:     interactions.1.linear.weight: 0.066833
2026-08-27 09:23:47.529 INFO:     products.0.symmetric_contractions.weight: 0.058534
2026-08-27 09:23:47.529 INFO:     products.1.symmetric_contractions.weight: 0.050654
2026-08-27 09:23:47.530 INFO:     interactions.0.linear.weight: 0.048824
2026-08-27 09:23:47.530 INFO:     products.0.linear.weight: 0.036241
2026-08-27 09:23:47.530 INFO:     interactions.0.conv_tp_weights.layer1.weight: 0.034501
2026-08-27 09:23:47.530 INFO:     products.1.linear.weight: 0.028624
2026-08-27 09:23:47.530 INFO:     interactions.0.conv_tp_weights.layer2.weight: 0.020809
2026-08-27 09:23:47.530 INFO:     charge_embedding.weight: 0.018022
2026-08-27 09:23:47.530 INFO:   All parameters have nonzero gradients ✓
2026-08-27 09:23:47.530 INFO:   Total grad norm (before clip): 0.1692
2026-08-27 09:23:47.530 INFO: --- End gradient diagnostics ---
2026-08-27 09:35:22.265 INFO:   Epoch energy decomposition (mean/atom): E_inter=0.4316 eV, E_QEq=-0.431315 eV
2026-08-27 09:36:14.007 INFO: Epoch 172: head: Default, loss=0.00157500, RMSE_E_per_atom=    3.05 meV, RMSE_F=   15.70 meV / A
2026-08-27 09:36:14.141 INFO: --- Gradient diagnostics (epoch 173, batch 0) ---
2026-08-27 09:36:14.142 INFO:   forces: pred_rms=0.1306 eV/Å, ref_rms=0.1299 eV/Å, err_rms=0.0154 eV/Å
2026-08-27 09:36:14.142 INFO:   energy/atom: pred_mean=-3.1392 eV, ref_mean=-3.1398 eV, err_mean=0.0012 eV
2026-08-27 09:36:14.142 INFO:   energy decomposition (mean/atom): E_inter=0.4505 eV, E_QEq=-0.456877 eV
2026-08-27 09:36:14.144 INFO:   QEq charges per element: Z=7: mean=-0.1704, std=0.2432, min=-0.4819, max=0.1841 | Z=8: mean=0.0872, std=0.2530, min=-0.0918, max=0.2661 | Z=15: mean=0.0677, std=0.1925, min=-0.0684, max=0.2038 | Z=16: mean=-0.1303, std=nan, min=-0.1303, max=-0.1303 | Z=35: mean=0.0994, std=0.2567, min=-0.3958, max=0.3520 | Z=53: mean=0.2771, std=0.0286, min=0.2131, max=0.3446 | Z=55: mean=-0.1466, std=0.3415, min=-0.4232, max=0.4455 | Z=82: mean=-0.1999, std=0.3400, min=-0.5195, max=0.3585
2026-08-27 09:36:14.146 INFO:   Top-10 param grad norms:
2026-08-27 09:36:14.146 INFO:     interactions.0.conv_tp_weights.layer0.weight: 0.119277
2026-08-27 09:36:14.146 INFO:     products.0.symmetric_contractions.weight: 0.087585
2026-08-27 09:36:14.146 INFO:     interactions.1.linear.weight: 0.081533
2026-08-27 09:36:14.146 INFO:     interactions.0.linear.weight: 0.077904
2026-08-27 09:36:14.146 INFO:     products.1.symmetric_contractions.weight: 0.070848
2026-08-27 09:36:14.146 INFO:     products.0.linear.weight: 0.048332
2026-08-27 09:36:14.146 INFO:     products.1.linear.weight: 0.042185
2026-08-27 09:36:14.146 INFO:     interactions.0.conv_tp_weights.layer1.weight: 0.038360
2026-08-27 09:36:14.146 INFO:     interactions.0.conv_tp_weights.layer2.weight: 0.024872
2026-08-27 09:36:14.147 INFO:     interactions.0.conv_tp_weights.layer3.weight: 0.021748
2026-08-27 09:36:14.147 INFO:   All parameters have nonzero gradients ✓
2026-08-27 09:36:14.147 INFO:   Total grad norm (before clip): 0.2186
2026-08-27 09:36:14.147 INFO: --- End gradient diagnostics ---
2026-08-27 09:47:44.382 INFO:   Epoch energy decomposition (mean/atom): E_inter=0.4322 eV, E_QEq=-0.431901 eV
2026-08-27 09:48:36.958 INFO: Epoch 173: head: Default, loss=0.00155049, RMSE_E_per_atom=    3.03 meV, RMSE_F=   15.57 meV / A
2026-08-27 09:48:37.132 INFO: --- Gradient diagnostics (epoch 174, batch 0) ---
2026-08-27 09:48:37.133 INFO:   forces: pred_rms=0.1458 eV/Å, ref_rms=0.1423 eV/Å, err_rms=0.0167 eV/Å
2026-08-27 09:48:37.133 INFO:   energy/atom: pred_mean=-2.9966 eV, ref_mean=-2.9956 eV, err_mean=0.0019 eV
2026-08-27 09:48:37.133 INFO:   energy decomposition (mean/atom): E_inter=0.4539 eV, E_QEq=-0.444265 eV
2026-08-27 09:48:37.135 INFO:   QEq charges per element: Z=7: mean=-0.0910, std=0.0430, min=-0.1214, max=-0.0605 | Z=33: mean=-0.2820, std=0.2610, min=-0.5680, max=0.0061 | Z=34: mean=-0.3072, std=0.0680, min=-0.3552, max=-0.2591 | Z=35: mean=0.1007, std=0.2523, min=-0.2815, max=0.3510 | Z=53: mean=0.0142, std=0.2842, min=-0.3460, max=0.3375 | Z=55: mean=-0.0767, std=0.3647, min=-0.4024, max=0.4309 | Z=82: mean=-0.1139, std=0.3694, min=-0.5248, max=0.4155
2026-08-27 09:48:37.137 INFO:   Top-10 param grad norms:
2026-08-27 09:48:37.137 INFO:     interactions.0.conv_tp_weights.layer0.weight: 0.057045
2026-08-27 09:48:37.137 INFO:     interactions.1.linear.weight: 0.050895
2026-08-27 09:48:37.137 INFO:     products.0.symmetric_contractions.weight: 0.049928
2026-08-27 09:48:37.137 INFO:     products.1.symmetric_contractions.weight: 0.038033
2026-08-27 09:48:37.137 INFO:     interactions.0.linear.weight: 0.037785
2026-08-27 09:48:37.137 INFO:     products.0.linear.weight: 0.033725
2026-08-27 09:48:37.137 INFO:     products.1.linear.weight: 0.028069
2026-08-27 09:48:37.137 INFO:     interactions.0.conv_tp_weights.layer1.weight: 0.019570
2026-08-27 09:48:37.137 INFO:     charge_embedding.weight: 0.016978
2026-08-27 09:48:37.137 INFO:     interactions.0.conv_tp_weights.layer2.weight: 0.012911
2026-08-27 09:48:37.137 INFO:   All parameters have nonzero gradients ✓
2026-08-27 09:48:37.138 INFO:   Total grad norm (before clip): 0.1222
2026-08-27 09:48:37.138 INFO: --- End gradient diagnostics ---
2026-08-27 10:00:43.133 INFO:   Epoch energy decomposition (mean/atom): E_inter=0.4332 eV, E_QEq=-0.432839 eV
2026-08-27 10:01:41.911 INFO: Epoch 174: head: Default, loss=0.00153511, RMSE_E_per_atom=    3.04 meV, RMSE_F=   15.49 meV / A
2026-08-27 10:01:42.102 INFO: --- Gradient diagnostics (epoch 175, batch 0) ---
2026-08-27 10:01:42.102 INFO:   forces: pred_rms=0.4040 eV/Å, ref_rms=0.4048 eV/Å, err_rms=0.0226 eV/Å
2026-08-27 10:01:42.103 INFO:   energy/atom: pred_mean=-2.9372 eV, ref_mean=-2.9347 eV, err_mean=0.0025 eV
2026-08-27 10:01:42.103 INFO:   energy decomposition (mean/atom): E_inter=0.4778 eV, E_QEq=-0.444340 eV
2026-08-27 10:01:42.106 INFO:   QEq charges per element: Z=7: mean=-0.2649, std=0.0669, min=-0.3122, max=-0.2176 | Z=9: mean=-0.4304, std=nan, min=-0.4304, max=-0.4304 | Z=33: mean=-0.2611, std=0.2408, min=-0.5090, max=-0.0280 | Z=35: mean=0.0670, std=0.2677, min=-0.3994, max=0.4163 | Z=52: mean=-0.0514, std=0.2552, min=-0.2731, max=0.2275 | Z=53: mean=0.0684, std=0.2688, min=-0.2912, max=0.3613 | Z=55: mean=-0.0614, std=0.3712, min=-0.4158, max=0.4313 | Z=82: mean=-0.1204, std=0.3514, min=-0.5005, max=0.3762
2026-08-27 10:01:42.107 INFO:   Top-10 param grad norms:
2026-08-27 10:01:42.107 INFO:     interactions.0.conv_tp_weights.layer0.weight: 0.210462
2026-08-27 10:01:42.107 INFO:     products.0.symmetric_contractions.weight: 0.130275
2026-08-27 10:01:42.107 INFO:     interactions.0.linear.weight: 0.112246
2026-08-27 10:01:42.108 INFO:     interactions.1.linear.weight: 0.102008
2026-08-27 10:01:42.108 INFO:     products.1.symmetric_contractions.weight: 0.089356
2026-08-27 10:01:42.108 INFO:     interactions.0.conv_tp_weights.layer1.weight: 0.082224
2026-08-27 10:01:42.108 INFO:     products.0.linear.weight: 0.060834
2026-08-27 10:01:42.108 INFO:     interactions.0.conv_tp_weights.layer2.weight: 0.052404
2026-08-27 10:01:42.108 INFO:     interactions.0.conv_tp_weights.layer3.weight: 0.043031
2026-08-27 10:01:42.108 INFO:     products.1.linear.weight: 0.038884
2026-08-27 10:01:42.108 INFO:   All parameters have nonzero gradients ✓
2026-08-27 10:01:42.108 INFO:   Total grad norm (before clip): 0.3358
2026-08-27 10:01:42.108 INFO: --- End gradient diagnostics ---
2026-08-27 10:14:21.778 INFO:   Epoch energy decomposition (mean/atom): E_inter=0.4328 eV, E_QEq=-0.432510 eV
2026-08-27 10:15:19.286 INFO: Epoch 175: head: Default, loss=0.00156560, RMSE_E_per_atom=    3.03 meV, RMSE_F=   15.65 meV / A
2026-08-27 10:15:19.426 INFO: --- Gradient diagnostics (epoch 176, batch 0) ---
2026-08-27 10:15:19.427 INFO:   forces: pred_rms=0.0581 eV/Å, ref_rms=0.0567 eV/Å, err_rms=0.0122 eV/Å
2026-08-27 10:15:19.427 INFO:   energy/atom: pred_mean=-2.9986 eV, ref_mean=-2.9991 eV, err_mean=0.0023 eV
2026-08-27 10:15:19.427 INFO:   energy decomposition (mean/atom): E_inter=0.4218 eV, E_QEq=-0.446726 eV
2026-08-27 10:15:19.430 INFO:   QEq charges per element: Z=7: mean=-0.0405, std=nan, min=-0.0405, max=-0.0405 | Z=8: mean=-0.1133, std=nan, min=-0.1133, max=-0.1133 | Z=15: mean=-0.2839, std=0.2808, min=-0.4433, max=0.1356 | Z=16: mean=0.0730, std=0.4408, min=-0.2387, max=0.3847 | Z=17: mean=0.1546, std=nan, min=0.1546, max=0.1546 | Z=35: mean=0.1680, std=0.2099, min=-0.2814, max=0.3206 | Z=53: mean=0.1719, std=0.2105, min=-0.2661, max=0.3229 | Z=55: mean=-0.2253, std=0.3206, min=-0.4199, max=0.4362 | Z=82: mean=-0.2837, std=0.2870, min=-0.4660, max=0.3177
2026-08-27 10:15:19.431 INFO:   Top-10 param grad norms:
2026-08-27 10:15:19.431 INFO:     interactions.0.conv_tp_weights.layer0.weight: 0.107777
2026-08-27 10:15:19.431 INFO:     interactions.1.linear.weight: 0.066130
2026-08-27 10:15:19.431 INFO:     products.0.symmetric_contractions.weight: 0.065317
2026-08-27 10:15:19.431 INFO:     interactions.0.linear.weight: 0.057461
2026-08-27 10:15:19.432 INFO:     products.1.symmetric_contractions.weight: 0.050576
2026-08-27 10:15:19.432 INFO:     products.0.linear.weight: 0.043888
2026-08-27 10:15:19.432 INFO:     interactions.0.conv_tp_weights.layer1.weight: 0.034863
2026-08-27 10:15:19.432 INFO:     products.1.linear.weight: 0.034691
2026-08-27 10:15:19.432 INFO:     interactions.0.conv_tp_weights.layer2.weight: 0.021404
2026-08-27 10:15:19.432 INFO:     charge_embedding.weight: 0.018241
2026-08-27 10:15:19.432 INFO:   All parameters have nonzero gradients ✓
2026-08-27 10:15:19.432 INFO:   Total grad norm (before clip): 0.1801
2026-08-27 10:15:19.432 INFO: --- End gradient diagnostics ---
2026-08-27 10:27:52.319 INFO:   Epoch energy decomposition (mean/atom): E_inter=0.4341 eV, E_QEq=-0.433750 eV
2026-08-27 10:28:49.563 INFO: Epoch 176: head: Default, loss=0.00154566, RMSE_E_per_atom=    3.04 meV, RMSE_F=   15.55 meV / A
2026-08-27 10:28:49.700 INFO: --- Gradient diagnostics (epoch 177, batch 0) ---
2026-08-27 10:28:49.700 INFO:   forces: pred_rms=0.0733 eV/Å, ref_rms=0.0726 eV/Å, err_rms=0.0139 eV/Å
2026-08-27 10:28:49.700 INFO:   energy/atom: pred_mean=-3.0198 eV, ref_mean=-3.0203 eV, err_mean=0.0020 eV
2026-08-27 10:28:49.701 INFO:   energy decomposition (mean/atom): E_inter=0.4091 eV, E_QEq=-0.424602 eV
2026-08-27 10:28:49.705 INFO:   QEq charges per element: Z=7: mean=0.1613, std=nan, min=0.1613, max=0.1613 | Z=8: mean=-0.9401, std=nan, min=-0.9401, max=-0.9401 | Z=15: mean=0.0393, std=nan, min=0.0393, max=0.0393 | Z=16: mean=-0.4304, std=0.2529, min=-0.6092, max=-0.2516 | Z=17: mean=0.0146, std=nan, min=0.0146, max=0.0146 | Z=33: mean=-0.3268, std=nan, min=-0.3268, max=-0.3268 | Z=35: mean=0.0154, std=0.2688, min=-0.3455, max=0.3108 | Z=52: mean=-0.3543, std=nan, min=-0.3543, max=-0.3543 | Z=53: mean=0.0056, std=0.2683, min=-0.3651, max=0.2948 | Z=55: mean=0.0201, std=0.3937, min=-0.4263, max=0.4958 | Z=82: mean=-0.0602, std=0.3659, min=-0.5485, max=0.5934
2026-08-27 10:28:49.706 INFO:   Top-10 param grad norms:
2026-08-27 10:28:49.706 INFO:     interactions.0.conv_tp_weights.layer0.weight: 0.173437
2026-08-27 10:28:49.707 INFO:     interactions.1.linear.weight: 0.132854
2026-08-27 10:28:49.707 INFO:     products.1.symmetric_contractions.weight: 0.127946
2026-08-27 10:28:49.707 INFO:     products.0.symmetric_contractions.weight: 0.120761
2026-08-27 10:28:49.707 INFO:     interactions.0.linear.weight: 0.090707
2026-08-27 10:28:49.707 INFO:     products.0.linear.weight: 0.060143
2026-08-27 10:28:49.707 INFO:     interactions.0.conv_tp_weights.layer1.weight: 0.058466
2026-08-27 10:28:49.707 INFO:     products.1.linear.weight: 0.046308
2026-08-27 10:28:49.707 INFO:     interactions.0.conv_tp_weights.layer2.weight: 0.036626
2026-08-27 10:28:49.707 INFO:     interactions.0.conv_tp_weights.layer3.weight: 0.027761
2026-08-27 10:28:49.707 INFO:   All parameters have nonzero gradients ✓
2026-08-27 10:28:49.707 INFO:   Total grad norm (before clip): 0.3172
2026-08-27 10:28:49.707 INFO: --- End gradient diagnostics ---
2026-08-27 10:41:26.885 INFO:   Epoch energy decomposition (mean/atom): E_inter=0.4349 eV, E_QEq=-0.434624 eV
2026-08-27 10:42:21.686 INFO: Epoch 177: head: Default, loss=0.00157069, RMSE_E_per_atom=    3.04 meV, RMSE_F=   15.68 meV / A
2026-08-27 10:42:21.839 INFO: --- Gradient diagnostics (epoch 178, batch 0) ---
2026-08-27 10:42:21.839 INFO:   forces: pred_rms=0.0838 eV/Å, ref_rms=0.0830 eV/Å, err_rms=0.0149 eV/Å
2026-08-27 10:42:21.839 INFO:   energy/atom: pred_mean=-3.0120 eV, ref_mean=-3.0108 eV, err_mean=0.0019 eV
2026-08-27 10:42:21.840 INFO:   energy decomposition (mean/atom): E_inter=0.4254 eV, E_QEq=-0.437176 eV
2026-08-27 10:42:21.843 INFO:   QEq charges per element: Z=7: mean=-0.3979, std=nan, min=-0.3979, max=-0.3979 | Z=9: mean=0.4099, std=nan, min=0.4099, max=0.4099 | Z=15: mean=-0.1887, std=0.3099, min=-0.4078, max=0.0304 | Z=17: mean=-0.0752, std=0.0200, min=-0.0893, max=-0.0611 | Z=34: mean=-0.4209, std=0.1587, min=-0.5331, max=-0.3087 | Z=35: mean=0.0091, std=0.2629, min=-0.2792, max=0.3398 | Z=52: mean=-0.3243, std=nan, min=-0.3243, max=-0.3243 | Z=53: mean=0.1432, std=0.2384, min=-0.2966, max=0.3309 | Z=55: mean=-0.0756, std=0.3800, min=-0.4266, max=0.4444 | Z=82: mean=-0.1192, std=0.3590, min=-0.4690, max=0.3616
2026-08-27 10:42:21.844 INFO:   Top-10 param grad norms:
2026-08-27 10:42:21.844 INFO:     interactions.0.conv_tp_weights.layer0.weight: 0.119114
2026-08-27 10:42:21.844 INFO:     products.0.symmetric_contractions.weight: 0.079394
2026-08-27 10:42:21.845 INFO:     interactions.0.linear.weight: 0.068374
2026-08-27 10:42:21.845 INFO:     interactions.1.linear.weight: 0.067653
2026-08-27 10:42:21.845 INFO:     products.1.symmetric_contractions.weight: 0.055472
2026-08-27 10:42:21.845 INFO:     products.0.linear.weight: 0.043595
2026-08-27 10:42:21.845 INFO:     interactions.0.conv_tp_weights.layer1.weight: 0.039015
2026-08-27 10:42:21.845 INFO:     products.1.linear.weight: 0.031746
2026-08-27 10:42:21.845 INFO:     charge_embedding.weight: 0.024824
2026-08-27 10:42:21.845 INFO:     interactions.0.conv_tp_weights.layer2.weight: 0.022704
2026-08-27 10:42:21.845 INFO:   All parameters have nonzero gradients ✓
2026-08-27 10:42:21.845 INFO:   Total grad norm (before clip): 0.1993
2026-08-27 10:42:21.845 INFO: --- End gradient diagnostics ---
2026-08-27 10:55:04.180 INFO:   Epoch energy decomposition (mean/atom): E_inter=0.4352 eV, E_QEq=-0.434898 eV
2026-08-27 10:55:58.227 INFO: Epoch 178: head: Default, loss=0.00154720, RMSE_E_per_atom=    3.03 meV, RMSE_F=   15.56 meV / A
2026-08-27 10:55:58.370 INFO: --- Gradient diagnostics (epoch 179, batch 0) ---
2026-08-27 10:55:58.370 INFO:   forces: pred_rms=0.1437 eV/Å, ref_rms=0.1440 eV/Å, err_rms=0.0156 eV/Å
2026-08-27 10:55:58.370 INFO:   energy/atom: pred_mean=-3.0248 eV, ref_mean=-3.0247 eV, err_mean=0.0018 eV
2026-08-27 10:55:58.371 INFO:   energy decomposition (mean/atom): E_inter=0.4778 eV, E_QEq=-0.495247 eV
2026-08-27 10:55:58.373 INFO:   QEq charges per element: Z=7: mean=-0.0129, std=0.1393, min=-0.1114, max=0.0856 | Z=8: mean=0.1547, std=nan, min=0.1547, max=0.1547 | Z=15: mean=-0.1817, std=nan, min=-0.1817, max=-0.1817 | Z=16: mean=-0.2806, std=0.0670, min=-0.3279, max=-0.2333 | Z=34: mean=-0.4002, std=nan, min=-0.4002, max=-0.4002 | Z=35: mean=0.1903, std=0.2025, min=-0.3046, max=0.3795 | Z=52: mean=-0.3521, std=nan, min=-0.3521, max=-0.3521 | Z=53: mean=0.2843, std=0.0468, min=-0.2631, max=0.3266 | Z=55: mean=-0.2881, std=0.2393, min=-0.4341, max=0.4365 | Z=82: mean=-0.3501, std=0.2117, min=-0.5584, max=0.3238
2026-08-27 10:55:58.375 INFO:   Top-10 param grad norms:
2026-08-27 10:55:58.375 INFO:     interactions.0.conv_tp_weights.layer0.weight: 0.087268
2026-08-27 10:55:58.375 INFO:     products.0.symmetric_contractions.weight: 0.080729
2026-08-27 10:55:58.375 INFO:     interactions.0.linear.weight: 0.071439
2026-08-27 10:55:58.375 INFO:     interactions.1.linear.weight: 0.064829
2026-08-27 10:55:58.375 INFO:     products.1.symmetric_contractions.weight: 0.055308
2026-08-27 10:55:58.375 INFO:     products.0.linear.weight: 0.042628
2026-08-27 10:55:58.375 INFO:     interactions.0.conv_tp_weights.layer1.weight: 0.034514
2026-08-27 10:55:58.375 INFO:     charge_embedding.weight: 0.027276
2026-08-27 10:55:58.376 INFO:     products.1.linear.weight: 0.027190
2026-08-27 10:55:58.376 INFO:     interactions.0.conv_tp_weights.layer2.weight: 0.027005
2026-08-27 10:55:58.376 INFO:   All parameters have nonzero gradients ✓
2026-08-27 10:55:58.376 INFO:   Total grad norm (before clip): 0.1824
2026-08-27 10:55:58.376 INFO: --- End gradient diagnostics ---
2026-08-27 11:08:07.244 INFO:   Epoch energy decomposition (mean/atom): E_inter=0.4353 eV, E_QEq=-0.434984 eV
2026-08-27 11:09:03.292 INFO: Epoch 179: head: Default, loss=0.00156807, RMSE_E_per_atom=    3.02 meV, RMSE_F=   15.67 meV / A
2026-08-27 11:09:03.440 INFO: --- Gradient diagnostics (epoch 180, batch 0) ---
2026-08-27 11:09:03.440 INFO:   forces: pred_rms=0.0835 eV/Å, ref_rms=0.0833 eV/Å, err_rms=0.0159 eV/Å
2026-08-27 11:09:03.441 INFO:   energy/atom: pred_mean=-3.0470 eV, ref_mean=-3.0463 eV, err_mean=0.0027 eV
2026-08-27 11:09:03.441 INFO:   energy decomposition (mean/atom): E_inter=0.4227 eV, E_QEq=-0.436994 eV
2026-08-27 11:09:03.444 INFO:   QEq charges per element: Z=7: mean=-0.4717, std=nan, min=-0.4717, max=-0.4717 | Z=8: mean=-0.7353, std=nan, min=-0.7353, max=-0.7353 | Z=16: mean=-0.3559, std=nan, min=-0.3559, max=-0.3559 | Z=33: mean=-0.8060, std=nan, min=-0.8060, max=-0.8060 | Z=35: mean=0.0495, std=0.2643, min=-0.3753, max=0.3146 | Z=52: mean=-0.3015, std=nan, min=-0.3015, max=-0.3015 | Z=53: mean=-0.0763, std=0.2547, min=-0.2941, max=0.3095 | Z=55: mean=0.0108, std=0.3707, min=-0.4269, max=0.4479 | Z=82: mean=-0.0473, std=0.3649, min=-0.4680, max=0.4199
2026-08-27 11:09:03.445 INFO:   Top-10 param grad norms:
2026-08-27 11:09:03.445 INFO:     products.0.symmetric_contractions.weight: 0.349784
2026-08-27 11:09:03.445 INFO:     interactions.0.conv_tp_weights.layer0.weight: 0.258406
2026-08-27 11:09:03.445 INFO:     interactions.1.linear.weight: 0.222186
2026-08-27 11:09:03.445 INFO:     products.1.symmetric_contractions.weight: 0.178103
2026-08-27 11:09:03.445 INFO:     interactions.0.linear.weight: 0.154332
2026-08-27 11:09:03.446 INFO:     products.0.linear.weight: 0.117643
2026-08-27 11:09:03.446 INFO:     interactions.0.conv_tp_weights.layer1.weight: 0.082848
2026-08-27 11:09:03.446 INFO:     products.1.linear.weight: 0.078342
2026-08-27 11:09:03.446 INFO:     charge_embedding.weight: 0.047013
2026-08-27 11:09:03.446 INFO:     interactions.1.conv_tp_weights.layer0.weight: 0.044352
2026-08-27 11:09:03.446 INFO:   All parameters have nonzero gradients ✓
2026-08-27 11:09:03.446 INFO:   Total grad norm (before clip): 0.5779
2026-08-27 11:09:03.446 INFO: --- End gradient diagnostics ---
2026-08-27 11:21:00.329 INFO:   Epoch energy decomposition (mean/atom): E_inter=0.4352 eV, E_QEq=-0.434919 eV
2026-08-27 11:21:57.790 INFO: Epoch 180: head: Default, loss=0.00153980, RMSE_E_per_atom=    3.02 meV, RMSE_F=   15.52 meV / A
2026-08-27 11:21:57.938 INFO: --- Gradient diagnostics (epoch 181, batch 0) ---
2026-08-27 11:21:57.939 INFO:   forces: pred_rms=0.1985 eV/Å, ref_rms=0.1993 eV/Å, err_rms=0.0202 eV/Å
2026-08-27 11:21:57.939 INFO:   energy/atom: pred_mean=-2.9216 eV, ref_mean=-2.9225 eV, err_mean=0.0042 eV
2026-08-27 11:21:57.939 INFO:   energy decomposition (mean/atom): E_inter=0.4415 eV, E_QEq=-0.435360 eV
2026-08-27 11:21:57.942 INFO:   QEq charges per element: Z=7: mean=0.0782, std=nan, min=0.0782, max=0.0782 | Z=8: mean=-0.4509, std=nan, min=-0.4509, max=-0.4509 | Z=15: mean=-0.5214, std=nan, min=-0.5214, max=-0.5214 | Z=16: mean=0.2952, std=nan, min=0.2952, max=0.2952 | Z=35: mean=0.2715, std=0.0422, min=-0.1274, max=0.3539 | Z=52: mean=-0.3446, std=nan, min=-0.3446, max=-0.3446 | Z=53: mean=0.0022, std=0.2698, min=-0.3468, max=0.3157 | Z=55: mean=-0.1482, std=0.3583, min=-0.4334, max=0.4996 | Z=82: mean=-0.1996, std=0.3342, min=-0.5034, max=0.3642
2026-08-27 11:21:57.943 INFO:   Top-10 param grad norms:
2026-08-27 11:21:57.943 INFO:     products.0.symmetric_contractions.weight: 0.081332
2026-08-27 11:21:57.943 INFO:     interactions.1.linear.weight: 0.073309
2026-08-27 11:21:57.943 INFO:     interactions.0.conv_tp_weights.layer0.weight: 0.057392
2026-08-27 11:21:57.944 INFO:     products.1.symmetric_contractions.weight: 0.052357
2026-08-27 11:21:57.944 INFO:     interactions.0.linear.weight: 0.047959
2026-08-27 11:21:57.944 INFO:     products.0.linear.weight: 0.039840
2026-08-27 11:21:57.944 INFO:     products.1.linear.weight: 0.028609
2026-08-27 11:21:57.944 INFO:     interactions.0.conv_tp_weights.layer1.weight: 0.018725
2026-08-27 11:21:57.944 INFO:     charge_embedding.weight: 0.017209
2026-08-27 11:21:57.944 INFO:     chi_readouts.0.linear.weight: 0.013151
2026-08-27 11:21:57.944 INFO:   All parameters have nonzero gradients ✓
2026-08-27 11:21:57.944 INFO:   Total grad norm (before clip): 0.1571
2026-08-27 11:21:57.944 INFO: --- End gradient diagnostics ---
2026-08-27 11:34:37.838 INFO:   Epoch energy decomposition (mean/atom): E_inter=0.4355 eV, E_QEq=-0.435148 eV
2026-08-27 11:35:35.089 INFO: Epoch 181: head: Default, loss=0.00153096, RMSE_E_per_atom=    3.04 meV, RMSE_F=   15.47 meV / A
2026-08-27 11:35:35.277 INFO: --- Gradient diagnostics (epoch 182, batch 0) ---
2026-08-27 11:35:35.277 INFO:   forces: pred_rms=0.3470 eV/Å, ref_rms=0.3481 eV/Å, err_rms=0.0264 eV/Å
2026-08-27 11:35:35.277 INFO:   energy/atom: pred_mean=-2.7936 eV, ref_mean=-2.7923 eV, err_mean=0.0026 eV
2026-08-27 11:35:35.278 INFO:   energy decomposition (mean/atom): E_inter=0.4481 eV, E_QEq=-0.413744 eV
2026-08-27 11:35:35.282 INFO:   QEq charges per element: Z=7: mean=-0.1813, std=nan, min=-0.1813, max=-0.1813 | Z=8: mean=-0.7136, std=nan, min=-0.7136, max=-0.7136 | Z=15: mean=-0.4682, std=nan, min=-0.4682, max=-0.4682 | Z=16: mean=-0.3245, std=nan, min=-0.3245, max=-0.3245 | Z=17: mean=0.1870, std=nan, min=0.1870, max=0.1870 | Z=33: mean=-0.4498, std=0.0195, min=-0.4636, max=-0.4360 | Z=35: mean=0.2713, std=0.0255, min=0.2154, max=0.3143 | Z=52: mean=-0.3517, std=nan, min=-0.3517, max=-0.3517 | Z=53: mean=-0.0159, std=0.2699, min=-0.4188, max=0.3510 | Z=55: mean=0.0010, std=0.3840, min=-0.4228, max=0.4461 | Z=82: mean=-0.0483, std=0.3618, min=-0.4866, max=0.3987
2026-08-27 11:35:35.283 INFO:   Top-10 param grad norms:
2026-08-27 11:35:35.283 INFO:     interactions.0.conv_tp_weights.layer0.weight: 0.327635
2026-08-27 11:35:35.283 INFO:     products.0.symmetric_contractions.weight: 0.168945
2026-08-27 11:35:35.283 INFO:     interactions.0.linear.weight: 0.166943
2026-08-27 11:35:35.283 INFO:     interactions.0.conv_tp_weights.layer1.weight: 0.130700
2026-08-27 11:35:35.284 INFO:     interactions.1.linear.weight: 0.127693
2026-08-27 11:35:35.284 INFO:     products.1.symmetric_contractions.weight: 0.101609
2026-08-27 11:35:35.284 INFO:     interactions.0.conv_tp_weights.layer2.weight: 0.098863
2026-08-27 11:35:35.284 INFO:     products.0.linear.weight: 0.091719
2026-08-27 11:35:35.284 INFO:     charge_embedding.weight: 0.073602
2026-08-27 11:35:35.284 INFO:     interactions.0.conv_tp_weights.layer3.weight: 0.070758
2026-08-27 11:35:35.284 INFO:   All parameters have nonzero gradients ✓
2026-08-27 11:35:35.284 INFO:   Total grad norm (before clip): 0.4944
2026-08-27 11:35:35.284 INFO: --- End gradient diagnostics ---
2026-08-27 11:47:34.148 INFO:   Epoch energy decomposition (mean/atom): E_inter=0.4363 eV, E_QEq=-0.436013 eV
2026-08-27 11:48:28.219 INFO: Epoch 182: head: Default, loss=0.00157270, RMSE_E_per_atom=    3.03 meV, RMSE_F=   15.69 meV / A
2026-08-27 11:48:28.354 INFO: --- Gradient diagnostics (epoch 183, batch 0) ---
2026-08-27 11:48:28.355 INFO:   forces: pred_rms=0.1806 eV/Å, ref_rms=0.1802 eV/Å, err_rms=0.0173 eV/Å
2026-08-27 11:48:28.355 INFO:   energy/atom: pred_mean=-2.9519 eV, ref_mean=-2.9514 eV, err_mean=0.0017 eV
2026-08-27 11:48:28.355 INFO:   energy decomposition (mean/atom): E_inter=0.4252 eV, E_QEq=-0.417484 eV
2026-08-27 11:48:28.358 INFO:   QEq charges per element: Z=16: mean=0.0119, std=nan, min=0.0119, max=0.0119 | Z=17: mean=-0.1951, std=0.3120, min=-0.3803, max=0.1651 | Z=33: mean=-0.5628, std=nan, min=-0.5628, max=-0.5628 | Z=34: mean=-0.3107, std=nan, min=-0.3107, max=-0.3107 | Z=35: mean=0.1734, std=0.2135, min=-0.2628, max=0.3559 | Z=52: mean=-0.3221, std=0.3273, min=-0.5536, max=-0.0907 | Z=53: mean=-0.1516, std=0.2127, min=-0.3583, max=0.3125 | Z=55: mean=0.0161, std=0.3891, min=-0.4158, max=0.4384 | Z=82: mean=-0.0575, std=0.3714, min=-0.5068, max=0.4310
2026-08-27 11:48:28.360 INFO:   Top-10 param grad norms:
2026-08-27 11:48:28.360 INFO:     interactions.0.conv_tp_weights.layer0.weight: 0.069213
2026-08-27 11:48:28.360 INFO:     products.0.symmetric_contractions.weight: 0.063591
2026-08-27 11:48:28.360 INFO:     interactions.1.linear.weight: 0.058010
2026-08-27 11:48:28.360 INFO:     products.1.symmetric_contractions.weight: 0.053676
2026-08-27 11:48:28.360 INFO:     interactions.0.linear.weight: 0.043694
2026-08-27 11:48:28.360 INFO:     products.1.linear.weight: 0.034420
2026-08-27 11:48:28.360 INFO:     products.0.linear.weight: 0.030315
2026-08-27 11:48:28.360 INFO:     interactions.0.conv_tp_weights.layer1.weight: 0.023048
2026-08-27 11:48:28.360 INFO:     charge_embedding.weight: 0.015816
2026-08-27 11:48:28.360 INFO:     interactions.0.conv_tp_weights.layer2.weight: 0.013828
2026-08-27 11:48:28.360 INFO:   All parameters have nonzero gradients ✓
2026-08-27 11:48:28.361 INFO:   Total grad norm (before clip): 0.1448
2026-08-27 11:48:28.361 INFO: --- End gradient diagnostics ---
2026-08-27 12:00:08.868 INFO:   Epoch energy decomposition (mean/atom): E_inter=0.4355 eV, E_QEq=-0.435148 eV
2026-08-27 12:01:00.128 INFO: Epoch 183: head: Default, loss=0.00154705, RMSE_E_per_atom=    3.00 meV, RMSE_F=   15.56 meV / A
2026-08-27 12:01:00.263 INFO: --- Gradient diagnostics (epoch 184, batch 0) ---
2026-08-27 12:01:00.263 INFO:   forces: pred_rms=0.0853 eV/Å, ref_rms=0.0844 eV/Å, err_rms=0.0149 eV/Å
2026-08-27 12:01:00.264 INFO:   energy/atom: pred_mean=-3.0167 eV, ref_mean=-3.0176 eV, err_mean=0.0023 eV
2026-08-27 12:01:00.264 INFO:   energy decomposition (mean/atom): E_inter=0.4591 eV, E_QEq=-0.476012 eV
2026-08-27 12:01:00.266 INFO:   QEq charges per element: Z=7: mean=-0.0740, std=nan, min=-0.0740, max=-0.0740 | Z=15: mean=0.1000, std=nan, min=0.1000, max=0.1000 | Z=16: mean=-0.1975, std=0.0896, min=-0.2608, max=-0.1341 | Z=34: mean=-0.3903, std=0.0335, min=-0.4229, max=-0.3560 | Z=35: mean=0.2767, std=0.0252, min=0.1308, max=0.3252 | Z=52: mean=-0.3530, std=nan, min=-0.3530, max=-0.3530 | Z=53: mean=0.0116, std=0.2705, min=-0.3042, max=0.3136 | Z=55: mean=-0.2214, std=0.2951, min=-0.4095, max=0.4294 | Z=82: mean=-0.2580, std=0.2989, min=-0.5185, max=0.3765
2026-08-27 12:01:00.268 INFO:   Top-10 param grad norms:
2026-08-27 12:01:00.268 INFO:     interactions.1.linear.weight: 0.058153
2026-08-27 12:01:00.268 INFO:     interactions.0.conv_tp_weights.layer0.weight: 0.056861
2026-08-27 12:01:00.268 INFO:     products.0.symmetric_contractions.weight: 0.055932
2026-08-27 12:01:00.268 INFO:     products.1.symmetric_contractions.weight: 0.052777
2026-08-27 12:01:00.268 INFO:     interactions.0.linear.weight: 0.049620
2026-08-27 12:01:00.268 INFO:     products.1.linear.weight: 0.040949
2026-08-27 12:01:00.268 INFO:     products.0.linear.weight: 0.038775
2026-08-27 12:01:00.268 INFO:     chi_readouts.1.linear_2.weight: 0.021184
2026-08-27 12:01:00.268 INFO:     interactions.0.conv_tp_weights.layer1.weight: 0.018773
2026-08-27 12:01:00.269 INFO:     charge_embedding.weight: 0.017725
2026-08-27 12:01:00.269 INFO:   All parameters have nonzero gradients ✓
2026-08-27 12:01:00.269 INFO:   Total grad norm (before clip): 0.1434
2026-08-27 12:01:00.269 INFO: --- End gradient diagnostics ---
2026-08-27 12:13:17.149 INFO:   Epoch energy decomposition (mean/atom): E_inter=0.4380 eV, E_QEq=-0.437712 eV
2026-08-27 12:14:14.458 INFO: Epoch 184: head: Default, loss=0.00160475, RMSE_E_per_atom=    3.01 meV, RMSE_F=   15.85 meV / A
2026-08-27 12:14:14.595 INFO: --- Gradient diagnostics (epoch 185, batch 0) ---
2026-08-27 12:14:14.595 INFO:   forces: pred_rms=0.1555 eV/Å, ref_rms=0.1540 eV/Å, err_rms=0.0165 eV/Å
2026-08-27 12:14:14.595 INFO:   energy/atom: pred_mean=-3.0152 eV, ref_mean=-3.0140 eV, err_mean=0.0027 eV
2026-08-27 12:14:14.596 INFO:   energy decomposition (mean/atom): E_inter=0.4131 eV, E_QEq=-0.402347 eV
2026-08-27 12:14:14.598 INFO:   QEq charges per element: Z=9: mean=-0.0793, std=0.0890, min=-0.1423, max=-0.0163 | Z=16: mean=-0.6787, std=nan, min=-0.6787, max=-0.6787 | Z=17: mean=-0.1891, std=nan, min=-0.1891, max=-0.1891 | Z=33: mean=0.0137, std=nan, min=0.0137, max=0.0137 | Z=34: mean=-0.3799, std=0.1412, min=-0.4798, max=-0.2800 | Z=35: mean=-0.0277, std=0.2659, min=-0.3542, max=0.3137 | Z=52: mean=-0.1973, std=nan, min=-0.1973, max=-0.1973 | Z=53: mean=-0.2489, std=0.0693, min=-0.3498, max=0.2694 | Z=55: mean=0.1641, std=0.3506, min=-0.4345, max=0.4328 | Z=82: mean=0.0932, std=0.3362, min=-0.5053, max=0.3984
2026-08-27 12:14:14.600 INFO:   Top-10 param grad norms:
2026-08-27 12:14:14.600 INFO:     products.0.symmetric_contractions.weight: 0.097942
2026-08-27 12:14:14.600 INFO:     interactions.1.linear.weight: 0.077592
2026-08-27 12:14:14.600 INFO:     interactions.0.linear.weight: 0.075830
2026-08-27 12:14:14.600 INFO:     products.1.symmetric_contractions.weight: 0.075242
2026-08-27 12:14:14.600 INFO:     interactions.0.conv_tp_weights.layer0.weight: 0.055125
2026-08-27 12:14:14.600 INFO:     products.0.linear.weight: 0.051988
2026-08-27 12:14:14.601 INFO:     products.1.linear.weight: 0.039944
2026-08-27 12:14:14.601 INFO:     charge_embedding.weight: 0.025189
2026-08-27 12:14:14.601 INFO:     interactions.0.conv_tp_weights.layer1.weight: 0.020488
2026-08-27 12:14:14.601 INFO:     interactions.0.linear_up.weight: 0.019630
2026-08-27 12:14:14.601 INFO:   All parameters have nonzero gradients ✓
2026-08-27 12:14:14.601 INFO:   Total grad norm (before clip): 0.1940
2026-08-27 12:14:14.601 INFO: --- End gradient diagnostics ---
2026-08-27 12:26:40.885 INFO:   Epoch energy decomposition (mean/atom): E_inter=0.4384 eV, E_QEq=-0.438092 eV
2026-08-27 12:27:39.598 INFO: Epoch 185: head: Default, loss=0.00152142, RMSE_E_per_atom=    3.00 meV, RMSE_F=   15.43 meV / A
2026-08-27 12:27:39.782 INFO: --- Gradient diagnostics (epoch 186, batch 0) ---
2026-08-27 12:27:39.783 INFO:   forces: pred_rms=0.0840 eV/Å, ref_rms=0.0827 eV/Å, err_rms=0.0138 eV/Å
2026-08-27 12:27:39.783 INFO:   energy/atom: pred_mean=-2.9726 eV, ref_mean=-2.9724 eV, err_mean=0.0013 eV
2026-08-27 12:27:39.783 INFO:   energy decomposition (mean/atom): E_inter=0.4018 eV, E_QEq=-0.402512 eV
2026-08-27 12:27:39.786 INFO:   QEq charges per element: Z=7: mean=-0.0010, std=nan, min=-0.0010, max=-0.0010 | Z=16: mean=-0.0657, std=0.0727, min=-0.1171, max=-0.0143 | Z=17: mean=0.2062, std=nan, min=0.2062, max=0.2062 | Z=33: mean=-0.1435, std=0.2996, min=-0.4322, max=0.1660 | Z=35: mean=-0.0473, std=0.2588, min=-0.3451, max=0.2952 | Z=52: mean=-0.2033, std=0.6428, min=-0.6578, max=0.2512 | Z=53: mean=-0.0427, std=0.2661, min=-0.3004, max=0.3330 | Z=55: mean=0.0727, std=0.3797, min=-0.4262, max=0.4594 | Z=82: mean=0.0246, std=0.3587, min=-0.4528, max=0.3569
2026-08-27 12:27:39.787 INFO:   Top-10 param grad norms:
2026-08-27 12:27:39.788 INFO:     products.0.symmetric_contractions.weight: 0.032101
2026-08-27 12:27:39.788 INFO:     interactions.1.linear.weight: 0.031721
2026-08-27 12:27:39.788 INFO:     products.1.symmetric_contractions.weight: 0.026326
2026-08-27 12:27:39.788 INFO:     interactions.0.linear.weight: 0.022183
2026-08-27 12:27:39.788 INFO:     interactions.0.conv_tp_weights.layer0.weight: 0.017641
2026-08-27 12:27:39.788 INFO:     products.0.linear.weight: 0.017535
2026-08-27 12:27:39.788 INFO:     products.1.linear.weight: 0.013008
2026-08-27 12:27:39.788 INFO:     charge_embedding.weight: 0.009449
2026-08-27 12:27:39.788 INFO:     interactions.0.conv_tp_weights.layer1.weight: 0.006162
2026-08-27 12:27:39.788 INFO:     interactions.1.linear_up.weight: 0.004746
2026-08-27 12:27:39.789 INFO:   All parameters have nonzero gradients ✓
2026-08-27 12:27:39.789 INFO:   Total grad norm (before clip): 0.0657
2026-08-27 12:27:39.789 INFO: --- End gradient diagnostics ---
2026-08-27 12:40:31.064 INFO:   Epoch energy decomposition (mean/atom): E_inter=0.4383 eV, E_QEq=-0.437988 eV
2026-08-27 12:41:29.455 INFO: Epoch 186: head: Default, loss=0.00154218, RMSE_E_per_atom=    3.00 meV, RMSE_F=   15.53 meV / A
2026-08-27 12:41:29.600 INFO: --- Gradient diagnostics (epoch 187, batch 0) ---
2026-08-27 12:41:29.601 INFO:   forces: pred_rms=0.1441 eV/Å, ref_rms=0.1428 eV/Å, err_rms=0.0175 eV/Å
2026-08-27 12:41:29.601 INFO:   energy/atom: pred_mean=-2.9190 eV, ref_mean=-2.9188 eV, err_mean=0.0024 eV
2026-08-27 12:41:29.601 INFO:   energy decomposition (mean/atom): E_inter=0.4527 eV, E_QEq=-0.472524 eV
2026-08-27 12:41:29.604 INFO:   QEq charges per element: Z=9: mean=-0.0186, std=0.0096, min=-0.0254, max=-0.0118 | Z=15: mean=-0.3562, std=0.1211, min=-0.4418, max=-0.2705 | Z=16: mean=-0.5352, std=nan, min=-0.5352, max=-0.5352 | Z=35: mean=0.2853, std=0.0282, min=0.1684, max=0.3406 | Z=52: mean=-0.2991, std=0.0150, min=-0.3097, max=-0.2884 | Z=53: mean=0.1282, std=0.2419, min=-0.2751, max=0.3795 | Z=55: mean=-0.2146, std=0.2991, min=-0.4215, max=0.4635 | Z=82: mean=-0.2580, std=0.2862, min=-0.4753, max=0.3648
2026-08-27 12:41:29.605 INFO:   Top-10 param grad norms:
2026-08-27 12:41:29.605 INFO:     interactions.0.conv_tp_weights.layer0.weight: 0.089704
2026-08-27 12:41:29.605 INFO:     products.0.symmetric_contractions.weight: 0.062165
2026-08-27 12:41:29.605 INFO:     interactions.1.linear.weight: 0.059312
2026-08-27 12:41:29.605 INFO:     products.1.symmetric_contractions.weight: 0.049052
2026-08-27 12:41:29.606 INFO:     interactions.0.linear.weight: 0.047720
2026-08-27 12:41:29.606 INFO:     interactions.0.conv_tp_weights.layer1.weight: 0.033437
2026-08-27 12:41:29.606 INFO:     products.0.linear.weight: 0.032830
2026-08-27 12:41:29.606 INFO:     products.1.linear.weight: 0.023665
2026-08-27 12:41:29.606 INFO:     interactions.0.conv_tp_weights.layer2.weight: 0.022710
2026-08-27 12:41:29.606 INFO:     charge_embedding.weight: 0.019646
2026-08-27 12:41:29.606 INFO:   All parameters have nonzero gradients ✓
2026-08-27 12:41:29.606 INFO:   Total grad norm (before clip): 0.1579
2026-08-27 12:41:29.606 INFO: --- End gradient diagnostics ---
2026-08-27 12:53:45.158 INFO:   Epoch energy decomposition (mean/atom): E_inter=0.4388 eV, E_QEq=-0.438437 eV
2026-08-27 12:54:41.924 INFO: Epoch 187: head: Default, loss=0.00152003, RMSE_E_per_atom=    3.00 meV, RMSE_F=   15.42 meV / A
2026-08-27 12:54:42.137 INFO: --- Gradient diagnostics (epoch 188, batch 0) ---
2026-08-27 12:54:42.137 INFO:   forces: pred_rms=0.0915 eV/Å, ref_rms=0.0911 eV/Å, err_rms=0.0131 eV/Å
2026-08-27 12:54:42.137 INFO:   energy/atom: pred_mean=-3.0998 eV, ref_mean=-3.1004 eV, err_mean=0.0027 eV
2026-08-27 12:54:42.138 INFO:   energy decomposition (mean/atom): E_inter=0.4311 eV, E_QEq=-0.448873 eV
2026-08-27 12:54:42.140 INFO:   QEq charges per element: Z=7: mean=-0.1116, std=0.1002, min=-0.2256, max=-0.0377 | Z=9: mean=0.2128, std=nan, min=0.2128, max=0.2128 | Z=16: mean=-0.6450, std=nan, min=-0.6450, max=-0.6450 | Z=33: mean=-0.3915, std=0.2989, min=-0.6028, max=-0.1802 | Z=34: mean=-0.4961, std=0.1390, min=-0.5944, max=-0.3978 | Z=35: mean=0.0103, std=0.2621, min=-0.3208, max=0.3124 | Z=53: mean=0.2836, std=0.0229, min=0.1424, max=0.3388 | Z=55: mean=-0.0583, std=0.3867, min=-0.4213, max=0.4617 | Z=82: mean=-0.1173, std=0.3512, min=-0.4476, max=0.3519
2026-08-27 12:54:42.142 INFO:   Top-10 param grad norms:
2026-08-27 12:54:42.142 INFO:     products.0.symmetric_contractions.weight: 0.076654
2026-08-27 12:54:42.142 INFO:     interactions.1.linear.weight: 0.061943
2026-08-27 12:54:42.142 INFO:     interactions.0.conv_tp_weights.layer0.weight: 0.060876
2026-08-27 12:54:42.142 INFO:     products.1.symmetric_contractions.weight: 0.054796
2026-08-27 12:54:42.142 INFO:     interactions.0.linear.weight: 0.047175
2026-08-27 12:54:42.142 INFO:     products.0.linear.weight: 0.036379
2026-08-27 12:54:42.142 INFO:     products.1.linear.weight: 0.027101
2026-08-27 12:54:42.142 INFO:     interactions.0.conv_tp_weights.layer1.weight: 0.020001
2026-08-27 12:54:42.142 INFO:     charge_embedding.weight: 0.014745
2026-08-27 12:54:42.142 INFO:     interactions.0.conv_tp_weights.layer2.weight: 0.012372
2026-08-27 12:54:42.142 INFO:   All parameters have nonzero gradients ✓
2026-08-27 12:54:42.143 INFO:   Total grad norm (before clip): 0.1495
2026-08-27 12:54:42.143 INFO: --- End gradient diagnostics ---
2026-08-27 13:07:12.914 INFO:   Epoch energy decomposition (mean/atom): E_inter=0.4393 eV, E_QEq=-0.438942 eV
2026-08-27 13:08:08.115 INFO: Epoch 188: head: Default, loss=0.00152750, RMSE_E_per_atom=    3.01 meV, RMSE_F=   15.46 meV / A
2026-08-27 13:08:08.247 INFO: --- Gradient diagnostics (epoch 189, batch 0) ---
2026-08-27 13:08:08.247 INFO:   forces: pred_rms=0.2269 eV/Å, ref_rms=0.2258 eV/Å, err_rms=0.0185 eV/Å
2026-08-27 13:08:08.248 INFO:   energy/atom: pred_mean=-2.9514 eV, ref_mean=-2.9513 eV, err_mean=0.0023 eV
2026-08-27 13:08:08.248 INFO:   energy decomposition (mean/atom): E_inter=0.4445 eV, E_QEq=-0.430628 eV
2026-08-27 13:08:08.251 INFO:   QEq charges per element: Z=7: mean=0.1649, std=nan, min=0.1649, max=0.1649 | Z=8: mean=-0.0810, std=0.0372, min=-0.1073, max=-0.0548 | Z=9: mean=-0.0456, std=nan, min=-0.0456, max=-0.0456 | Z=15: mean=-0.4347, std=nan, min=-0.4347, max=-0.4347 | Z=34: mean=-0.3166, std=nan, min=-0.3166, max=-0.3166 | Z=35: mean=0.1667, std=0.2133, min=-0.3272, max=0.3410 | Z=52: mean=-0.1467, std=nan, min=-0.1467, max=-0.1467 | Z=53: mean=0.0562, std=0.2600, min=-0.2912, max=0.3474 | Z=55: mean=-0.1490, std=0.3586, min=-0.4278, max=0.4494 | Z=82: mean=-0.1998, std=0.3322, min=-0.5186, max=0.3489
2026-08-27 13:08:08.252 INFO:   Top-10 param grad norms:
2026-08-27 13:08:08.252 INFO:     interactions.0.conv_tp_weights.layer0.weight: 0.124988
2026-08-27 13:08:08.252 INFO:     interactions.0.linear.weight: 0.098213
2026-08-27 13:08:08.252 INFO:     products.0.symmetric_contractions.weight: 0.093653
2026-08-27 13:08:08.252 INFO:     interactions.1.linear.weight: 0.079171
2026-08-27 13:08:08.252 INFO:     products.1.symmetric_contractions.weight: 0.063571
2026-08-27 13:08:08.252 INFO:     products.0.linear.weight: 0.050504
2026-08-27 13:08:08.252 INFO:     interactions.0.conv_tp_weights.layer1.weight: 0.046465
2026-08-27 13:08:08.253 INFO:     products.1.linear.weight: 0.046310
2026-08-27 13:08:08.253 INFO:     interactions.0.conv_tp_weights.layer2.weight: 0.032143
2026-08-27 13:08:08.253 INFO:     charge_embedding.weight: 0.027748
2026-08-27 13:08:08.253 INFO:   All parameters have nonzero gradients ✓
2026-08-27 13:08:08.253 INFO:   Total grad norm (before clip): 0.2340
2026-08-27 13:08:08.253 INFO: --- End gradient diagnostics ---
2026-08-27 13:20:14.566 INFO:   Epoch energy decomposition (mean/atom): E_inter=0.4395 eV, E_QEq=-0.439203 eV
2026-08-27 13:21:07.181 INFO: Epoch 189: head: Default, loss=0.00149855, RMSE_E_per_atom=    2.99 meV, RMSE_F=   15.31 meV / A
2026-08-27 13:21:07.358 INFO: --- Gradient diagnostics (epoch 190, batch 0) ---
2026-08-27 13:21:07.358 INFO:   forces: pred_rms=0.0455 eV/Å, ref_rms=0.0448 eV/Å, err_rms=0.0123 eV/Å
2026-08-27 13:21:07.358 INFO:   energy/atom: pred_mean=-2.9120 eV, ref_mean=-2.9120 eV, err_mean=0.0020 eV
2026-08-27 13:21:07.359 INFO:   energy decomposition (mean/atom): E_inter=0.4194 eV, E_QEq=-0.436595 eV
2026-08-27 13:21:07.362 INFO:   QEq charges per element: Z=9: mean=0.0192, std=nan, min=0.0192, max=0.0192 | Z=15: mean=-0.0134, std=nan, min=-0.0134, max=-0.0134 | Z=16: mean=-0.1104, std=0.3911, min=-0.3870, max=0.1661 | Z=17: mean=-0.2855, std=nan, min=-0.2855, max=-0.2855 | Z=33: mean=0.1221, std=nan, min=0.1221, max=0.1221 | Z=34: mean=-0.5133, std=0.0417, min=-0.5428, max=-0.4838 | Z=35: mean=0.0899, std=0.2487, min=-0.2779, max=0.2856 | Z=53: mean=0.0513, std=0.2705, min=-0.2861, max=0.3310 | Z=55: mean=-0.0780, std=0.3743, min=-0.4122, max=0.4646 | Z=82: mean=-0.1229, std=0.3615, min=-0.4564, max=0.3608
2026-08-27 13:21:07.363 INFO:   Top-10 param grad norms:
2026-08-27 13:21:07.364 INFO:     products.0.symmetric_contractions.weight: 0.039532
2026-08-27 13:21:07.364 INFO:     interactions.1.linear.weight: 0.035610
2026-08-27 13:21:07.364 INFO:     products.1.symmetric_contractions.weight: 0.030514
2026-08-27 13:21:07.364 INFO:     interactions.0.linear.weight: 0.027209
2026-08-27 13:21:07.364 INFO:     products.0.linear.weight: 0.022649
2026-08-27 13:21:07.364 INFO:     products.1.linear.weight: 0.014961
2026-08-27 13:21:07.364 INFO:     charge_embedding.weight: 0.009813
2026-08-27 13:21:07.364 INFO:     interactions.0.conv_tp_weights.layer0.weight: 0.007369
2026-08-27 13:21:07.364 INFO:     chi_readouts.0.linear.weight: 0.006233
2026-08-27 13:21:07.364 INFO:     interactions.0.linear_up.weight: 0.006149
2026-08-27 13:21:07.364 INFO:   All parameters have nonzero gradients ✓
2026-08-27 13:21:07.364 INFO:   Total grad norm (before clip): 0.0754
2026-08-27 13:21:07.364 INFO: --- End gradient diagnostics ---
2026-08-27 13:32:55.980 INFO:   Epoch energy decomposition (mean/atom): E_inter=0.4400 eV, E_QEq=-0.439727 eV
2026-08-27 13:33:49.748 INFO: Epoch 190: head: Default, loss=0.00152913, RMSE_E_per_atom=    3.01 meV, RMSE_F=   15.47 meV / A
2026-08-27 13:33:49.898 INFO: --- Gradient diagnostics (epoch 191, batch 0) ---
2026-08-27 13:33:49.899 INFO:   forces: pred_rms=0.1149 eV/Å, ref_rms=0.1140 eV/Å, err_rms=0.0155 eV/Å
2026-08-27 13:33:49.899 INFO:   energy/atom: pred_mean=-2.9031 eV, ref_mean=-2.9009 eV, err_mean=0.0047 eV
2026-08-27 13:33:49.899 INFO:   energy decomposition (mean/atom): E_inter=0.3791 eV, E_QEq=-0.391757 eV
2026-08-27 13:33:49.902 INFO:   QEq charges per element: Z=9: mean=-0.2138, std=0.2612, min=-0.3985, max=-0.0291 | Z=17: mean=-0.3336, std=0.0623, min=-0.3777, max=-0.2896 | Z=33: mean=0.1497, std=nan, min=0.1497, max=0.1497 | Z=35: mean=-0.0741, std=0.2545, min=-0.3611, max=0.3017 | Z=52: mean=-0.2967, std=0.1013, min=-0.3683, max=-0.2251 | Z=53: mean=-0.0237, std=0.2560, min=-0.2625, max=0.3173 | Z=55: mean=0.0922, std=0.3874, min=-0.4145, max=0.4695 | Z=82: mean=0.0113, std=0.3499, min=-0.5355, max=0.3520
2026-08-27 13:33:49.903 INFO:   Top-10 param grad norms:
2026-08-27 13:33:49.903 INFO:     products.0.symmetric_contractions.weight: 0.134898
2026-08-27 13:33:49.903 INFO:     interactions.0.linear.weight: 0.082043
2026-08-27 13:33:49.903 INFO:     interactions.1.linear.weight: 0.076221
2026-08-27 13:33:49.903 INFO:     products.0.linear.weight: 0.064824
2026-08-27 13:33:49.903 INFO:     products.1.symmetric_contractions.weight: 0.057395
2026-08-27 13:33:49.904 INFO:     products.1.linear.weight: 0.045653
2026-08-27 13:33:49.904 INFO:     charge_embedding.weight: 0.036631
2026-08-27 13:33:49.904 INFO:     interactions.0.linear_up.weight: 0.023859
2026-08-27 13:33:49.904 INFO:     interactions.0.conv_tp_weights.layer0.weight: 0.023177
2026-08-27 13:33:49.904 INFO:     interactions.0.conv_tp_weights.layer3.weight: 0.021720
2026-08-27 13:33:49.904 INFO:   All parameters have nonzero gradients ✓
2026-08-27 13:33:49.904 INFO:   Total grad norm (before clip): 0.2145
2026-08-27 13:33:49.904 INFO: --- End gradient diagnostics ---
2026-08-27 13:46:18.651 INFO:   Epoch energy decomposition (mean/atom): E_inter=0.4401 eV, E_QEq=-0.439764 eV
2026-08-27 13:47:15.457 INFO: Epoch 191: head: Default, loss=0.00150942, RMSE_E_per_atom=    2.99 meV, RMSE_F=   15.37 meV / A
2026-08-27 13:47:15.600 INFO: --- Gradient diagnostics (epoch 192, batch 0) ---
2026-08-27 13:47:15.601 INFO:   forces: pred_rms=0.0732 eV/Å, ref_rms=0.0706 eV/Å, err_rms=0.0141 eV/Å
2026-08-27 13:47:15.601 INFO:   energy/atom: pred_mean=-3.0161 eV, ref_mean=-3.0159 eV, err_mean=0.0022 eV
2026-08-27 13:47:15.601 INFO:   energy decomposition (mean/atom): E_inter=0.4013 eV, E_QEq=-0.417570 eV
2026-08-27 13:47:15.604 INFO:   QEq charges per element: Z=8: mean=-0.6062, std=0.1375, min=-0.7035, max=-0.5090 | Z=9: mean=-0.4141, std=nan, min=-0.4141, max=-0.4141 | Z=16: mean=-0.2816, std=0.1216, min=-0.3676, max=-0.1956 | Z=17: mean=-0.1548, std=nan, min=-0.1548, max=-0.1548 | Z=34: mean=-0.1605, std=0.0619, min=-0.2042, max=-0.1167 | Z=35: mean=0.0950, std=0.2489, min=-0.4129, max=0.3271 | Z=53: mean=-0.1151, std=0.2279, min=-0.2802, max=0.3096 | Z=55: mean=0.0172, std=0.3835, min=-0.4251, max=0.4469 | Z=82: mean=-0.0516, std=0.3566, min=-0.4564, max=0.3950
2026-08-27 13:47:15.605 INFO:   Top-10 param grad norms:
2026-08-27 13:47:15.605 INFO:     interactions.0.conv_tp_weights.layer0.weight: 0.180563
2026-08-27 13:47:15.606 INFO:     products.0.symmetric_contractions.weight: 0.088994
2026-08-27 13:47:15.606 INFO:     interactions.1.linear.weight: 0.075818
2026-08-27 13:47:15.606 INFO:     interactions.0.linear.weight: 0.071466
2026-08-27 13:47:15.606 INFO:     products.1.symmetric_contractions.weight: 0.062826
2026-08-27 13:47:15.606 INFO:     interactions.0.conv_tp_weights.layer1.weight: 0.058986
2026-08-27 13:47:15.606 INFO:     products.0.linear.weight: 0.045487
2026-08-27 13:47:15.606 INFO:     interactions.0.conv_tp_weights.layer2.weight: 0.035650
2026-08-27 13:47:15.606 INFO:     products.1.linear.weight: 0.030944
2026-08-27 13:47:15.606 INFO:     interactions.0.conv_tp_weights.layer3.weight: 0.022767
2026-08-27 13:47:15.606 INFO:   All parameters have nonzero gradients ✓
2026-08-27 13:47:15.606 INFO:   Total grad norm (before clip): 0.2556
2026-08-27 13:47:15.606 INFO: --- End gradient diagnostics ---
2026-08-27 13:59:44.505 INFO:   Epoch energy decomposition (mean/atom): E_inter=0.4409 eV, E_QEq=-0.440529 eV
2026-08-27 14:00:39.373 INFO: Epoch 192: head: Default, loss=0.00150604, RMSE_E_per_atom=    2.98 meV, RMSE_F=   15.35 meV / A
2026-08-27 14:00:39.512 INFO: --- Gradient diagnostics (epoch 193, batch 0) ---
2026-08-27 14:00:39.513 INFO:   forces: pred_rms=0.2428 eV/Å, ref_rms=0.2433 eV/Å, err_rms=0.0184 eV/Å
2026-08-27 14:00:39.513 INFO:   energy/atom: pred_mean=-2.9611 eV, ref_mean=-2.9611 eV, err_mean=0.0020 eV
2026-08-27 14:00:39.513 INFO:   energy decomposition (mean/atom): E_inter=0.4513 eV, E_QEq=-0.444390 eV
2026-08-27 14:00:39.515 INFO:   QEq charges per element: Z=7: mean=-0.1408, std=0.0917, min=-0.2375, max=-0.0597 | Z=35: mean=0.1668, std=0.2142, min=-0.3416, max=0.3493 | Z=52: mean=-0.0481, std=0.5303, min=-0.4230, max=0.3269 | Z=53: mean=0.0660, std=0.2583, min=-0.2746, max=0.3381 | Z=55: mean=-0.1494, std=0.3564, min=-0.4532, max=0.4379 | Z=82: mean=-0.1953, std=0.3291, min=-0.5077, max=0.3367
2026-08-27 14:00:39.516 INFO:   Top-10 param grad norms:
2026-08-27 14:00:39.517 INFO:     interactions.0.conv_tp_weights.layer0.weight: 0.140781
2026-08-27 14:00:39.517 INFO:     products.0.symmetric_contractions.weight: 0.082480
2026-08-27 14:00:39.517 INFO:     interactions.0.linear.weight: 0.071230
2026-08-27 14:00:39.517 INFO:     interactions.1.linear.weight: 0.065716
2026-08-27 14:00:39.517 INFO:     products.1.symmetric_contractions.weight: 0.051988
2026-08-27 14:00:39.517 INFO:     products.0.linear.weight: 0.049722
2026-08-27 14:00:39.517 INFO:     interactions.0.conv_tp_weights.layer1.weight: 0.048065
2026-08-27 14:00:39.517 INFO:     products.1.linear.weight: 0.030453
2026-08-27 14:00:39.517 INFO:     interactions.0.conv_tp_weights.layer2.weight: 0.030397
2026-08-27 14:00:39.517 INFO:     interactions.0.conv_tp_weights.layer3.weight: 0.019407
2026-08-27 14:00:39.517 INFO:   All parameters have nonzero gradients ✓
2026-08-27 14:00:39.517 INFO:   Total grad norm (before clip): 0.2168
2026-08-27 14:00:39.517 INFO: --- End gradient diagnostics ---
2026-08-27 14:12:59.441 INFO:   Epoch energy decomposition (mean/atom): E_inter=0.4414 eV, E_QEq=-0.441069 eV
2026-08-27 14:13:59.938 INFO: Epoch 193: head: Default, loss=0.00150790, RMSE_E_per_atom=    2.98 meV, RMSE_F=   15.36 meV / A
2026-08-27 14:14:00.086 INFO: --- Gradient diagnostics (epoch 194, batch 0) ---
2026-08-27 14:14:00.086 INFO:   forces: pred_rms=0.2334 eV/Å, ref_rms=0.2352 eV/Å, err_rms=0.0202 eV/Å
2026-08-27 14:14:00.087 INFO:   energy/atom: pred_mean=-2.8917 eV, ref_mean=-2.8915 eV, err_mean=0.0016 eV
2026-08-27 14:14:00.087 INFO:   energy decomposition (mean/atom): E_inter=0.4549 eV, E_QEq=-0.450332 eV
2026-08-27 14:14:00.090 INFO:   QEq charges per element: Z=7: mean=0.0123, std=0.0734, min=-0.0396, max=0.0643 | Z=16: mean=-0.3623, std=nan, min=-0.3623, max=-0.3623 | Z=17: mean=-0.1369, std=nan, min=-0.1369, max=-0.1369 | Z=33: mean=-0.2880, std=nan, min=-0.2880, max=-0.2880 | Z=34: mean=-0.0075, std=nan, min=-0.0075, max=-0.0075 | Z=35: mean=-0.0783, std=0.2490, min=-0.3117, max=0.3182 | Z=52: mean=-0.3273, std=0.0188, min=-0.3406, max=-0.3140 | Z=53: mean=0.2003, std=0.1909, min=-0.2812, max=0.3289 | Z=55: mean=-0.1505, std=0.3579, min=-0.4235, max=0.4727 | Z=82: mean=-0.1893, std=0.3296, min=-0.4879, max=0.3739
2026-08-27 14:14:00.091 INFO:   Top-10 param grad norms:
2026-08-27 14:14:00.091 INFO:     interactions.0.conv_tp_weights.layer0.weight: 0.151993
2026-08-27 14:14:00.091 INFO:     interactions.1.linear.weight: 0.087257
2026-08-27 14:14:00.092 INFO:     products.0.symmetric_contractions.weight: 0.080466
2026-08-27 14:14:00.092 INFO:     interactions.0.linear.weight: 0.077103
2026-08-27 14:14:00.092 INFO:     products.1.symmetric_contractions.weight: 0.060442
2026-08-27 14:14:00.092 INFO:     products.0.linear.weight: 0.053926
2026-08-27 14:14:00.092 INFO:     interactions.0.conv_tp_weights.layer1.weight: 0.053378
2026-08-27 14:14:00.092 INFO:     products.1.linear.weight: 0.036931
2026-08-27 14:14:00.092 INFO:     interactions.0.conv_tp_weights.layer2.weight: 0.034931
2026-08-27 14:14:00.092 INFO:     charge_embedding.weight: 0.026788
2026-08-27 14:14:00.092 INFO:   All parameters have nonzero gradients ✓
2026-08-27 14:14:00.092 INFO:   Total grad norm (before clip): 0.2405
2026-08-27 14:14:00.092 INFO: --- End gradient diagnostics ---
2026-08-27 14:25:50.453 INFO:   Epoch energy decomposition (mean/atom): E_inter=0.4417 eV, E_QEq=-0.441383 eV
2026-08-27 14:26:42.994 INFO: Epoch 194: head: Default, loss=0.00149759, RMSE_E_per_atom=    2.96 meV, RMSE_F=   15.31 meV / A
2026-08-27 14:26:43.199 INFO: --- Gradient diagnostics (epoch 195, batch 0) ---
2026-08-27 14:26:43.199 INFO:   forces: pred_rms=0.3157 eV/Å, ref_rms=0.3133 eV/Å, err_rms=0.0216 eV/Å
2026-08-27 14:26:43.199 INFO:   energy/atom: pred_mean=-2.9951 eV, ref_mean=-2.9948 eV, err_mean=0.0025 eV
2026-08-27 14:26:43.200 INFO:   energy decomposition (mean/atom): E_inter=0.4887 eV, E_QEq=-0.450971 eV
2026-08-27 14:26:43.202 INFO:   QEq charges per element: Z=8: mean=-0.1066, std=nan, min=-0.1066, max=-0.1066 | Z=15: mean=-0.2548, std=0.1536, min=-0.4666, max=-0.1066 | Z=16: mean=-0.3114, std=nan, min=-0.3114, max=-0.3114 | Z=35: mean=0.0478, std=0.2681, min=-0.3119, max=0.3277 | Z=53: mean=0.0875, std=0.2575, min=-0.2947, max=0.3941 | Z=55: mean=-0.0752, std=0.3577, min=-0.4068, max=0.3954 | Z=82: mean=-0.1193, std=0.3612, min=-0.4479, max=0.3675
2026-08-27 14:26:43.203 INFO:   Top-10 param grad norms:
2026-08-27 14:26:43.203 INFO:     products.0.symmetric_contractions.weight: 0.380819
2026-08-27 14:26:43.203 INFO:     interactions.1.linear.weight: 0.171481
2026-08-27 14:26:43.203 INFO:     interactions.0.linear.weight: 0.166183
2026-08-27 14:26:43.203 INFO:     products.0.linear.weight: 0.130330
2026-08-27 14:26:43.203 INFO:     products.1.symmetric_contractions.weight: 0.122968
2026-08-27 14:26:43.204 INFO:     interactions.0.conv_tp_weights.layer0.weight: 0.082777
2026-08-27 14:26:43.204 INFO:     charge_embedding.weight: 0.072927
2026-08-27 14:26:43.204 INFO:     products.1.linear.weight: 0.066147
2026-08-27 14:26:43.204 INFO:     interactions.0.linear_up.weight: 0.044665
2026-08-27 14:26:43.204 INFO:     interactions.0.conv_tp_weights.layer3.weight: 0.044139
2026-08-27 14:26:43.204 INFO:   All parameters have nonzero gradients ✓
2026-08-27 14:26:43.204 INFO:   Total grad norm (before clip): 0.5145
2026-08-27 14:26:43.204 INFO: --- End gradient diagnostics ---
2026-08-27 14:38:54.552 INFO:   Epoch energy decomposition (mean/atom): E_inter=0.4418 eV, E_QEq=-0.441452 eV
2026-08-27 14:39:50.360 INFO: Epoch 195: head: Default, loss=0.00150076, RMSE_E_per_atom=    2.98 meV, RMSE_F=   15.32 meV / A
2026-08-27 14:39:50.509 INFO: --- Gradient diagnostics (epoch 196, batch 0) ---
2026-08-27 14:39:50.510 INFO:   forces: pred_rms=0.0555 eV/Å, ref_rms=0.0543 eV/Å, err_rms=0.0117 eV/Å
2026-08-27 14:39:50.510 INFO:   energy/atom: pred_mean=-3.0517 eV, ref_mean=-3.0514 eV, err_mean=0.0020 eV
2026-08-27 14:39:50.510 INFO:   energy decomposition (mean/atom): E_inter=0.4434 eV, E_QEq=-0.455353 eV
2026-08-27 14:39:50.514 INFO:   QEq charges per element: Z=7: mean=-0.4119, std=0.2693, min=-0.6023, max=-0.2215 | Z=9: mean=-0.0268, std=nan, min=-0.0268, max=-0.0268 | Z=15: mean=-0.3852, std=0.4627, min=-0.7124, max=-0.0580 | Z=16: mean=-0.3690, std=nan, min=-0.3690, max=-0.3690 | Z=17: mean=-0.2751, std=0.2561, min=-0.4562, max=-0.0941 | Z=35: mean=0.1243, std=0.2418, min=-0.3896, max=0.3277 | Z=52: mean=-0.3753, std=nan, min=-0.3753, max=-0.3753 | Z=53: mean=-0.0843, std=0.2544, min=-0.3121, max=0.3069 | Z=55: mean=-0.0756, std=0.3590, min=-0.4137, max=0.4056 | Z=82: mean=-0.1109, std=0.3636, min=-0.4800, max=0.4088
2026-08-27 14:39:50.515 INFO:   Top-10 param grad norms:
2026-08-27 14:39:50.515 INFO:     interactions.0.conv_tp_weights.layer0.weight: 0.107627
2026-08-27 14:39:50.516 INFO:     products.0.symmetric_contractions.weight: 0.062600
2026-08-27 14:39:50.516 INFO:     interactions.0.linear.weight: 0.056661
2026-08-27 14:39:50.516 INFO:     interactions.1.linear.weight: 0.052979
2026-08-27 14:39:50.516 INFO:     products.1.symmetric_contractions.weight: 0.046547
2026-08-27 14:39:50.516 INFO:     products.0.linear.weight: 0.039175
2026-08-27 14:39:50.516 INFO:     interactions.0.conv_tp_weights.layer1.weight: 0.038289
2026-08-27 14:39:50.516 INFO:     interactions.0.conv_tp_weights.layer2.weight: 0.026104
2026-08-27 14:39:50.516 INFO:     products.1.linear.weight: 0.024273
2026-08-27 14:39:50.516 INFO:     interactions.0.conv_tp_weights.layer3.weight: 0.017332
2026-08-27 14:39:50.516 INFO:   All parameters have nonzero gradients ✓
2026-08-27 14:39:50.516 INFO:   Total grad norm (before clip): 0.1704
2026-08-27 14:39:50.516 INFO: --- End gradient diagnostics ---
2026-08-27 14:52:48.923 INFO:   Epoch energy decomposition (mean/atom): E_inter=0.4424 eV, E_QEq=-0.442059 eV
2026-08-27 14:53:48.092 INFO: Epoch 196: head: Default, loss=0.00150612, RMSE_E_per_atom=    2.97 meV, RMSE_F=   15.35 meV / A
2026-08-27 14:53:48.244 INFO: --- Gradient diagnostics (epoch 197, batch 0) ---
2026-08-27 14:53:48.245 INFO:   forces: pred_rms=0.1195 eV/Å, ref_rms=0.1188 eV/Å, err_rms=0.0167 eV/Å
2026-08-27 14:53:48.245 INFO:   energy/atom: pred_mean=-2.9652 eV, ref_mean=-2.9626 eV, err_mean=0.0028 eV
2026-08-27 14:53:48.245 INFO:   energy decomposition (mean/atom): E_inter=0.4335 eV, E_QEq=-0.436858 eV
2026-08-27 14:53:48.248 INFO:   QEq charges per element: Z=7: mean=-0.1095, std=nan, min=-0.1095, max=-0.1095 | Z=15: mean=-0.5137, std=nan, min=-0.5137, max=-0.5137 | Z=17: mean=-0.0199, std=nan, min=-0.0199, max=-0.0199 | Z=33: mean=-0.6480, std=0.2583, min=-0.8306, max=-0.4654 | Z=34: mean=-0.3852, std=nan, min=-0.3852, max=-0.3852 | Z=35: mean=0.0617, std=0.2563, min=-0.3125, max=0.3208 | Z=53: mean=0.0571, std=0.2625, min=-0.2874, max=0.3139 | Z=55: mean=-0.0753, std=0.3708, min=-0.4355, max=0.4161 | Z=82: mean=-0.1172, std=0.3534, min=-0.4546, max=0.3498
2026-08-27 14:53:48.249 INFO:   Top-10 param grad norms:
2026-08-27 14:53:48.250 INFO:     interactions.0.conv_tp_weights.layer0.weight: 0.142058
2026-08-27 14:53:48.250 INFO:     products.0.symmetric_contractions.weight: 0.098704
2026-08-27 14:53:48.250 INFO:     interactions.1.linear.weight: 0.078106
2026-08-27 14:53:48.250 INFO:     interactions.0.linear.weight: 0.076694
2026-08-27 14:53:48.250 INFO:     products.1.symmetric_contractions.weight: 0.060558
2026-08-27 14:53:48.250 INFO:     products.0.linear.weight: 0.059168
2026-08-27 14:53:48.250 INFO:     interactions.0.conv_tp_weights.layer1.weight: 0.054196
2026-08-27 14:53:48.250 INFO:     products.1.linear.weight: 0.038227
2026-08-27 14:53:48.250 INFO:     interactions.0.conv_tp_weights.layer2.weight: 0.036734
2026-08-27 14:53:48.250 INFO:     charge_embedding.weight: 0.025740
2026-08-27 14:53:48.250 INFO:   All parameters have nonzero gradients ✓
2026-08-27 14:53:48.251 INFO:   Total grad norm (before clip): 0.2413
2026-08-27 14:53:48.251 INFO: --- End gradient diagnostics ---
2026-08-27 15:06:31.470 INFO:   Epoch energy decomposition (mean/atom): E_inter=0.4426 eV, E_QEq=-0.442247 eV
2026-08-27 15:07:29.016 INFO: Epoch 197: head: Default, loss=0.00150264, RMSE_E_per_atom=    2.96 meV, RMSE_F=   15.33 meV / A
2026-08-27 15:07:29.160 INFO: --- Gradient diagnostics (epoch 198, batch 0) ---
2026-08-27 15:07:29.161 INFO:   forces: pred_rms=0.3393 eV/Å, ref_rms=0.3386 eV/Å, err_rms=0.0186 eV/Å
2026-08-27 15:07:29.161 INFO:   energy/atom: pred_mean=-2.8648 eV, ref_mean=-2.8669 eV, err_mean=0.0024 eV
2026-08-27 15:07:29.162 INFO:   energy decomposition (mean/atom): E_inter=0.4736 eV, E_QEq=-0.448041 eV
2026-08-27 15:07:29.164 INFO:   QEq charges per element: Z=8: mean=-0.2337, std=nan, min=-0.2337, max=-0.2337 | Z=9: mean=0.2488, std=nan, min=0.2488, max=0.2488 | Z=15: mean=-0.3149, std=0.2151, min=-0.4670, max=-0.1628 | Z=16: mean=-0.2600, std=nan, min=-0.2600, max=-0.2600 | Z=33: mean=0.0451, std=nan, min=0.0451, max=0.0451 | Z=35: mean=0.2794, std=0.0532, min=-0.1078, max=0.3736 | Z=53: mean=0.0444, std=0.2637, min=-0.4348, max=0.3401 | Z=55: mean=-0.1452, std=0.3593, min=-0.4325, max=0.4269 | Z=82: mean=-0.2037, std=0.3343, min=-0.5198, max=0.3976
2026-08-27 15:07:29.166 INFO:   Top-10 param grad norms:
2026-08-27 15:07:29.166 INFO:     interactions.0.conv_tp_weights.layer0.weight: 0.165407
2026-08-27 15:07:29.166 INFO:     products.0.symmetric_contractions.weight: 0.118826
2026-08-27 15:07:29.166 INFO:     interactions.1.linear.weight: 0.101202
2026-08-27 15:07:29.166 INFO:     interactions.0.linear.weight: 0.099685
2026-08-27 15:07:29.166 INFO:     products.1.symmetric_contractions.weight: 0.097890
2026-08-27 15:07:29.166 INFO:     products.0.linear.weight: 0.064422
2026-08-27 15:07:29.166 INFO:     interactions.0.conv_tp_weights.layer1.weight: 0.058634
2026-08-27 15:07:29.167 INFO:     products.1.linear.weight: 0.040704
2026-08-27 15:07:29.167 INFO:     interactions.0.conv_tp_weights.layer2.weight: 0.038978
2026-08-27 15:07:29.167 INFO:     interactions.0.conv_tp_weights.layer3.weight: 0.034947
2026-08-27 15:07:29.167 INFO:   All parameters have nonzero gradients ✓
2026-08-27 15:07:29.167 INFO:   Total grad norm (before clip): 0.2921
2026-08-27 15:07:29.167 INFO: --- End gradient diagnostics ---
2026-08-27 15:20:08.855 INFO:   Epoch energy decomposition (mean/atom): E_inter=0.4435 eV, E_QEq=-0.443215 eV
2026-08-27 15:21:08.026 INFO: Epoch 198: head: Default, loss=0.00151720, RMSE_E_per_atom=    2.97 meV, RMSE_F=   15.41 meV / A
2026-08-27 15:21:08.163 INFO: --- Gradient diagnostics (epoch 199, batch 0) ---
2026-08-27 15:21:08.163 INFO:   forces: pred_rms=0.1481 eV/Å, ref_rms=0.1464 eV/Å, err_rms=0.0154 eV/Å
2026-08-27 15:21:08.164 INFO:   energy/atom: pred_mean=-2.9394 eV, ref_mean=-2.9367 eV, err_mean=0.0034 eV
2026-08-27 15:21:08.164 INFO:   energy decomposition (mean/atom): E_inter=0.4486 eV, E_QEq=-0.449568 eV
2026-08-27 15:21:08.166 INFO:   QEq charges per element: Z=7: mean=-0.2053, std=0.0499, min=-0.2406, max=-0.1701 | Z=15: mean=-0.1874, std=0.5556, min=-0.5802, max=0.2055 | Z=33: mean=-0.2757, std=0.2154, min=-0.4281, max=-0.1234 | Z=35: mean=0.2685, std=0.0158, min=0.1109, max=0.2934 | Z=53: mean=0.0097, std=0.2712, min=-0.3443, max=0.3659 | Z=55: mean=-0.1497, std=0.3476, min=-0.4216, max=0.4405 | Z=82: mean=-0.1919, std=0.3322, min=-0.4500, max=0.3538
2026-08-27 15:21:08.167 INFO:   Top-10 param grad norms:
2026-08-27 15:21:08.167 INFO:     products.0.symmetric_contractions.weight: 0.064877
2026-08-27 15:21:08.167 INFO:     interactions.0.conv_tp_weights.layer0.weight: 0.051590
2026-08-27 15:21:08.168 INFO:     interactions.0.linear.weight: 0.051259
2026-08-27 15:21:08.168 INFO:     interactions.1.linear.weight: 0.050196
2026-08-27 15:21:08.168 INFO:     products.1.symmetric_contractions.weight: 0.041594
2026-08-27 15:21:08.168 INFO:     products.0.linear.weight: 0.039388
2026-08-27 15:21:08.168 INFO:     products.1.linear.weight: 0.027865
2026-08-27 15:21:08.168 INFO:     interactions.0.conv_tp_weights.layer1.weight: 0.022954
2026-08-27 15:21:08.168 INFO:     interactions.0.conv_tp_weights.layer3.weight: 0.018764
2026-08-27 15:21:08.168 INFO:     interactions.0.conv_tp_weights.layer2.weight: 0.017002
2026-08-27 15:21:08.168 INFO:   All parameters have nonzero gradients ✓
2026-08-27 15:21:08.168 INFO:   Total grad norm (before clip): 0.1372
2026-08-27 15:21:08.168 INFO: --- End gradient diagnostics ---
2026-08-27 15:33:41.001 INFO:   Epoch energy decomposition (mean/atom): E_inter=0.4439 eV, E_QEq=-0.443541 eV
2026-08-27 15:34:38.707 INFO: Epoch 199: head: Default, loss=0.00151936, RMSE_E_per_atom=    2.97 meV, RMSE_F=   15.42 meV / A
2026-08-27 15:34:38.863 INFO: --- Gradient diagnostics (epoch 200, batch 0) ---
2026-08-27 15:34:38.863 INFO:   forces: pred_rms=0.0794 eV/Å, ref_rms=0.0748 eV/Å, err_rms=0.0140 eV/Å
2026-08-27 15:34:38.863 INFO:   energy/atom: pred_mean=-2.9488 eV, ref_mean=-2.9494 eV, err_mean=0.0028 eV
2026-08-27 15:34:38.864 INFO:   energy decomposition (mean/atom): E_inter=0.3945 eV, E_QEq=-0.404270 eV
2026-08-27 15:34:38.866 INFO:   QEq charges per element: Z=7: mean=-0.4980, std=0.1325, min=-0.5917, max=-0.4043 | Z=8: mean=-0.0647, std=nan, min=-0.0647, max=-0.0647 | Z=9: mean=-0.4577, std=nan, min=-0.4577, max=-0.4577 | Z=33: mean=0.0356, std=0.1208, min=-0.0498, max=0.1210 | Z=34: mean=-0.2088, std=nan, min=-0.2088, max=-0.2088 | Z=35: mean=0.0217, std=0.2641, min=-0.2752, max=0.3220 | Z=53: mean=-0.0774, std=0.2448, min=-0.3135, max=0.2906 | Z=55: mean=0.0904, std=0.3859, min=-0.4028, max=0.4604 | Z=82: mean=0.0151, std=0.3473, min=-0.4465, max=0.3865
2026-08-27 15:34:38.868 INFO:   Top-10 param grad norms:
2026-08-27 15:34:38.868 INFO:     interactions.0.conv_tp_weights.layer0.weight: 0.058923
2026-08-27 15:34:38.868 INFO:     products.0.symmetric_contractions.weight: 0.050343
2026-08-27 15:34:38.868 INFO:     interactions.1.linear.weight: 0.041269
2026-08-27 15:34:38.868 INFO:     interactions.0.linear.weight: 0.037857
2026-08-27 15:34:38.868 INFO:     products.1.symmetric_contractions.weight: 0.037222
2026-08-27 15:34:38.868 INFO:     products.0.linear.weight: 0.027878
2026-08-27 15:34:38.868 INFO:     interactions.0.conv_tp_weights.layer1.weight: 0.019886
2026-08-27 15:34:38.868 INFO:     products.1.linear.weight: 0.016403
2026-08-27 15:34:38.868 INFO:     charge_embedding.weight: 0.015171
2026-08-27 15:34:38.869 INFO:     interactions.0.conv_tp_weights.layer2.weight: 0.012637
2026-08-27 15:34:38.869 INFO:   All parameters have nonzero gradients ✓
2026-08-27 15:34:38.869 INFO:   Total grad norm (before clip): 0.1143
2026-08-27 15:34:38.869 INFO: --- End gradient diagnostics ---
2026-08-27 15:46:54.061 INFO:   Epoch energy decomposition (mean/atom): E_inter=0.4435 eV, E_QEq=-0.443205 eV
2026-08-27 15:47:48.027 INFO: Epoch 200: head: Default, loss=0.00150798, RMSE_E_per_atom=    2.96 meV, RMSE_F=   15.36 meV / A
2026-08-27 15:47:48.175 INFO: --- Gradient diagnostics (epoch 201, batch 0) ---
2026-08-27 15:47:48.176 INFO:   forces: pred_rms=0.1917 eV/Å, ref_rms=0.1914 eV/Å, err_rms=0.0173 eV/Å
2026-08-27 15:47:48.176 INFO:   energy/atom: pred_mean=-3.0416 eV, ref_mean=-3.0419 eV, err_mean=0.0027 eV
2026-08-27 15:47:48.176 INFO:   energy decomposition (mean/atom): E_inter=0.4553 eV, E_QEq=-0.459290 eV
2026-08-27 15:47:48.179 INFO:   QEq charges per element: Z=7: mean=-0.6024, std=nan, min=-0.6024, max=-0.6024 | Z=16: mean=-0.3946, std=nan, min=-0.3946, max=-0.3946 | Z=33: mean=0.0407, std=0.2360, min=-0.1262, max=0.2076 | Z=35: mean=0.0483, std=0.2667, min=-0.3954, max=0.3770 | Z=52: mean=-0.2397, std=0.0768, min=-0.2940, max=-0.1854 | Z=53: mean=0.1006, std=0.2534, min=-0.3667, max=0.3137 | Z=55: mean=-0.0659, std=0.3695, min=-0.3934, max=0.4520 | Z=82: mean=-0.1264, std=0.3561, min=-0.4988, max=0.3845
2026-08-27 15:47:48.180 INFO:   Top-10 param grad norms:
2026-08-27 15:47:48.180 INFO:     interactions.1.linear.weight: 0.067923
2026-08-27 15:47:48.181 INFO:     products.0.symmetric_contractions.weight: 0.063654
2026-08-27 15:47:48.181 INFO:     products.1.symmetric_contractions.weight: 0.052015
2026-08-27 15:47:48.181 INFO:     interactions.0.linear.weight: 0.042957
2026-08-27 15:47:48.181 INFO:     products.0.linear.weight: 0.034455
2026-08-27 15:47:48.181 INFO:     products.1.linear.weight: 0.028934
2026-08-27 15:47:48.181 INFO:     interactions.0.conv_tp_weights.layer0.weight: 0.015907
2026-08-27 15:47:48.181 INFO:     charge_embedding.weight: 0.015470
2026-08-27 15:47:48.181 INFO:     interactions.0.conv_tp_weights.layer3.weight: 0.010580
2026-08-27 15:47:48.181 INFO:     interactions.0.linear_up.weight: 0.009311
2026-08-27 15:47:48.181 INFO:   All parameters have nonzero gradients ✓
2026-08-27 15:47:48.181 INFO:   Total grad norm (before clip): 0.1286
2026-08-27 15:47:48.181 INFO: --- End gradient diagnostics ---
2026-08-27 15:59:23.510 INFO:   Epoch energy decomposition (mean/atom): E_inter=0.4445 eV, E_QEq=-0.444220 eV
2026-08-27 16:00:14.779 INFO: Epoch 201: head: Default, loss=0.00151277, RMSE_E_per_atom=    2.97 meV, RMSE_F=   15.39 meV / A
2026-08-27 16:00:14.911 INFO: --- Gradient diagnostics (epoch 202, batch 0) ---
2026-08-27 16:00:14.912 INFO:   forces: pred_rms=0.5515 eV/Å, ref_rms=0.5528 eV/Å, err_rms=0.0279 eV/Å
2026-08-27 16:00:14.912 INFO:   energy/atom: pred_mean=-2.9456 eV, ref_mean=-2.9430 eV, err_mean=0.0034 eV
2026-08-27 16:00:14.912 INFO:   energy decomposition (mean/atom): E_inter=0.5304 eV, E_QEq=-0.467057 eV
2026-08-27 16:00:14.914 INFO:   QEq charges per element: Z=7: mean=-0.0208, std=0.2524, min=-0.1992, max=0.1577 | Z=16: mean=-0.0349, std=nan, min=-0.0349, max=-0.0349 | Z=17: mean=-0.1160, std=0.0233, min=-0.1325, max=-0.0995 | Z=35: mean=0.0939, std=0.2496, min=-0.3799, max=0.3373 | Z=53: mean=0.2783, std=0.0297, min=-0.0384, max=0.3308 | Z=55: mean=-0.2228, std=0.3178, min=-0.4530, max=0.4857 | Z=82: mean=-0.2623, std=0.2824, min=-0.5191, max=0.4671
2026-08-27 16:00:14.916 INFO:   Top-10 param grad norms:
2026-08-27 16:00:14.916 INFO:     products.0.symmetric_contractions.weight: 0.569477
2026-08-27 16:00:14.916 INFO:     interactions.0.conv_tp_weights.layer0.weight: 0.553554
2026-08-27 16:00:14.916 INFO:     interactions.0.linear.weight: 0.371812
2026-08-27 16:00:14.916 INFO:     interactions.0.conv_tp_weights.layer1.weight: 0.235164
2026-08-27 16:00:14.916 INFO:     products.0.linear.weight: 0.216843
2026-08-27 16:00:14.917 INFO:     interactions.1.linear.weight: 0.202369
2026-08-27 16:00:14.917 INFO:     interactions.0.conv_tp_weights.layer2.weight: 0.191528
2026-08-27 16:00:14.917 INFO:     charge_embedding.weight: 0.166568
2026-08-27 16:00:14.917 INFO:     interactions.0.conv_tp_weights.layer3.weight: 0.155736
2026-08-27 16:00:14.917 INFO:     products.1.symmetric_contractions.weight: 0.127372
2026-08-27 16:00:14.917 INFO:   All parameters have nonzero gradients ✓
2026-08-27 16:00:14.917 INFO:   Total grad norm (before clip): 1.0243
2026-08-27 16:00:14.917 INFO: --- End gradient diagnostics ---
2026-08-27 16:12:16.201 INFO:   Epoch energy decomposition (mean/atom): E_inter=0.4450 eV, E_QEq=-0.444651 eV
2026-08-27 16:13:12.876 INFO: Epoch 202: head: Default, loss=0.00149289, RMSE_E_per_atom=    2.96 meV, RMSE_F=   15.28 meV / A
2026-08-27 16:13:13.049 INFO: --- Gradient diagnostics (epoch 203, batch 0) ---
2026-08-27 16:13:13.050 INFO:   forces: pred_rms=0.1238 eV/Å, ref_rms=0.1215 eV/Å, err_rms=0.0163 eV/Å
2026-08-27 16:13:13.050 INFO:   energy/atom: pred_mean=-2.9676 eV, ref_mean=-2.9666 eV, err_mean=0.0024 eV
2026-08-27 16:13:13.050 INFO:   energy decomposition (mean/atom): E_inter=0.4147 eV, E_QEq=-0.407413 eV
2026-08-27 16:13:13.053 INFO:   QEq charges per element: Z=7: mean=-0.5403, std=0.2675, min=-0.7450, max=-0.2376 | Z=8: mean=-0.6813, std=nan, min=-0.6813, max=-0.6813 | Z=15: mean=-0.0902, std=nan, min=-0.0902, max=-0.0902 | Z=17: mean=-0.1786, std=nan, min=-0.1786, max=-0.1786 | Z=33: mean=-0.3220, std=nan, min=-0.3220, max=-0.3220 | Z=35: mean=-0.0377, std=0.2603, min=-0.2719, max=0.3374 | Z=52: mean=-0.1123, std=nan, min=-0.1123, max=-0.1123 | Z=53: mean=-0.1504, std=0.2139, min=-0.3051, max=0.3160 | Z=55: mean=0.1551, std=0.3453, min=-0.3961, max=0.4495 | Z=82: mean=0.0992, std=0.3297, min=-0.4625, max=0.3964
2026-08-27 16:13:13.054 INFO:   Top-10 param grad norms:
2026-08-27 16:13:13.055 INFO:     interactions.0.conv_tp_weights.layer0.weight: 0.101764
2026-08-27 16:13:13.055 INFO:     products.0.symmetric_contractions.weight: 0.084804
2026-08-27 16:13:13.055 INFO:     interactions.1.linear.weight: 0.066611
2026-08-27 16:13:13.055 INFO:     interactions.0.linear.weight: 0.061152
2026-08-27 16:13:13.055 INFO:     products.1.symmetric_contractions.weight: 0.060959
2026-08-27 16:13:13.055 INFO:     products.0.linear.weight: 0.039803
2026-08-27 16:13:13.055 INFO:     interactions.0.conv_tp_weights.layer1.weight: 0.037700
2026-08-27 16:13:13.055 INFO:     interactions.0.conv_tp_weights.layer2.weight: 0.026043
2026-08-27 16:13:13.055 INFO:     products.1.linear.weight: 0.024479
2026-08-27 16:13:13.055 INFO:     interactions.0.conv_tp_weights.layer3.weight: 0.020916
2026-08-27 16:13:13.055 INFO:   All parameters have nonzero gradients ✓
2026-08-27 16:13:13.055 INFO:   Total grad norm (before clip): 0.1873
2026-08-27 16:13:13.055 INFO: --- End gradient diagnostics ---
2026-08-27 16:25:02.667 INFO:   Epoch energy decomposition (mean/atom): E_inter=0.4452 eV, E_QEq=-0.444919 eV
2026-08-27 16:25:54.924 INFO: Epoch 203: head: Default, loss=0.00150945, RMSE_E_per_atom=    2.95 meV, RMSE_F=   15.37 meV / A
2026-08-27 16:25:55.057 INFO: --- Gradient diagnostics (epoch 204, batch 0) ---
2026-08-27 16:25:55.057 INFO:   forces: pred_rms=0.0504 eV/Å, ref_rms=0.0467 eV/Å, err_rms=0.0118 eV/Å
2026-08-27 16:25:55.058 INFO:   energy/atom: pred_mean=-2.9228 eV, ref_mean=-2.9228 eV, err_mean=0.0020 eV
2026-08-27 16:25:55.058 INFO:   energy decomposition (mean/atom): E_inter=0.4086 eV, E_QEq=-0.425043 eV
2026-08-27 16:25:55.061 INFO:   QEq charges per element: Z=7: mean=-0.1002, std=0.2495, min=-0.2766, max=0.0762 | Z=8: mean=-0.1522, std=0.0847, min=-0.2121, max=-0.0923 | Z=9: mean=0.0687, std=0.4679, min=-0.2621, max=0.3996 | Z=15: mean=0.0248, std=nan, min=0.0248, max=0.0248 | Z=33: mean=0.1583, std=nan, min=0.1583, max=0.1583 | Z=34: mean=-0.0397, std=nan, min=-0.0397, max=-0.0397 | Z=35: mean=-0.2534, std=0.0218, min=-0.3136, max=-0.0879 | Z=53: mean=0.1228, std=0.2414, min=-0.2973, max=0.3263 | Z=55: mean=-0.0036, std=0.3886, min=-0.4167, max=0.4260 | Z=82: mean=-0.0466, std=0.3598, min=-0.4443, max=0.3784
2026-08-27 16:25:55.062 INFO:   Top-10 param grad norms:
2026-08-27 16:25:55.062 INFO:     products.0.symmetric_contractions.weight: 0.046159
2026-08-27 16:25:55.062 INFO:     interactions.0.conv_tp_weights.layer0.weight: 0.040047
2026-08-27 16:25:55.062 INFO:     interactions.0.linear.weight: 0.039954
2026-08-27 16:25:55.062 INFO:     interactions.1.linear.weight: 0.035579
2026-08-27 16:25:55.062 INFO:     products.0.linear.weight: 0.032540
2026-08-27 16:25:55.062 INFO:     products.1.symmetric_contractions.weight: 0.028391
2026-08-27 16:25:55.062 INFO:     products.1.linear.weight: 0.020263
2026-08-27 16:25:55.063 INFO:     interactions.0.conv_tp_weights.layer1.weight: 0.013973
2026-08-27 16:25:55.063 INFO:     charge_embedding.weight: 0.011533
2026-08-27 16:25:55.063 INFO:     chi_readouts.0.linear.weight: 0.010657
2026-08-27 16:25:55.063 INFO:   All parameters have nonzero gradients ✓
2026-08-27 16:25:55.063 INFO:   Total grad norm (before clip): 0.0994
2026-08-27 16:25:55.063 INFO: --- End gradient diagnostics ---
2026-08-27 16:38:35.446 INFO:   Epoch energy decomposition (mean/atom): E_inter=0.4455 eV, E_QEq=-0.445212 eV
2026-08-27 16:39:33.848 INFO: Epoch 204: head: Default, loss=0.00148598, RMSE_E_per_atom=    2.96 meV, RMSE_F=   15.25 meV / A
2026-08-27 16:39:34.028 INFO: --- Gradient diagnostics (epoch 205, batch 0) ---
2026-08-27 16:39:34.028 INFO:   forces: pred_rms=0.2712 eV/Å, ref_rms=0.2702 eV/Å, err_rms=0.0181 eV/Å
2026-08-27 16:39:34.028 INFO:   energy/atom: pred_mean=-2.9076 eV, ref_mean=-2.9093 eV, err_mean=0.0028 eV
2026-08-27 16:39:34.029 INFO:   energy decomposition (mean/atom): E_inter=0.4517 eV, E_QEq=-0.431778 eV
2026-08-27 16:39:34.031 INFO:   QEq charges per element: Z=7: mean=-0.0322, std=nan, min=-0.0322, max=-0.0322 | Z=16: mean=-0.1193, std=0.2079, min=-0.2663, max=0.0277 | Z=17: mean=-0.5081, std=nan, min=-0.5081, max=-0.5081 | Z=33: mean=-0.2890, std=nan, min=-0.2890, max=-0.2890 | Z=34: mean=-0.5450, std=nan, min=-0.5450, max=-0.5450 | Z=35: mean=-0.2562, std=0.0375, min=-0.4379, max=0.0172 | Z=52: mean=-0.0760, std=0.0971, min=-0.1447, max=-0.0073 | Z=53: mean=0.1910, std=0.1962, min=-0.2980, max=0.3187 | Z=55: mean=0.0093, std=0.3895, min=-0.4219, max=0.4609 | Z=82: mean=-0.0542, std=0.3579, min=-0.4365, max=0.4128
2026-08-27 16:39:34.033 INFO:   Top-10 param grad norms:
2026-08-27 16:39:34.033 INFO:     products.0.symmetric_contractions.weight: 0.338314
2026-08-27 16:39:34.033 INFO:     interactions.0.linear.weight: 0.194558
2026-08-27 16:39:34.033 INFO:     interactions.1.linear.weight: 0.183897
2026-08-27 16:39:34.033 INFO:     products.0.linear.weight: 0.128271
2026-08-27 16:39:34.033 INFO:     interactions.0.conv_tp_weights.layer0.weight: 0.119619
2026-08-27 16:39:34.033 INFO:     products.1.symmetric_contractions.weight: 0.107573
2026-08-27 16:39:34.033 INFO:     charge_embedding.weight: 0.075599
2026-08-27 16:39:34.034 INFO:     interactions.0.conv_tp_weights.layer1.weight: 0.066431
2026-08-27 16:39:34.034 INFO:     interactions.0.conv_tp_weights.layer2.weight: 0.056346
2026-08-27 16:39:34.034 INFO:     interactions.0.linear_up.weight: 0.051298
2026-08-27 16:39:34.034 INFO:   All parameters have nonzero gradients ✓
2026-08-27 16:39:34.034 INFO:   Total grad norm (before clip): 0.5037
2026-08-27 16:39:34.034 INFO: --- End gradient diagnostics ---
2026-08-27 16:52:10.159 INFO:   Epoch energy decomposition (mean/atom): E_inter=0.4460 eV, E_QEq=-0.445637 eV
2026-08-27 16:53:08.558 INFO: Epoch 205: head: Default, loss=0.00147702, RMSE_E_per_atom=    2.94 meV, RMSE_F=   15.20 meV / A
2026-08-27 16:53:08.751 INFO: --- Gradient diagnostics (epoch 206, batch 0) ---
2026-08-27 16:53:08.751 INFO:   forces: pred_rms=0.1055 eV/Å, ref_rms=0.1066 eV/Å, err_rms=0.0156 eV/Å
2026-08-27 16:53:08.752 INFO:   energy/atom: pred_mean=-2.9896 eV, ref_mean=-2.9882 eV, err_mean=0.0019 eV
2026-08-27 16:53:08.752 INFO:   energy decomposition (mean/atom): E_inter=0.4271 eV, E_QEq=-0.443962 eV
2026-08-27 16:53:08.755 INFO:   QEq charges per element: Z=7: mean=-0.3370, std=0.2615, min=-0.5219, max=-0.1521 | Z=9: mean=0.1687, std=0.1166, min=0.0345, max=0.2451 | Z=17: mean=-0.1803, std=0.1482, min=-0.2851, max=-0.0755 | Z=34: mean=-0.5208, std=nan, min=-0.5208, max=-0.5208 | Z=35: mean=0.0660, std=0.2540, min=-0.2899, max=0.3100 | Z=52: mean=-0.0077, std=nan, min=-0.0077, max=-0.0077 | Z=53: mean=0.0710, std=0.2610, min=-0.3197, max=0.3392 | Z=55: mean=-0.0669, std=0.3841, min=-0.4384, max=0.4571 | Z=82: mean=-0.1265, std=0.3427, min=-0.4789, max=0.3247
2026-08-27 16:53:08.756 INFO:   Top-10 param grad norms:
2026-08-27 16:53:08.756 INFO:     interactions.0.conv_tp_weights.layer0.weight: 0.222707
2026-08-27 16:53:08.756 INFO:     products.0.symmetric_contractions.weight: 0.127746
2026-08-27 16:53:08.756 INFO:     interactions.1.linear.weight: 0.099248
2026-08-27 16:53:08.756 INFO:     products.1.symmetric_contractions.weight: 0.090207
2026-08-27 16:53:08.756 INFO:     interactions.0.linear.weight: 0.082881
2026-08-27 16:53:08.757 INFO:     interactions.0.conv_tp_weights.layer1.weight: 0.071847
2026-08-27 16:53:08.757 INFO:     products.0.linear.weight: 0.056620
2026-08-27 16:53:08.757 INFO:     interactions.0.conv_tp_weights.layer2.weight: 0.041869
2026-08-27 16:53:08.757 INFO:     products.1.linear.weight: 0.032567
2026-08-27 16:53:08.757 INFO:     interactions.0.conv_tp_weights.layer3.weight: 0.026761
2026-08-27 16:53:08.757 INFO:   All parameters have nonzero gradients ✓
2026-08-27 16:53:08.757 INFO:   Total grad norm (before clip): 0.3242
2026-08-27 16:53:08.757 INFO: --- End gradient diagnostics ---
2026-08-27 17:06:10.212 INFO:   Epoch energy decomposition (mean/atom): E_inter=0.4461 eV, E_QEq=-0.445777 eV
2026-08-27 17:07:07.446 INFO: Epoch 206: head: Default, loss=0.00149272, RMSE_E_per_atom=    2.94 meV, RMSE_F=   15.28 meV / A
2026-08-27 17:07:07.591 INFO: --- Gradient diagnostics (epoch 207, batch 0) ---
2026-08-27 17:07:07.592 INFO:   forces: pred_rms=0.1931 eV/Å, ref_rms=0.1925 eV/Å, err_rms=0.0169 eV/Å
2026-08-27 17:07:07.592 INFO:   energy/atom: pred_mean=-3.0347 eV, ref_mean=-3.0348 eV, err_mean=0.0019 eV
2026-08-27 17:07:07.592 INFO:   energy decomposition (mean/atom): E_inter=0.4403 eV, E_QEq=-0.433869 eV
2026-08-27 17:07:07.595 INFO:   QEq charges per element: Z=8: mean=0.0144, std=nan, min=0.0144, max=0.0144 | Z=9: mean=-0.3071, std=nan, min=-0.3071, max=-0.3071 | Z=15: mean=0.1631, std=nan, min=0.1631, max=0.1631 | Z=17: mean=-0.0560, std=nan, min=-0.0560, max=-0.0560 | Z=33: mean=-0.2811, std=0.4914, min=-0.6285, max=0.0664 | Z=34: mean=0.0192, std=nan, min=0.0192, max=0.0192 | Z=35: mean=0.0460, std=0.2635, min=-0.3730, max=0.3042 | Z=53: mean=-0.0761, std=0.2463, min=-0.3429, max=0.2889 | Z=55: mean=0.0194, std=0.3831, min=-0.4062, max=0.4555 | Z=82: mean=-0.0566, std=0.3496, min=-0.4319, max=0.3944
2026-08-27 17:07:07.596 INFO:   Top-10 param grad norms:
2026-08-27 17:07:07.596 INFO:     products.0.symmetric_contractions.weight: 0.097364
2026-08-27 17:07:07.597 INFO:     interactions.1.linear.weight: 0.079471
2026-08-27 17:07:07.597 INFO:     interactions.0.linear.weight: 0.068018
2026-08-27 17:07:07.597 INFO:     products.1.symmetric_contractions.weight: 0.063559
2026-08-27 17:07:07.597 INFO:     products.0.linear.weight: 0.048250
2026-08-27 17:07:07.597 INFO:     products.1.linear.weight: 0.039445
2026-08-27 17:07:07.597 INFO:     charge_embedding.weight: 0.028532
2026-08-27 17:07:07.597 INFO:     interactions.0.conv_tp_weights.layer0.weight: 0.024766
2026-08-27 17:07:07.597 INFO:     interactions.0.linear_up.weight: 0.018292
2026-08-27 17:07:07.597 INFO:     interactions.1.linear_up.weight: 0.016701
2026-08-27 17:07:07.597 INFO:   All parameters have nonzero gradients ✓
2026-08-27 17:07:07.597 INFO:   Total grad norm (before clip): 0.1779
2026-08-27 17:07:07.597 INFO: --- End gradient diagnostics ---
2026-08-27 17:20:06.624 INFO:   Epoch energy decomposition (mean/atom): E_inter=0.4470 eV, E_QEq=-0.446632 eV
2026-08-27 17:21:03.919 INFO: Epoch 207: head: Default, loss=0.00151454, RMSE_E_per_atom=    2.94 meV, RMSE_F=   15.40 meV / A
2026-08-27 17:21:04.067 INFO: --- Gradient diagnostics (epoch 208, batch 0) ---
2026-08-27 17:21:04.068 INFO:   forces: pred_rms=0.0631 eV/Å, ref_rms=0.0611 eV/Å, err_rms=0.0111 eV/Å
2026-08-27 17:21:04.068 INFO:   energy/atom: pred_mean=-3.0006 eV, ref_mean=-3.0017 eV, err_mean=0.0020 eV
2026-08-27 17:21:04.069 INFO:   energy decomposition (mean/atom): E_inter=0.4570 eV, E_QEq=-0.485396 eV
2026-08-27 17:21:04.071 INFO:   QEq charges per element: Z=7: mean=0.0757, std=nan, min=0.0757, max=0.0757 | Z=15: mean=-0.2149, std=0.2639, min=-0.4368, max=0.0770 | Z=16: mean=-0.1981, std=nan, min=-0.1981, max=-0.1981 | Z=17: mean=-0.0074, std=0.2368, min=-0.1748, max=0.1600 | Z=35: mean=0.1690, std=0.2194, min=-0.3068, max=0.3532 | Z=53: mean=0.1700, std=0.2119, min=-0.2586, max=0.3139 | Z=55: mean=-0.2164, std=0.3013, min=-0.4185, max=0.4170 | Z=82: mean=-0.2581, std=0.2864, min=-0.4684, max=0.3685
2026-08-27 17:21:04.073 INFO:   Top-10 param grad norms:
2026-08-27 17:21:04.073 INFO:     interactions.0.conv_tp_weights.layer0.weight: 0.062947
2026-08-27 17:21:04.073 INFO:     products.0.symmetric_contractions.weight: 0.045089
2026-08-27 17:21:04.073 INFO:     interactions.1.linear.weight: 0.038541
2026-08-27 17:21:04.073 INFO:     interactions.0.linear.weight: 0.038514
2026-08-27 17:21:04.073 INFO:     products.0.linear.weight: 0.027958
2026-08-27 17:21:04.073 INFO:     products.1.symmetric_contractions.weight: 0.027404
2026-08-27 17:21:04.073 INFO:     interactions.0.conv_tp_weights.layer1.weight: 0.021764
2026-08-27 17:21:04.073 INFO:     products.1.linear.weight: 0.020085
2026-08-27 17:21:04.073 INFO:     interactions.0.conv_tp_weights.layer2.weight: 0.014797
2026-08-27 17:21:04.074 INFO:     charge_embedding.weight: 0.013864
2026-08-27 17:21:04.074 INFO:   All parameters have nonzero gradients ✓
2026-08-27 17:21:04.074 INFO:   Total grad norm (before clip): 0.1113
2026-08-27 17:21:04.074 INFO: --- End gradient diagnostics ---
2026-08-27 17:33:58.524 INFO:   Epoch energy decomposition (mean/atom): E_inter=0.4468 eV, E_QEq=-0.446515 eV
2026-08-27 17:34:57.364 INFO: Epoch 208: head: Default, loss=0.00146142, RMSE_E_per_atom=    2.94 meV, RMSE_F=   15.12 meV / A
2026-08-27 17:34:57.553 INFO: --- Gradient diagnostics (epoch 209, batch 0) ---
2026-08-27 17:34:57.554 INFO:   forces: pred_rms=0.1373 eV/Å, ref_rms=0.1364 eV/Å, err_rms=0.0164 eV/Å
2026-08-27 17:34:57.554 INFO:   energy/atom: pred_mean=-2.9299 eV, ref_mean=-2.9322 eV, err_mean=0.0031 eV
2026-08-27 17:34:57.554 INFO:   energy decomposition (mean/atom): E_inter=0.4904 eV, E_QEq=-0.519311 eV
2026-08-27 17:34:57.558 INFO:   QEq charges per element: Z=7: mean=-0.3245, std=0.0676, min=-0.3723, max=-0.2767 | Z=15: mean=-0.4689, std=nan, min=-0.4689, max=-0.4689 | Z=33: mean=-0.3500, std=0.2394, min=-0.5175, max=-0.0758 | Z=35: mean=0.2825, std=0.0211, min=0.1774, max=0.3182 | Z=53: mean=0.2790, std=0.0306, min=0.1120, max=0.3304 | Z=55: mean=-0.3698, std=0.0196, min=-0.4467, max=-0.3312 | Z=82: mean=-0.3961, std=0.0277, min=-0.4667, max=-0.2450
2026-08-27 17:34:57.559 INFO:   Top-10 param grad norms:
2026-08-27 17:34:57.559 INFO:     interactions.0.conv_tp_weights.layer0.weight: 0.125156
2026-08-27 17:34:57.559 INFO:     interactions.1.linear.weight: 0.102342
2026-08-27 17:34:57.559 INFO:     products.0.symmetric_contractions.weight: 0.086848
2026-08-27 17:34:57.559 INFO:     interactions.0.linear.weight: 0.078043
2026-08-27 17:34:57.560 INFO:     products.1.symmetric_contractions.weight: 0.069577
2026-08-27 17:34:57.560 INFO:     products.0.linear.weight: 0.065279
2026-08-27 17:34:57.560 INFO:     products.1.linear.weight: 0.045084
2026-08-27 17:34:57.560 INFO:     interactions.0.conv_tp_weights.layer1.weight: 0.039640
2026-08-27 17:34:57.560 INFO:     chi_readouts.0.linear.weight: 0.026294
2026-08-27 17:34:57.560 INFO:     charge_embedding.weight: 0.025342
2026-08-27 17:34:57.560 INFO:   All parameters have nonzero gradients ✓
2026-08-27 17:34:57.560 INFO:   Total grad norm (before clip): 0.2400
2026-08-27 17:34:57.560 INFO: --- End gradient diagnostics ---
2026-08-27 17:47:39.549 INFO:   Epoch energy decomposition (mean/atom): E_inter=0.4475 eV, E_QEq=-0.447192 eV
2026-08-27 17:48:38.753 INFO: Epoch 209: head: Default, loss=0.00148110, RMSE_E_per_atom=    2.94 meV, RMSE_F=   15.22 meV / A
2026-08-27 17:48:38.904 INFO: --- Gradient diagnostics (epoch 210, batch 0) ---
2026-08-27 17:48:38.904 INFO:   forces: pred_rms=0.2762 eV/Å, ref_rms=0.2754 eV/Å, err_rms=0.0191 eV/Å
2026-08-27 17:48:38.905 INFO:   energy/atom: pred_mean=-3.1001 eV, ref_mean=-3.1011 eV, err_mean=0.0021 eV
2026-08-27 17:48:38.905 INFO:   energy decomposition (mean/atom): E_inter=0.4922 eV, E_QEq=-0.473261 eV
2026-08-27 17:48:38.908 INFO:   QEq charges per element: Z=7: mean=-0.0256, std=nan, min=-0.0256, max=-0.0256 | Z=9: mean=0.4278, std=nan, min=0.4278, max=0.4278 | Z=16: mean=-0.1297, std=0.4408, min=-0.3900, max=0.3792 | Z=33: mean=0.1460, std=nan, min=0.1460, max=0.1460 | Z=34: mean=0.2531, std=nan, min=0.2531, max=0.2531 | Z=35: mean=0.0941, std=0.2507, min=-0.3270, max=0.3768 | Z=52: mean=-0.3240, std=0.2486, min=-0.4998, max=-0.1482 | Z=53: mean=0.2821, std=0.0077, min=0.2584, max=0.2944 | Z=55: mean=-0.1589, std=0.3264, min=-0.4187, max=0.3737 | Z=82: mean=-0.1849, std=0.3419, min=-0.4789, max=0.3745
2026-08-27 17:48:38.909 INFO:   Top-10 param grad norms:
2026-08-27 17:48:38.909 INFO:     products.0.symmetric_contractions.weight: 0.120149
2026-08-27 17:48:38.909 INFO:     interactions.0.linear.weight: 0.099476
2026-08-27 17:48:38.909 INFO:     interactions.1.linear.weight: 0.092162
2026-08-27 17:48:38.910 INFO:     interactions.0.conv_tp_weights.layer0.weight: 0.075307
2026-08-27 17:48:38.910 INFO:     products.0.linear.weight: 0.071087
2026-08-27 17:48:38.910 INFO:     products.1.symmetric_contractions.weight: 0.063530
2026-08-27 17:48:38.910 INFO:     products.1.linear.weight: 0.049046
2026-08-27 17:48:38.910 INFO:     interactions.0.conv_tp_weights.layer1.weight: 0.037936
2026-08-27 17:48:38.910 INFO:     interactions.0.conv_tp_weights.layer3.weight: 0.033200
2026-08-27 17:48:38.910 INFO:     charge_embedding.weight: 0.031322
2026-08-27 17:48:38.910 INFO:   All parameters have nonzero gradients ✓
2026-08-27 17:48:38.910 INFO:   Total grad norm (before clip): 0.2407
2026-08-27 17:48:38.910 INFO: --- End gradient diagnostics ---
2026-08-27 18:01:29.471 INFO:   Epoch energy decomposition (mean/atom): E_inter=0.4484 eV, E_QEq=-0.448072 eV
2026-08-27 18:02:29.060 INFO: Epoch 210: head: Default, loss=0.00146926, RMSE_E_per_atom=    2.93 meV, RMSE_F=   15.16 meV / A
2026-08-27 18:02:29.218 INFO: --- Gradient diagnostics (epoch 211, batch 0) ---
2026-08-27 18:02:29.218 INFO:   forces: pred_rms=0.1249 eV/Å, ref_rms=0.1230 eV/Å, err_rms=0.0155 eV/Å
2026-08-27 18:02:29.219 INFO:   energy/atom: pred_mean=-2.9820 eV, ref_mean=-2.9810 eV, err_mean=0.0014 eV
2026-08-27 18:02:29.219 INFO:   energy decomposition (mean/atom): E_inter=0.4592 eV, E_QEq=-0.470510 eV
2026-08-27 18:02:29.221 INFO:   QEq charges per element: Z=7: mean=0.0579, std=0.1376, min=-0.0666, max=0.2056 | Z=16: mean=-0.1625, std=0.0942, min=-0.2291, max=-0.0959 | Z=33: mean=-0.5322, std=nan, min=-0.5322, max=-0.5322 | Z=35: mean=0.0663, std=0.2623, min=-0.2891, max=0.3178 | Z=53: mean=0.1661, std=0.2140, min=-0.2697, max=0.3513 | Z=55: mean=-0.1490, std=0.3438, min=-0.4360, max=0.4214 | Z=82: mean=-0.1815, std=0.3265, min=-0.4502, max=0.3454
2026-08-27 18:02:29.222 INFO:   Top-10 param grad norms:
2026-08-27 18:02:29.223 INFO:     interactions.0.conv_tp_weights.layer0.weight: 0.079248
2026-08-27 18:02:29.223 INFO:     products.0.symmetric_contractions.weight: 0.060834
2026-08-27 18:02:29.223 INFO:     interactions.0.linear.weight: 0.056783
2026-08-27 18:02:29.223 INFO:     interactions.1.linear.weight: 0.055711
2026-08-27 18:02:29.223 INFO:     products.1.symmetric_contractions.weight: 0.040034
2026-08-27 18:02:29.223 INFO:     products.0.linear.weight: 0.039580
2026-08-27 18:02:29.223 INFO:     interactions.0.conv_tp_weights.layer1.weight: 0.029801
2026-08-27 18:02:29.223 INFO:     products.1.linear.weight: 0.023728
2026-08-27 18:02:29.223 INFO:     interactions.0.conv_tp_weights.layer2.weight: 0.020591
2026-08-27 18:02:29.223 INFO:     charge_embedding.weight: 0.019794
2026-08-27 18:02:29.223 INFO:   All parameters have nonzero gradients ✓
2026-08-27 18:02:29.223 INFO:   Total grad norm (before clip): 0.1509
2026-08-27 18:02:29.223 INFO: --- End gradient diagnostics ---
2026-08-27 18:15:03.587 INFO:   Epoch energy decomposition (mean/atom): E_inter=0.4483 eV, E_QEq=-0.447974 eV
2026-08-27 18:15:59.681 INFO: Epoch 211: head: Default, loss=0.00145769, RMSE_E_per_atom=    2.95 meV, RMSE_F=   15.10 meV / A
2026-08-27 18:15:59.882 INFO: --- Gradient diagnostics (epoch 212, batch 0) ---
2026-08-27 18:15:59.882 INFO:   forces: pred_rms=0.1647 eV/Å, ref_rms=0.1639 eV/Å, err_rms=0.0161 eV/Å
2026-08-27 18:15:59.882 INFO:   energy/atom: pred_mean=-2.9330 eV, ref_mean=-2.9306 eV, err_mean=0.0031 eV
2026-08-27 18:15:59.883 INFO:   energy decomposition (mean/atom): E_inter=0.4374 eV, E_QEq=-0.436535 eV
2026-08-27 18:15:59.885 INFO:   QEq charges per element: Z=9: mean=-0.3250, std=0.1005, min=-0.3961, max=-0.2540 | Z=15: mean=-0.7065, std=nan, min=-0.7065, max=-0.7065 | Z=17: mean=0.2198, std=nan, min=0.2198, max=0.2198 | Z=33: mean=0.1412, std=0.0355, min=0.1160, max=0.1663 | Z=35: mean=0.1368, std=0.2244, min=-0.2858, max=0.3011 | Z=53: mean=0.0155, std=0.2680, min=-0.2957, max=0.3653 | Z=55: mean=-0.0743, std=0.3776, min=-0.4355, max=0.4423 | Z=82: mean=-0.1196, std=0.3469, min=-0.4400, max=0.3343
2026-08-27 18:15:59.886 INFO:   Top-10 param grad norms:
2026-08-27 18:15:59.886 INFO:     products.0.symmetric_contractions.weight: 0.062640
2026-08-27 18:15:59.886 INFO:     interactions.1.linear.weight: 0.060386
2026-08-27 18:15:59.887 INFO:     interactions.0.linear.weight: 0.048769
2026-08-27 18:15:59.887 INFO:     products.1.symmetric_contractions.weight: 0.048399
2026-08-27 18:15:59.887 INFO:     products.0.linear.weight: 0.045183
2026-08-27 18:15:59.887 INFO:     products.1.linear.weight: 0.029724
2026-08-27 18:15:59.887 INFO:     interactions.0.conv_tp_weights.layer0.weight: 0.028883
2026-08-27 18:15:59.887 INFO:     chi_readouts.1.linear_2.weight: 0.017924
2026-08-27 18:15:59.887 INFO:     charge_embedding.weight: 0.017825
2026-08-27 18:15:59.887 INFO:     chi_readouts.0.linear.weight: 0.016109
2026-08-27 18:15:59.887 INFO:   All parameters have nonzero gradients ✓
2026-08-27 18:15:59.887 INFO:   Total grad norm (before clip): 0.1362
2026-08-27 18:15:59.887 INFO: --- End gradient diagnostics ---
2026-08-27 18:28:38.330 INFO:   Epoch energy decomposition (mean/atom): E_inter=0.4487 eV, E_QEq=-0.448372 eV
2026-08-27 18:29:33.893 INFO: Epoch 212: head: Default, loss=0.00148327, RMSE_E_per_atom=    2.92 meV, RMSE_F=   15.24 meV / A
2026-08-27 18:29:34.032 INFO: --- Gradient diagnostics (epoch 213, batch 0) ---
2026-08-27 18:29:34.032 INFO:   forces: pred_rms=0.0895 eV/Å, ref_rms=0.0865 eV/Å, err_rms=0.0133 eV/Å
2026-08-27 18:29:34.033 INFO:   energy/atom: pred_mean=-2.9855 eV, ref_mean=-2.9841 eV, err_mean=0.0018 eV
2026-08-27 18:29:34.033 INFO:   energy decomposition (mean/atom): E_inter=0.4499 eV, E_QEq=-0.462169 eV
2026-08-27 18:29:34.037 INFO:   QEq charges per element: Z=7: mean=-0.1105, std=nan, min=-0.1105, max=-0.1105 | Z=9: mean=0.4005, std=nan, min=0.4005, max=0.4005 | Z=15: mean=-0.4892, std=0.3239, min=-0.7183, max=-0.2602 | Z=16: mean=-0.3586, std=nan, min=-0.3586, max=-0.3586 | Z=17: mean=-0.2195, std=nan, min=-0.2195, max=-0.2195 | Z=33: mean=-0.1171, std=0.1109, min=-0.1955, max=-0.0386 | Z=35: mean=0.1679, std=0.2170, min=-0.3137, max=0.3021 | Z=52: mean=-0.0630, std=0.4021, min=-0.3473, max=0.2213 | Z=53: mean=0.0597, std=0.2587, min=-0.3186, max=0.3217 | Z=55: mean=-0.1481, std=0.3488, min=-0.4179, max=0.4154 | Z=82: mean=-0.1940, std=0.3363, min=-0.5115, max=0.3545
2026-08-27 18:29:34.038 INFO:   Top-10 param grad norms:
2026-08-27 18:29:34.039 INFO:     products.0.symmetric_contractions.weight: 0.058585
2026-08-27 18:29:34.039 INFO:     interactions.0.linear.weight: 0.052320
2026-08-27 18:29:34.039 INFO:     interactions.1.linear.weight: 0.048444
2026-08-27 18:29:34.039 INFO:     products.1.symmetric_contractions.weight: 0.045063
2026-08-27 18:29:34.039 INFO:     products.0.linear.weight: 0.031701
2026-08-27 18:29:34.039 INFO:     interactions.0.conv_tp_weights.layer0.weight: 0.030402
2026-08-27 18:29:34.039 INFO:     products.1.linear.weight: 0.026626
2026-08-27 18:29:34.039 INFO:     charge_embedding.weight: 0.014629
2026-08-27 18:29:34.039 INFO:     interactions.0.conv_tp_weights.layer3.weight: 0.014237
2026-08-27 18:29:34.039 INFO:     interactions.0.conv_tp_weights.layer1.weight: 0.012771
2026-08-27 18:29:34.039 INFO:   All parameters have nonzero gradients ✓
2026-08-27 18:29:34.039 INFO:   Total grad norm (before clip): 0.1207
2026-08-27 18:29:34.039 INFO: --- End gradient diagnostics ---
2026-08-27 18:42:26.383 INFO:   Epoch energy decomposition (mean/atom): E_inter=0.4492 eV, E_QEq=-0.448874 eV
2026-08-27 18:43:23.642 INFO: Epoch 213: head: Default, loss=0.00146650, RMSE_E_per_atom=    2.92 meV, RMSE_F=   15.15 meV / A
2026-08-27 18:43:23.774 INFO: --- Gradient diagnostics (epoch 214, batch 0) ---
2026-08-27 18:43:23.775 INFO:   forces: pred_rms=0.2459 eV/Å, ref_rms=0.2489 eV/Å, err_rms=0.0216 eV/Å
2026-08-27 18:43:23.776 INFO:   energy/atom: pred_mean=-2.8497 eV, ref_mean=-2.8475 eV, err_mean=0.0025 eV
2026-08-27 18:43:23.776 INFO:   energy decomposition (mean/atom): E_inter=0.4526 eV, E_QEq=-0.441842 eV
2026-08-27 18:43:23.779 INFO:   QEq charges per element: Z=7: mean=-0.5086, std=0.1148, min=-0.5897, max=-0.4274 | Z=8: mean=-0.0558, std=nan, min=-0.0558, max=-0.0558 | Z=15: mean=-0.5503, std=nan, min=-0.5503, max=-0.5503 | Z=33: mean=-0.3154, std=0.0379, min=-0.3422, max=-0.2886 | Z=34: mean=-0.1765, std=nan, min=-0.1765, max=-0.1765 | Z=35: mean=0.2786, std=0.0508, min=-0.1302, max=0.3483 | Z=52: mean=-0.3924, std=nan, min=-0.3924, max=-0.3924 | Z=53: mean=0.0122, std=0.2661, min=-0.3672, max=0.3642 | Z=55: mean=-0.0543, std=0.3765, min=-0.4181, max=0.4516 | Z=82: mean=-0.1174, std=0.3443, min=-0.4618, max=0.3840
2026-08-27 18:43:23.780 INFO:   Top-10 param grad norms:
2026-08-27 18:43:23.780 INFO:     interactions.0.conv_tp_weights.layer0.weight: 0.225529
2026-08-27 18:43:23.780 INFO:     products.0.symmetric_contractions.weight: 0.132719
2026-08-27 18:43:23.780 INFO:     interactions.0.linear.weight: 0.111851
2026-08-27 18:43:23.780 INFO:     interactions.1.linear.weight: 0.107283
2026-08-27 18:43:23.780 INFO:     products.1.symmetric_contractions.weight: 0.088541
2026-08-27 18:43:23.781 INFO:     interactions.0.conv_tp_weights.layer1.weight: 0.081542
2026-08-27 18:43:23.781 INFO:     products.0.linear.weight: 0.073889
2026-08-27 18:43:23.781 INFO:     interactions.0.conv_tp_weights.layer2.weight: 0.053210
2026-08-27 18:43:23.781 INFO:     products.1.linear.weight: 0.047888
2026-08-27 18:43:23.781 INFO:     interactions.0.conv_tp_weights.layer3.weight: 0.036683
2026-08-27 18:43:23.781 INFO:   All parameters have nonzero gradients ✓
2026-08-27 18:43:23.781 INFO:   Total grad norm (before clip): 0.3483
2026-08-27 18:43:23.781 INFO: --- End gradient diagnostics ---
2026-08-27 18:55:16.427 INFO:   Epoch energy decomposition (mean/atom): E_inter=0.4495 eV, E_QEq=-0.449189 eV
2026-08-27 18:56:11.386 INFO: Epoch 214: head: Default, loss=0.00150947, RMSE_E_per_atom=    2.92 meV, RMSE_F=   15.37 meV / A
2026-08-27 18:56:11.539 INFO: --- Gradient diagnostics (epoch 215, batch 0) ---
2026-08-27 18:56:11.540 INFO:   forces: pred_rms=0.1439 eV/Å, ref_rms=0.1423 eV/Å, err_rms=0.0140 eV/Å
2026-08-27 18:56:11.540 INFO:   energy/atom: pred_mean=-2.8724 eV, ref_mean=-2.8713 eV, err_mean=0.0017 eV
2026-08-27 18:56:11.540 INFO:   energy decomposition (mean/atom): E_inter=0.4131 eV, E_QEq=-0.391960 eV
2026-08-27 18:56:11.542 INFO:   QEq charges per element: Z=7: mean=-0.3738, std=nan, min=-0.3738, max=-0.3738 | Z=9: mean=-0.1706, std=nan, min=-0.1706, max=-0.1706 | Z=16: mean=-0.1102, std=nan, min=-0.1102, max=-0.1102 | Z=17: mean=-0.2338, std=nan, min=-0.2338, max=-0.2338 | Z=33: mean=-0.0189, std=0.0715, min=-0.1036, max=0.0807 | Z=35: mean=-0.0791, std=0.2540, min=-0.3207, max=0.3480 | Z=53: mean=-0.1031, std=0.2382, min=-0.3337, max=0.2827 | Z=55: mean=0.1540, std=0.3555, min=-0.4079, max=0.4520 | Z=82: mean=0.0967, std=0.3278, min=-0.4373, max=0.3810
2026-08-27 18:56:11.544 INFO:   Top-10 param grad norms:
2026-08-27 18:56:11.544 INFO:     interactions.0.conv_tp_weights.layer0.weight: 0.191600
2026-08-27 18:56:11.544 INFO:     products.0.symmetric_contractions.weight: 0.087926
2026-08-27 18:56:11.544 INFO:     interactions.0.linear.weight: 0.072210
2026-08-27 18:56:11.544 INFO:     interactions.1.linear.weight: 0.071835
2026-08-27 18:56:11.544 INFO:     products.1.symmetric_contractions.weight: 0.070244
2026-08-27 18:56:11.544 INFO:     interactions.0.conv_tp_weights.layer1.weight: 0.063439
2026-08-27 18:56:11.544 INFO:     products.0.linear.weight: 0.044034
2026-08-27 18:56:11.544 INFO:     interactions.0.conv_tp_weights.layer2.weight: 0.039333
2026-08-27 18:56:11.544 INFO:     products.1.linear.weight: 0.027782
2026-08-27 18:56:11.545 INFO:     interactions.0.conv_tp_weights.layer3.weight: 0.026981
2026-08-27 18:56:11.545 INFO:   All parameters have nonzero gradients ✓
2026-08-27 18:56:11.545 INFO:   Total grad norm (before clip): 0.2642
2026-08-27 18:56:11.545 INFO: --- End gradient diagnostics ---
2026-08-27 19:08:52.025 INFO:   Epoch energy decomposition (mean/atom): E_inter=0.4492 eV, E_QEq=-0.448858 eV
2026-08-27 19:09:49.417 INFO: Epoch 215: head: Default, loss=0.00147154, RMSE_E_per_atom=    2.93 meV, RMSE_F=   15.17 meV / A
2026-08-27 19:09:49.566 INFO: --- Gradient diagnostics (epoch 216, batch 0) ---
2026-08-27 19:09:49.566 INFO:   forces: pred_rms=0.0988 eV/Å, ref_rms=0.0972 eV/Å, err_rms=0.0136 eV/Å
2026-08-27 19:09:49.566 INFO:   energy/atom: pred_mean=-2.9607 eV, ref_mean=-2.9579 eV, err_mean=0.0028 eV
2026-08-27 19:09:49.567 INFO:   energy decomposition (mean/atom): E_inter=0.4319 eV, E_QEq=-0.430741 eV
2026-08-27 19:09:49.569 INFO:   QEq charges per element: Z=7: mean=0.0189, std=nan, min=0.0189, max=0.0189 | Z=8: mean=0.1321, std=nan, min=0.1321, max=0.1321 | Z=33: mean=-0.4843, std=nan, min=-0.4843, max=-0.4843 | Z=35: mean=0.0628, std=0.2600, min=-0.2920, max=0.3114 | Z=52: mean=-0.3373, std=0.2896, min=-0.5421, max=-0.1325 | Z=53: mean=-0.0476, std=0.2578, min=-0.2987, max=0.3221 | Z=55: mean=-0.0017, std=0.3777, min=-0.4534, max=0.4646 | Z=82: mean=-0.0472, std=0.3542, min=-0.4498, max=0.3481
2026-08-27 19:09:49.570 INFO:   Top-10 param grad norms:
2026-08-27 19:09:49.570 INFO:     interactions.0.conv_tp_weights.layer0.weight: 0.086703
2026-08-27 19:09:49.571 INFO:     interactions.0.linear.weight: 0.062845
2026-08-27 19:09:49.571 INFO:     products.0.symmetric_contractions.weight: 0.057927
2026-08-27 19:09:49.571 INFO:     interactions.1.linear.weight: 0.046861
2026-08-27 19:09:49.571 INFO:     products.0.linear.weight: 0.045324
2026-08-27 19:09:49.571 INFO:     interactions.0.conv_tp_weights.layer1.weight: 0.035809
2026-08-27 19:09:49.571 INFO:     products.1.symmetric_contractions.weight: 0.032966
2026-08-27 19:09:49.571 INFO:     products.1.linear.weight: 0.032792
2026-08-27 19:09:49.571 INFO:     interactions.0.conv_tp_weights.layer3.weight: 0.027918
2026-08-27 19:09:49.571 INFO:     interactions.0.conv_tp_weights.layer2.weight: 0.026292
2026-08-27 19:09:49.571 INFO:   All parameters have nonzero gradients ✓
2026-08-27 19:09:49.571 INFO:   Total grad norm (before clip): 0.1622
2026-08-27 19:09:49.571 INFO: --- End gradient diagnostics ---
2026-08-27 19:22:24.593 INFO:   Epoch energy decomposition (mean/atom): E_inter=0.4503 eV, E_QEq=-0.450013 eV
2026-08-27 19:23:23.231 INFO: Epoch 216: head: Default, loss=0.00145702, RMSE_E_per_atom=    2.95 meV, RMSE_F=   15.10 meV / A
2026-08-27 19:23:23.425 INFO: --- Gradient diagnostics (epoch 217, batch 0) ---
2026-08-27 19:23:23.425 INFO:   forces: pred_rms=0.1185 eV/Å, ref_rms=0.1163 eV/Å, err_rms=0.0132 eV/Å
2026-08-27 19:23:23.426 INFO:   energy/atom: pred_mean=-3.1255 eV, ref_mean=-3.1249 eV, err_mean=0.0028 eV
2026-08-27 19:23:23.426 INFO:   energy decomposition (mean/atom): E_inter=0.4402 eV, E_QEq=-0.443279 eV
2026-08-27 19:23:23.429 INFO:   QEq charges per element: Z=7: mean=-0.4443, std=0.0251, min=-0.4620, max=-0.4266 | Z=9: mean=0.0073, std=0.6642, min=-0.4623, max=0.4770 | Z=16: mean=-0.3700, std=nan, min=-0.3700, max=-0.3700 | Z=17: mean=0.3231, std=nan, min=0.3231, max=0.3231 | Z=33: mean=-0.3069, std=0.3506, min=-0.5548, max=-0.0590 | Z=35: mean=0.0387, std=0.2597, min=-0.3227, max=0.3132 | Z=52: mean=-0.2877, std=nan, min=-0.2877, max=-0.2877 | Z=53: mean=-0.2500, std=0.0119, min=-0.2883, max=-0.2222 | Z=55: mean=0.0092, std=0.3854, min=-0.4554, max=0.4571 | Z=82: mean=-0.0531, std=0.3614, min=-0.4505, max=0.3635
2026-08-27 19:23:23.430 INFO:   Top-10 param grad norms:
2026-08-27 19:23:23.430 INFO:     products.0.symmetric_contractions.weight: 0.090686
2026-08-27 19:23:23.430 INFO:     interactions.0.linear.weight: 0.069332
2026-08-27 19:23:23.430 INFO:     interactions.1.linear.weight: 0.060789
2026-08-27 19:23:23.431 INFO:     interactions.0.conv_tp_weights.layer0.weight: 0.056284
2026-08-27 19:23:23.431 INFO:     products.1.symmetric_contractions.weight: 0.049454
2026-08-27 19:23:23.431 INFO:     products.0.linear.weight: 0.049053
2026-08-27 19:23:23.431 INFO:     products.1.linear.weight: 0.031588
2026-08-27 19:23:23.431 INFO:     charge_embedding.weight: 0.024699
2026-08-27 19:23:23.431 INFO:     interactions.0.conv_tp_weights.layer1.weight: 0.021653
2026-08-27 19:23:23.431 INFO:     interactions.0.conv_tp_weights.layer3.weight: 0.020324
2026-08-27 19:23:23.431 INFO:   All parameters have nonzero gradients ✓
2026-08-27 19:23:23.431 INFO:   Total grad norm (before clip): 0.1694
2026-08-27 19:23:23.431 INFO: --- End gradient diagnostics ---
2026-08-27 19:36:06.222 INFO:   Epoch energy decomposition (mean/atom): E_inter=0.4501 eV, E_QEq=-0.449770 eV
2026-08-27 19:37:03.492 INFO: Epoch 217: head: Default, loss=0.00145854, RMSE_E_per_atom=    2.92 meV, RMSE_F=   15.11 meV / A
2026-08-27 19:37:03.649 INFO: --- Gradient diagnostics (epoch 218, batch 0) ---
2026-08-27 19:37:03.650 INFO:   forces: pred_rms=0.0637 eV/Å, ref_rms=0.0616 eV/Å, err_rms=0.0112 eV/Å
2026-08-27 19:37:03.650 INFO:   energy/atom: pred_mean=-3.0641 eV, ref_mean=-3.0636 eV, err_mean=0.0015 eV
2026-08-27 19:37:03.650 INFO:   energy decomposition (mean/atom): E_inter=0.4311 eV, E_QEq=-0.451198 eV
2026-08-27 19:37:03.652 INFO:   QEq charges per element: Z=8: mean=-0.3209, std=nan, min=-0.3209, max=-0.3209 | Z=15: mean=-0.1705, std=0.3066, min=-0.4756, max=0.1393 | Z=17: mean=0.0333, std=0.3923, min=-0.4163, max=0.3059 | Z=34: mean=-0.2135, std=nan, min=-0.2135, max=-0.2135 | Z=35: mean=0.0462, std=0.2575, min=-0.3376, max=0.3186 | Z=53: mean=0.1035, std=0.2482, min=-0.2661, max=0.3112 | Z=55: mean=-0.0654, std=0.3769, min=-0.4144, max=0.4310 | Z=82: mean=-0.1250, std=0.3456, min=-0.4421, max=0.3572
2026-08-27 19:37:03.654 INFO:   Top-10 param grad norms:
2026-08-27 19:37:03.654 INFO:     products.0.symmetric_contractions.weight: 0.045191
2026-08-27 19:37:03.654 INFO:     interactions.1.linear.weight: 0.039353
2026-08-27 19:37:03.654 INFO:     interactions.0.linear.weight: 0.033179
2026-08-27 19:37:03.654 INFO:     products.1.symmetric_contractions.weight: 0.028282
2026-08-27 19:37:03.654 INFO:     products.0.linear.weight: 0.024067
2026-08-27 19:37:03.654 INFO:     products.1.linear.weight: 0.018249
2026-08-27 19:37:03.654 INFO:     charge_embedding.weight: 0.010219
2026-08-27 19:37:03.654 INFO:     chi_readouts.1.linear_2.weight: 0.007266
2026-08-27 19:37:03.654 INFO:     interactions.0.conv_tp_weights.layer3.weight: 0.006925
2026-08-27 19:37:03.655 INFO:     interactions.0.conv_tp_weights.layer0.weight: 0.006621
2026-08-27 19:37:03.655 INFO:   All parameters have nonzero gradients ✓
2026-08-27 19:37:03.655 INFO:   Total grad norm (before clip): 0.0832
2026-08-27 19:37:03.655 INFO: --- End gradient diagnostics ---
2026-08-27 19:49:41.285 INFO:   Epoch energy decomposition (mean/atom): E_inter=0.4507 eV, E_QEq=-0.450325 eV
2026-08-27 19:50:34.056 INFO: Epoch 218: head: Default, loss=0.00145974, RMSE_E_per_atom=    2.94 meV, RMSE_F=   15.11 meV / A
2026-08-27 19:50:34.195 INFO: --- Gradient diagnostics (epoch 219, batch 0) ---
2026-08-27 19:50:34.196 INFO:   forces: pred_rms=0.1613 eV/Å, ref_rms=0.1577 eV/Å, err_rms=0.0173 eV/Å
2026-08-27 19:50:34.196 INFO:   energy/atom: pred_mean=-2.9105 eV, ref_mean=-2.9113 eV, err_mean=0.0020 eV
2026-08-27 19:50:34.196 INFO:   energy decomposition (mean/atom): E_inter=0.4177 eV, E_QEq=-0.403294 eV
2026-08-27 19:50:34.199 INFO:   QEq charges per element: Z=7: mean=-0.1832, std=0.1340, min=-0.2780, max=-0.0885 | Z=15: mean=-0.1269, std=nan, min=-0.1269, max=-0.1269 | Z=33: mean=-0.4854, std=nan, min=-0.4854, max=-0.4854 | Z=34: mean=-0.3176, std=nan, min=-0.3176, max=-0.3176 | Z=35: mean=-0.1135, std=0.2325, min=-0.2960, max=0.3083 | Z=52: mean=-0.3371, std=0.1974, min=-0.4767, max=-0.1975 | Z=53: mean=-0.0783, std=0.2505, min=-0.3469, max=0.3772 | Z=55: mean=0.1605, std=0.3471, min=-0.4169, max=0.4573 | Z=82: mean=0.0944, std=0.3297, min=-0.4817, max=0.3656
2026-08-27 19:50:34.201 INFO:   Top-10 param grad norms:
2026-08-27 19:50:34.201 INFO:     products.1.symmetric_contractions.weight: 0.099753
2026-08-27 19:50:34.201 INFO:     products.0.symmetric_contractions.weight: 0.091188
2026-08-27 19:50:34.201 INFO:     interactions.1.linear.weight: 0.088256
2026-08-27 19:50:34.201 INFO:     interactions.0.linear.weight: 0.064702
2026-08-27 19:50:34.201 INFO:     products.0.linear.weight: 0.054146
2026-08-27 19:50:34.201 INFO:     products.1.linear.weight: 0.033816
2026-08-27 19:50:34.201 INFO:     interactions.0.conv_tp_weights.layer0.weight: 0.020557
2026-08-27 19:50:34.201 INFO:     charge_embedding.weight: 0.017249
2026-08-27 19:50:34.201 INFO:     chi_readouts.1.linear_2.weight: 0.014316
2026-08-27 19:50:34.201 INFO:     interactions.0.conv_tp_weights.layer3.weight: 0.012872
2026-08-27 19:50:34.201 INFO:   All parameters have nonzero gradients ✓
2026-08-27 19:50:34.202 INFO:   Total grad norm (before clip): 0.1905
2026-08-27 19:50:34.202 INFO: --- End gradient diagnostics ---
2026-08-27 20:03:20.789 INFO:   Epoch energy decomposition (mean/atom): E_inter=0.4510 eV, E_QEq=-0.450649 eV
2026-08-27 20:04:18.915 INFO: Epoch 219: head: Default, loss=0.00148029, RMSE_E_per_atom=    2.91 meV, RMSE_F=   15.22 meV / A
2026-08-27 20:04:19.068 INFO: --- Gradient diagnostics (epoch 220, batch 0) ---
2026-08-27 20:04:19.069 INFO:   forces: pred_rms=0.0983 eV/Å, ref_rms=0.0984 eV/Å, err_rms=0.0127 eV/Å
2026-08-27 20:04:19.069 INFO:   energy/atom: pred_mean=-3.0610 eV, ref_mean=-3.0597 eV, err_mean=0.0019 eV
2026-08-27 20:04:19.069 INFO:   energy decomposition (mean/atom): E_inter=0.4346 eV, E_QEq=-0.448115 eV
2026-08-27 20:04:19.072 INFO:   QEq charges per element: Z=7: mean=-0.2181, std=0.3488, min=-0.6085, max=0.0629 | Z=8: mean=-0.1063, std=nan, min=-0.1063, max=-0.1063 | Z=15: mean=-0.4013, std=nan, min=-0.4013, max=-0.4013 | Z=16: mean=-0.3188, std=nan, min=-0.3188, max=-0.3188 | Z=17: mean=0.1972, std=nan, min=0.1972, max=0.1972 | Z=34: mean=-0.2556, std=0.2154, min=-0.4079, max=-0.1033 | Z=35: mean=-0.0227, std=0.2633, min=-0.2964, max=0.3429 | Z=52: mean=-0.5343, std=nan, min=-0.5343, max=-0.5343 | Z=53: mean=0.1049, std=0.2513, min=-0.3026, max=0.3341 | Z=55: mean=0.0042, std=0.3770, min=-0.4125, max=0.4326 | Z=82: mean=-0.0489, std=0.3601, min=-0.4618, max=0.3549
2026-08-27 20:04:19.074 INFO:   Top-10 param grad norms:
2026-08-27 20:04:19.074 INFO:     products.0.symmetric_contractions.weight: 0.065977
2026-08-27 20:04:19.074 INFO:     interactions.0.conv_tp_weights.layer0.weight: 0.062613
2026-08-27 20:04:19.074 INFO:     interactions.0.linear.weight: 0.049046
2026-08-27 20:04:19.074 INFO:     products.1.symmetric_contractions.weight: 0.048187
2026-08-27 20:04:19.074 INFO:     interactions.1.linear.weight: 0.045269
2026-08-27 20:04:19.074 INFO:     products.0.linear.weight: 0.034810
2026-08-27 20:04:19.075 INFO:     interactions.0.conv_tp_weights.layer1.weight: 0.026612
2026-08-27 20:04:19.075 INFO:     products.1.linear.weight: 0.024285
2026-08-27 20:04:19.075 INFO:     interactions.0.conv_tp_weights.layer2.weight: 0.018965
2026-08-27 20:04:19.075 INFO:     charge_embedding.weight: 0.017228
2026-08-27 20:04:19.075 INFO:   All parameters have nonzero gradients ✓
2026-08-27 20:04:19.075 INFO:   Total grad norm (before clip): 0.1384
2026-08-27 20:04:19.075 INFO: --- End gradient diagnostics ---
2026-08-27 20:16:42.020 INFO:   Epoch energy decomposition (mean/atom): E_inter=0.4514 eV, E_QEq=-0.451055 eV
2026-08-27 20:17:39.571 INFO: Epoch 220: head: Default, loss=0.00145282, RMSE_E_per_atom=    2.92 meV, RMSE_F=   15.08 meV / A
2026-08-27 20:17:39.765 INFO: --- Gradient diagnostics (epoch 221, batch 0) ---
2026-08-27 20:17:39.766 INFO:   forces: pred_rms=0.1652 eV/Å, ref_rms=0.1652 eV/Å, err_rms=0.0159 eV/Å
2026-08-27 20:17:39.766 INFO:   energy/atom: pred_mean=-2.9697 eV, ref_mean=-2.9683 eV, err_mean=0.0024 eV
2026-08-27 20:17:39.766 INFO:   energy decomposition (mean/atom): E_inter=0.4376 eV, E_QEq=-0.436087 eV
2026-08-27 20:17:39.769 INFO:   QEq charges per element: Z=7: mean=-0.2874, std=nan, min=-0.2874, max=-0.2874 | Z=15: mean=-0.5859, std=nan, min=-0.5859, max=-0.5859 | Z=16: mean=-0.3963, std=0.1078, min=-0.4725, max=-0.3200 | Z=33: mean=0.1323, std=0.0505, min=0.0966, max=0.1679 | Z=35: mean=0.0563, std=0.2502, min=-0.2911, max=0.2875 | Z=53: mean=0.0683, std=0.2601, min=-0.3493, max=0.3241 | Z=55: mean=-0.0726, std=0.3767, min=-0.4168, max=0.4465 | Z=82: mean=-0.1194, std=0.3443, min=-0.4538, max=0.3675
2026-08-27 20:17:39.770 INFO:   Top-10 param grad norms:
2026-08-27 20:17:39.770 INFO:     interactions.0.conv_tp_weights.layer0.weight: 0.087353
2026-08-27 20:17:39.770 INFO:     products.0.symmetric_contractions.weight: 0.054911
2026-08-27 20:17:39.770 INFO:     interactions.1.linear.weight: 0.052456
2026-08-27 20:17:39.770 INFO:     interactions.0.linear.weight: 0.048590
2026-08-27 20:17:39.770 INFO:     products.1.symmetric_contractions.weight: 0.041685
2026-08-27 20:17:39.770 INFO:     products.0.linear.weight: 0.035990
2026-08-27 20:17:39.771 INFO:     interactions.0.conv_tp_weights.layer1.weight: 0.033012
2026-08-27 20:17:39.771 INFO:     products.1.linear.weight: 0.026595
2026-08-27 20:17:39.771 INFO:     interactions.0.conv_tp_weights.layer2.weight: 0.022666
2026-08-27 20:17:39.771 INFO:     interactions.0.conv_tp_weights.layer3.weight: 0.016039
2026-08-27 20:17:39.771 INFO:   All parameters have nonzero gradients ✓
2026-08-27 20:17:39.771 INFO:   Total grad norm (before clip): 0.1488
2026-08-27 20:17:39.771 INFO: --- End gradient diagnostics ---
2026-08-27 20:29:57.021 INFO:   Epoch energy decomposition (mean/atom): E_inter=0.4517 eV, E_QEq=-0.451375 eV
2026-08-27 20:30:54.757 INFO: Epoch 221: head: Default, loss=0.00147092, RMSE_E_per_atom=    2.90 meV, RMSE_F=   15.17 meV / A
2026-08-27 20:30:54.908 INFO: --- Gradient diagnostics (epoch 222, batch 0) ---
2026-08-27 20:30:54.908 INFO:   forces: pred_rms=0.1082 eV/Å, ref_rms=0.1055 eV/Å, err_rms=0.0144 eV/Å
2026-08-27 20:30:54.909 INFO:   energy/atom: pred_mean=-3.0353 eV, ref_mean=-3.0334 eV, err_mean=0.0033 eV
2026-08-27 20:30:54.909 INFO:   energy decomposition (mean/atom): E_inter=0.4252 eV, E_QEq=-0.425052 eV
2026-08-27 20:30:54.911 INFO:   QEq charges per element: Z=8: mean=-0.6210, std=0.3475, min=-0.8350, max=-0.2200 | Z=9: mean=-0.2899, std=nan, min=-0.2899, max=-0.2899 | Z=15: mean=-0.4468, std=nan, min=-0.4468, max=-0.4468 | Z=17: mean=-0.2745, std=nan, min=-0.2745, max=-0.2745 | Z=34: mean=-0.4139, std=0.0642, min=-0.4593, max=-0.3685 | Z=35: mean=-0.0270, std=0.2586, min=-0.3416, max=0.3156 | Z=53: mean=-0.0782, std=0.2483, min=-0.3536, max=0.3373 | Z=55: mean=0.0740, std=0.3732, min=-0.4566, max=0.4438 | Z=82: mean=0.0347, std=0.3571, min=-0.4492, max=0.4066
2026-08-27 20:30:54.913 INFO:   Top-10 param grad norms:
2026-08-27 20:30:54.913 INFO:     products.0.symmetric_contractions.weight: 0.088932
2026-08-27 20:30:54.913 INFO:     interactions.0.linear.weight: 0.069892
2026-08-27 20:30:54.913 INFO:     products.1.symmetric_contractions.weight: 0.069215
2026-08-27 20:30:54.913 INFO:     interactions.0.conv_tp_weights.layer0.weight: 0.067673
2026-08-27 20:30:54.913 INFO:     interactions.1.linear.weight: 0.066778
2026-08-27 20:30:54.913 INFO:     products.0.linear.weight: 0.053811
2026-08-27 20:30:54.913 INFO:     products.1.linear.weight: 0.039112
2026-08-27 20:30:54.914 INFO:     interactions.0.conv_tp_weights.layer1.weight: 0.027548
2026-08-27 20:30:54.914 INFO:     charge_embedding.weight: 0.022715
2026-08-27 20:30:54.914 INFO:     interactions.0.conv_tp_weights.layer3.weight: 0.022352
2026-08-27 20:30:54.914 INFO:   All parameters have nonzero gradients ✓
2026-08-27 20:30:54.914 INFO:   Total grad norm (before clip): 0.1872
2026-08-27 20:30:54.914 INFO: --- End gradient diagnostics ---
2026-08-27 20:43:21.783 INFO:   Epoch energy decomposition (mean/atom): E_inter=0.4520 eV, E_QEq=-0.451697 eV
2026-08-27 20:44:21.937 INFO: Epoch 222: head: Default, loss=0.00145867, RMSE_E_per_atom=    2.91 meV, RMSE_F=   15.11 meV / A
2026-08-27 20:44:22.087 INFO: --- Gradient diagnostics (epoch 223, batch 0) ---
2026-08-27 20:44:22.088 INFO:   forces: pred_rms=0.2130 eV/Å, ref_rms=0.2153 eV/Å, err_rms=0.0205 eV/Å
2026-08-27 20:44:22.088 INFO:   energy/atom: pred_mean=-2.9502 eV, ref_mean=-2.9495 eV, err_mean=0.0030 eV
2026-08-27 20:44:22.088 INFO:   energy decomposition (mean/atom): E_inter=0.4361 eV, E_QEq=-0.419606 eV
2026-08-27 20:44:22.092 INFO:   QEq charges per element: Z=7: mean=-0.5007, std=0.3042, min=-0.7158, max=-0.2856 | Z=9: mean=0.2333, std=0.2717, min=0.0412, max=0.4255 | Z=33: mean=0.0771, std=nan, min=0.0771, max=0.0771 | Z=34: mean=-0.3399, std=0.4442, min=-0.6540, max=-0.0257 | Z=35: mean=-0.0436, std=0.2580, min=-0.3428, max=0.3293 | Z=52: mean=-0.2421, std=0.2526, min=-0.4206, max=-0.0635 | Z=53: mean=-0.0443, std=0.2581, min=-0.3315, max=0.3418 | Z=55: mean=0.0838, std=0.3801, min=-0.4322, max=0.4772 | Z=82: mean=0.0219, std=0.3525, min=-0.4792, max=0.3716
2026-08-27 20:44:22.093 INFO:   Top-10 param grad norms:
2026-08-27 20:44:22.093 INFO:     products.0.symmetric_contractions.weight: 0.082585
2026-08-27 20:44:22.093 INFO:     interactions.1.linear.weight: 0.082399
2026-08-27 20:44:22.094 INFO:     products.1.symmetric_contractions.weight: 0.079038
2026-08-27 20:44:22.094 INFO:     interactions.0.linear.weight: 0.060983
2026-08-27 20:44:22.094 INFO:     products.0.linear.weight: 0.055092
2026-08-27 20:44:22.094 INFO:     products.1.linear.weight: 0.033048
2026-08-27 20:44:22.094 INFO:     interactions.0.conv_tp_weights.layer0.weight: 0.026706
2026-08-27 20:44:22.094 INFO:     charge_embedding.weight: 0.017638
2026-08-27 20:44:22.094 INFO:     chi_readouts.0.linear.weight: 0.013041
2026-08-27 20:44:22.094 INFO:     chi_readouts.1.linear_2.weight: 0.012281
2026-08-27 20:44:22.094 INFO:   All parameters have nonzero gradients ✓
2026-08-27 20:44:22.094 INFO:   Total grad norm (before clip): 0.1741
2026-08-27 20:44:22.094 INFO: --- End gradient diagnostics ---
2026-08-27 20:56:58.800 INFO:   Epoch energy decomposition (mean/atom): E_inter=0.4524 eV, E_QEq=-0.452112 eV
2026-08-27 20:57:53.575 INFO: Epoch 223: head: Default, loss=0.00144094, RMSE_E_per_atom=    2.90 meV, RMSE_F=   15.02 meV / A
2026-08-27 20:57:53.770 INFO: --- Gradient diagnostics (epoch 224, batch 0) ---
2026-08-27 20:57:53.770 INFO:   forces: pred_rms=0.2528 eV/Å, ref_rms=0.2537 eV/Å, err_rms=0.0183 eV/Å
2026-08-27 20:57:53.771 INFO:   energy/atom: pred_mean=-2.9882 eV, ref_mean=-2.9876 eV, err_mean=0.0021 eV
2026-08-27 20:57:53.771 INFO:   energy decomposition (mean/atom): E_inter=0.4926 eV, E_QEq=-0.470642 eV
2026-08-27 20:57:53.773 INFO:   QEq charges per element: Z=7: mean=-0.2633, std=0.3161, min=-0.7271, max=-0.0458 | Z=9: mean=-0.0303, std=nan, min=-0.0303, max=-0.0303 | Z=16: mean=-0.2981, std=0.0308, min=-0.3198, max=-0.2763 | Z=33: mean=-0.4476, std=nan, min=-0.4476, max=-0.4476 | Z=35: mean=0.1898, std=0.1979, min=-0.2540, max=0.3439 | Z=52: mean=-0.2288, std=nan, min=-0.2288, max=-0.2288 | Z=53: mean=0.0040, std=0.2654, min=-0.2990, max=0.3334 | Z=55: mean=-0.1510, std=0.3413, min=-0.4336, max=0.4403 | Z=82: mean=-0.1858, std=0.3378, min=-0.4875, max=0.3597
2026-08-27 20:57:53.775 INFO:   Top-10 param grad norms:
2026-08-27 20:57:53.775 INFO:     interactions.0.conv_tp_weights.layer0.weight: 0.088343
2026-08-27 20:57:53.775 INFO:     products.1.symmetric_contractions.weight: 0.079129
2026-08-27 20:57:53.775 INFO:     products.0.symmetric_contractions.weight: 0.072284
2026-08-27 20:57:53.775 INFO:     interactions.1.linear.weight: 0.070026
2026-08-27 20:57:53.775 INFO:     interactions.0.linear.weight: 0.066952
2026-08-27 20:57:53.776 INFO:     products.0.linear.weight: 0.036979
2026-08-27 20:57:53.776 INFO:     interactions.0.conv_tp_weights.layer1.weight: 0.028879
2026-08-27 20:57:53.776 INFO:     products.1.linear.weight: 0.024223
2026-08-27 20:57:53.776 INFO:     charge_embedding.weight: 0.021562
2026-08-27 20:57:53.776 INFO:     interactions.0.conv_tp_weights.layer2.weight: 0.016661
2026-08-27 20:57:53.776 INFO:   All parameters have nonzero gradients ✓
2026-08-27 20:57:53.776 INFO:   Total grad norm (before clip): 0.1828
2026-08-27 20:57:53.776 INFO: --- End gradient diagnostics ---
2026-08-27 21:10:17.661 INFO:   Epoch energy decomposition (mean/atom): E_inter=0.4523 eV, E_QEq=-0.452010 eV
2026-08-27 21:11:10.299 INFO: Epoch 224: head: Default, loss=0.00144040, RMSE_E_per_atom=    2.91 meV, RMSE_F=   15.01 meV / A
2026-08-27 21:11:10.473 INFO: --- Gradient diagnostics (epoch 225, batch 0) ---
2026-08-27 21:11:10.473 INFO:   forces: pred_rms=0.1562 eV/Å, ref_rms=0.1570 eV/Å, err_rms=0.0138 eV/Å
2026-08-27 21:11:10.474 INFO:   energy/atom: pred_mean=-2.9224 eV, ref_mean=-2.9214 eV, err_mean=0.0017 eV
2026-08-27 21:11:10.474 INFO:   energy decomposition (mean/atom): E_inter=0.4461 eV, E_QEq=-0.438231 eV
2026-08-27 21:11:10.476 INFO:   QEq charges per element: Z=7: mean=-0.0185, std=nan, min=-0.0185, max=-0.0185 | Z=8: mean=-0.4513, std=nan, min=-0.4513, max=-0.4513 | Z=16: mean=-0.1922, std=nan, min=-0.1922, max=-0.1922 | Z=33: mean=-0.1499, std=0.3794, min=-0.4182, max=0.1184 | Z=34: mean=-0.2684, std=0.0662, min=-0.3152, max=-0.2216 | Z=35: mean=0.0158, std=0.2636, min=-0.2768, max=0.3105 | Z=52: mean=0.1931, std=nan, min=0.1931, max=0.1931 | Z=53: mean=0.0002, std=0.2696, min=-0.3164, max=0.3475 | Z=55: mean=0.0006, std=0.3722, min=-0.4225, max=0.4235 | Z=82: mean=-0.0438, std=0.3618, min=-0.5061, max=0.3585
2026-08-27 21:11:10.478 INFO:   Top-10 param grad norms:
2026-08-27 21:11:10.478 INFO:     interactions.0.conv_tp_weights.layer0.weight: 0.085538
2026-08-27 21:11:10.478 INFO:     products.0.symmetric_contractions.weight: 0.048470
2026-08-27 21:11:10.478 INFO:     interactions.0.linear.weight: 0.046702
2026-08-27 21:11:10.478 INFO:     interactions.1.linear.weight: 0.039405
2026-08-27 21:11:10.478 INFO:     products.0.linear.weight: 0.031453
2026-08-27 21:11:10.478 INFO:     interactions.0.conv_tp_weights.layer1.weight: 0.031176
2026-08-27 21:11:10.478 INFO:     products.1.symmetric_contractions.weight: 0.026745
2026-08-27 21:11:10.478 INFO:     interactions.0.conv_tp_weights.layer2.weight: 0.021077
2026-08-27 21:11:10.479 INFO:     interactions.0.conv_tp_weights.layer3.weight: 0.018819
2026-08-27 21:11:10.479 INFO:     products.1.linear.weight: 0.017679
2026-08-27 21:11:10.479 INFO:   All parameters have nonzero gradients ✓
2026-08-27 21:11:10.479 INFO:   Total grad norm (before clip): 0.1335
2026-08-27 21:11:10.479 INFO: --- End gradient diagnostics ---
2026-08-27 21:23:37.058 INFO:   Epoch energy decomposition (mean/atom): E_inter=0.4532 eV, E_QEq=-0.452833 eV
2026-08-27 21:24:33.877 INFO: Epoch 225: head: Default, loss=0.00142755, RMSE_E_per_atom=    2.90 meV, RMSE_F=   14.94 meV / A
2026-08-27 21:24:34.071 INFO: --- Gradient diagnostics (epoch 226, batch 0) ---
2026-08-27 21:24:34.071 INFO:   forces: pred_rms=0.1558 eV/Å, ref_rms=0.1552 eV/Å, err_rms=0.0163 eV/Å
2026-08-27 21:24:34.072 INFO:   energy/atom: pred_mean=-3.0087 eV, ref_mean=-3.0084 eV, err_mean=0.0020 eV
2026-08-27 21:24:34.072 INFO:   energy decomposition (mean/atom): E_inter=0.4676 eV, E_QEq=-0.468709 eV
2026-08-27 21:24:34.075 INFO:   QEq charges per element: Z=7: mean=-0.1147, std=0.1775, min=-0.2972, max=0.0573 | Z=8: mean=-0.3239, std=nan, min=-0.3239, max=-0.3239 | Z=9: mean=0.4292, std=nan, min=0.4292, max=0.4292 | Z=15: mean=0.0250, std=nan, min=0.0250, max=0.0250 | Z=17: mean=-0.3670, std=nan, min=-0.3670, max=-0.3670 | Z=35: mean=0.1814, std=0.2049, min=-0.2945, max=0.3547 | Z=52: mean=-0.1130, std=nan, min=-0.1130, max=-0.1130 | Z=53: mean=0.0099, std=0.2677, min=-0.3137, max=0.3191 | Z=55: mean=-0.1532, std=0.3449, min=-0.4031, max=0.4341 | Z=82: mean=-0.1872, std=0.3396, min=-0.4972, max=0.3731
2026-08-27 21:24:34.076 INFO:   Top-10 param grad norms:
2026-08-27 21:24:34.076 INFO:     interactions.1.linear.weight: 0.092463
2026-08-27 21:24:34.076 INFO:     products.0.symmetric_contractions.weight: 0.091740
2026-08-27 21:24:34.077 INFO:     products.1.symmetric_contractions.weight: 0.076603
2026-08-27 21:24:34.077 INFO:     interactions.0.linear.weight: 0.060191
2026-08-27 21:24:34.077 INFO:     products.0.linear.weight: 0.056779
2026-08-27 21:24:34.077 INFO:     products.1.linear.weight: 0.046271
2026-08-27 21:24:34.077 INFO:     interactions.0.conv_tp_weights.layer0.weight: 0.031692
2026-08-27 21:24:34.077 INFO:     charge_embedding.weight: 0.017491
2026-08-27 21:24:34.077 INFO:     interactions.1.linear_up.weight: 0.015739
2026-08-27 21:24:34.077 INFO:     interactions.0.conv_tp_weights.layer3.weight: 0.014854
2026-08-27 21:24:34.077 INFO:   All parameters have nonzero gradients ✓
2026-08-27 21:24:34.077 INFO:   Total grad norm (before clip): 0.1868
2026-08-27 21:24:34.077 INFO: --- End gradient diagnostics ---
2026-08-27 21:36:50.244 INFO:   Epoch energy decomposition (mean/atom): E_inter=0.4535 eV, E_QEq=-0.453141 eV
2026-08-27 21:37:43.395 INFO: Epoch 226: head: Default, loss=0.00147596, RMSE_E_per_atom=    2.91 meV, RMSE_F=   15.20 meV / A
2026-08-27 21:37:43.537 INFO: --- Gradient diagnostics (epoch 227, batch 0) ---
2026-08-27 21:37:43.539 INFO:   forces: pred_rms=0.2114 eV/Å, ref_rms=0.2099 eV/Å, err_rms=0.0181 eV/Å
2026-08-27 21:37:43.539 INFO:   energy/atom: pred_mean=-3.0075 eV, ref_mean=-3.0083 eV, err_mean=0.0030 eV
2026-08-27 21:37:43.540 INFO:   energy decomposition (mean/atom): E_inter=0.4913 eV, E_QEq=-0.493286 eV
2026-08-27 21:37:43.542 INFO:   QEq charges per element: Z=7: mean=-0.1694, std=0.1458, min=-0.2725, max=-0.0663 | Z=16: mean=0.3911, std=nan, min=0.3911, max=0.3911 | Z=34: mean=-0.4734, std=0.0158, min=-0.4845, max=-0.4622 | Z=35: mean=0.2699, std=0.0328, min=-0.1077, max=0.3177 | Z=53: mean=0.1435, std=0.2265, min=-0.2700, max=0.3690 | Z=55: mean=-0.2910, std=0.2352, min=-0.4184, max=0.4582 | Z=82: mean=-0.3358, std=0.2150, min=-0.4817, max=0.3110
2026-08-27 21:37:43.543 INFO:   Top-10 param grad norms:
2026-08-27 21:37:43.543 INFO:     interactions.0.conv_tp_weights.layer0.weight: 0.116438
2026-08-27 21:37:43.543 INFO:     interactions.1.linear.weight: 0.106340
2026-08-27 21:37:43.543 INFO:     products.0.symmetric_contractions.weight: 0.099679
2026-08-27 21:37:43.544 INFO:     interactions.0.linear.weight: 0.094542
2026-08-27 21:37:43.544 INFO:     products.1.symmetric_contractions.weight: 0.093780
2026-08-27 21:37:43.544 INFO:     products.0.linear.weight: 0.060054
2026-08-27 21:37:43.544 INFO:     interactions.0.conv_tp_weights.layer1.weight: 0.046535
2026-08-27 21:37:43.544 INFO:     products.1.linear.weight: 0.045633
2026-08-27 21:37:43.544 INFO:     charge_embedding.weight: 0.037000
2026-08-27 21:37:43.544 INFO:     interactions.0.conv_tp_weights.layer2.weight: 0.033274
2026-08-27 21:37:43.544 INFO:   All parameters have nonzero gradients ✓
2026-08-27 21:37:43.544 INFO:   Total grad norm (before clip): 0.2563
2026-08-27 21:37:43.544 INFO: --- End gradient diagnostics ---
2026-08-27 21:49:42.128 INFO:   Epoch energy decomposition (mean/atom): E_inter=0.4538 eV, E_QEq=-0.453465 eV
2026-08-27 21:50:37.231 INFO: Epoch 227: head: Default, loss=0.00146339, RMSE_E_per_atom=    2.90 meV, RMSE_F=   15.14 meV / A
2026-08-27 21:50:37.366 INFO: --- Gradient diagnostics (epoch 228, batch 0) ---
2026-08-27 21:50:37.366 INFO:   forces: pred_rms=0.1573 eV/Å, ref_rms=0.1569 eV/Å, err_rms=0.0168 eV/Å
2026-08-27 21:50:37.367 INFO:   energy/atom: pred_mean=-2.9501 eV, ref_mean=-2.9495 eV, err_mean=0.0027 eV
2026-08-27 21:50:37.367 INFO:   energy decomposition (mean/atom): E_inter=0.4580 eV, E_QEq=-0.448924 eV
2026-08-27 21:50:37.369 INFO:   QEq charges per element: Z=9: mean=-0.0350, std=nan, min=-0.0350, max=-0.0350 | Z=16: mean=-0.2121, std=nan, min=-0.2121, max=-0.2121 | Z=33: mean=-0.2088, std=nan, min=-0.2088, max=-0.2088 | Z=34: mean=-0.4770, std=nan, min=-0.4770, max=-0.4770 | Z=35: mean=-0.0502, std=0.2584, min=-0.2956, max=0.3127 | Z=52: mean=-0.1934, std=nan, min=-0.1934, max=-0.1934 | Z=53: mean=0.1655, std=0.2187, min=-0.2952, max=0.3403 | Z=55: mean=-0.0832, std=0.3707, min=-0.4309, max=0.3988 | Z=82: mean=-0.1165, std=0.3569, min=-0.4648, max=0.3582
2026-08-27 21:50:37.371 INFO:   Top-10 param grad norms:
2026-08-27 21:50:37.371 INFO:     interactions.0.conv_tp_weights.layer0.weight: 0.137915
2026-08-27 21:50:37.371 INFO:     interactions.0.linear.weight: 0.070782
2026-08-27 21:50:37.371 INFO:     products.0.symmetric_contractions.weight: 0.067752
2026-08-27 21:50:37.371 INFO:     interactions.1.linear.weight: 0.060541
2026-08-27 21:50:37.371 INFO:     interactions.0.conv_tp_weights.layer1.weight: 0.050319
2026-08-27 21:50:37.371 INFO:     products.1.symmetric_contractions.weight: 0.041543
2026-08-27 21:50:37.371 INFO:     products.0.linear.weight: 0.040264
2026-08-27 21:50:37.371 INFO:     interactions.0.conv_tp_weights.layer2.weight: 0.034108
2026-08-27 21:50:37.372 INFO:     products.1.linear.weight: 0.021684
2026-08-27 21:50:37.372 INFO:     interactions.0.conv_tp_weights.layer3.weight: 0.020101
2026-08-27 21:50:37.372 INFO:   All parameters have nonzero gradients ✓
2026-08-27 21:50:37.372 INFO:   Total grad norm (before clip): 0.2025
2026-08-27 21:50:37.372 INFO: --- End gradient diagnostics ---
2026-08-27 22:02:23.151 INFO:   Epoch energy decomposition (mean/atom): E_inter=0.4537 eV, E_QEq=-0.453385 eV
2026-08-27 22:03:16.468 INFO: Epoch 228: head: Default, loss=0.00143718, RMSE_E_per_atom=    2.89 meV, RMSE_F=   15.00 meV / A
2026-08-27 22:03:16.602 INFO: --- Gradient diagnostics (epoch 229, batch 0) ---
2026-08-27 22:03:16.602 INFO:   forces: pred_rms=0.1028 eV/Å, ref_rms=0.1022 eV/Å, err_rms=0.0115 eV/Å
2026-08-27 22:03:16.602 INFO:   energy/atom: pred_mean=-2.9798 eV, ref_mean=-2.9812 eV, err_mean=0.0018 eV
2026-08-27 22:03:16.603 INFO:   energy decomposition (mean/atom): E_inter=0.4746 eV, E_QEq=-0.481176 eV
2026-08-27 22:03:16.605 INFO:   QEq charges per element: Z=7: mean=0.1175, std=0.0892, min=0.0189, max=0.1928 | Z=15: mean=-0.4162, std=nan, min=-0.4162, max=-0.4162 | Z=16: mean=-0.3626, std=0.0015, min=-0.3637, max=-0.3616 | Z=17: mean=-0.3404, std=nan, min=-0.3404, max=-0.3404 | Z=35: mean=0.2810, std=0.0198, min=0.1355, max=0.3198 | Z=53: mean=-0.0427, std=0.2665, min=-0.3412, max=0.3173 | Z=55: mean=-0.1366, std=0.3372, min=-0.4550, max=0.4534 | Z=82: mean=-0.1850, std=0.3297, min=-0.4644, max=0.4257
2026-08-27 22:03:16.606 INFO:   Top-10 param grad norms:
2026-08-27 22:03:16.606 INFO:     products.0.symmetric_contractions.weight: 0.050826
2026-08-27 22:03:16.606 INFO:     interactions.1.linear.weight: 0.046781
2026-08-27 22:03:16.606 INFO:     interactions.0.linear.weight: 0.038729
2026-08-27 22:03:16.607 INFO:     products.1.symmetric_contractions.weight: 0.034836
2026-08-27 22:03:16.607 INFO:     interactions.0.conv_tp_weights.layer0.weight: 0.032806
2026-08-27 22:03:16.607 INFO:     products.0.linear.weight: 0.028154
2026-08-27 22:03:16.607 INFO:     interactions.1.conv_tp_weights.layer0.weight: 0.021662
2026-08-27 22:03:16.607 INFO:     products.1.linear.weight: 0.019444
2026-08-27 22:03:16.607 INFO:     interactions.0.conv_tp_weights.layer1.weight: 0.014488
2026-08-27 22:03:16.607 INFO:     charge_embedding.weight: 0.013669
2026-08-27 22:03:16.607 INFO:   All parameters have nonzero gradients ✓
2026-08-27 22:03:16.607 INFO:   Total grad norm (before clip): 0.1070
2026-08-27 22:03:16.607 INFO: --- End gradient diagnostics ---
2026-08-27 22:15:01.360 INFO:   Epoch energy decomposition (mean/atom): E_inter=0.4543 eV, E_QEq=-0.453961 eV
2026-08-27 22:15:53.599 INFO: Epoch 229: head: Default, loss=0.00146237, RMSE_E_per_atom=    2.91 meV, RMSE_F=   15.13 meV / A
2026-08-27 22:15:53.732 INFO: --- Gradient diagnostics (epoch 230, batch 0) ---
2026-08-27 22:15:53.732 INFO:   forces: pred_rms=0.0819 eV/Å, ref_rms=0.0781 eV/Å, err_rms=0.0130 eV/Å
2026-08-27 22:15:53.732 INFO:   energy/atom: pred_mean=-2.9912 eV, ref_mean=-2.9909 eV, err_mean=0.0025 eV
2026-08-27 22:15:53.733 INFO:   energy decomposition (mean/atom): E_inter=0.4888 eV, E_QEq=-0.511074 eV
2026-08-27 22:15:53.736 INFO:   QEq charges per element: Z=16: mean=-0.0975, std=0.3558, min=-0.3491, max=0.1541 | Z=17: mean=-0.3693, std=nan, min=-0.3693, max=-0.3693 | Z=33: mean=0.1348, std=nan, min=0.1348, max=0.1348 | Z=34: mean=-0.1757, std=nan, min=-0.1757, max=-0.1757 | Z=35: mean=0.2762, std=0.0213, min=0.1345, max=0.3393 | Z=52: mean=-0.0017, std=nan, min=-0.0017, max=-0.0017 | Z=53: mean=0.1661, std=0.2156, min=-0.2892, max=0.2954 | Z=55: mean=-0.2937, std=0.2163, min=-0.4103, max=0.4180 | Z=82: mean=-0.3228, std=0.2225, min=-0.4576, max=0.3485
2026-08-27 22:15:53.737 INFO:   Top-10 param grad norms:
2026-08-27 22:15:53.737 INFO:     products.0.symmetric_contractions.weight: 0.049805
2026-08-27 22:15:53.737 INFO:     interactions.1.linear.weight: 0.048482
2026-08-27 22:15:53.737 INFO:     interactions.0.linear.weight: 0.033019
2026-08-27 22:15:53.737 INFO:     interactions.0.conv_tp_weights.layer0.weight: 0.032709
2026-08-27 22:15:53.737 INFO:     products.1.symmetric_contractions.weight: 0.032303
2026-08-27 22:15:53.737 INFO:     products.0.linear.weight: 0.030285
2026-08-27 22:15:53.738 INFO:     products.1.linear.weight: 0.016830
2026-08-27 22:15:53.738 INFO:     charge_embedding.weight: 0.012209
2026-08-27 22:15:53.738 INFO:     interactions.0.conv_tp_weights.layer1.weight: 0.011686
2026-08-27 22:15:53.738 INFO:     interactions.0.conv_tp_weights.layer2.weight: 0.007745
2026-08-27 22:15:53.738 INFO:   All parameters have nonzero gradients ✓
2026-08-27 22:15:53.738 INFO:   Total grad norm (before clip): 0.0996
2026-08-27 22:15:53.738 INFO: --- End gradient diagnostics ---
2026-08-27 22:27:41.376 INFO:   Epoch energy decomposition (mean/atom): E_inter=0.4544 eV, E_QEq=-0.454048 eV
2026-08-27 22:28:35.737 INFO: Epoch 230: head: Default, loss=0.00144397, RMSE_E_per_atom=    2.89 meV, RMSE_F=   15.03 meV / A
2026-08-27 22:28:35.875 INFO: --- Gradient diagnostics (epoch 231, batch 0) ---
2026-08-27 22:28:35.875 INFO:   forces: pred_rms=0.1750 eV/Å, ref_rms=0.1736 eV/Å, err_rms=0.0184 eV/Å
2026-08-27 22:28:35.876 INFO:   energy/atom: pred_mean=-3.0072 eV, ref_mean=-3.0066 eV, err_mean=0.0015 eV
2026-08-27 22:28:35.876 INFO:   energy decomposition (mean/atom): E_inter=0.4886 eV, E_QEq=-0.493145 eV
2026-08-27 22:28:35.878 INFO:   QEq charges per element: Z=7: mean=-0.1009, std=nan, min=-0.1009, max=-0.1009 | Z=17: mean=0.0142, std=0.0008, min=0.0136, max=0.0147 | Z=33: mean=-0.3555, std=0.1365, min=-0.4549, max=-0.1999 | Z=35: mean=0.1864, std=0.1975, min=-0.3035, max=0.3231 | Z=52: mean=0.3339, std=nan, min=0.3339, max=0.3339 | Z=53: mean=0.1378, std=0.2403, min=-0.3034, max=0.3666 | Z=55: mean=-0.2113, std=0.3099, min=-0.4195, max=0.4331 | Z=82: mean=-0.2657, std=0.2821, min=-0.5240, max=0.3457
2026-08-27 22:28:35.879 INFO:   Top-10 param grad norms:
2026-08-27 22:28:35.880 INFO:     products.0.symmetric_contractions.weight: 0.060126
2026-08-27 22:28:35.880 INFO:     interactions.1.linear.weight: 0.059634
2026-08-27 22:28:35.880 INFO:     products.1.symmetric_contractions.weight: 0.059254
2026-08-27 22:28:35.880 INFO:     interactions.0.linear.weight: 0.045367
2026-08-27 22:28:35.880 INFO:     products.0.linear.weight: 0.041140
2026-08-27 22:28:35.880 INFO:     products.1.linear.weight: 0.021393
2026-08-27 22:28:35.880 INFO:     charge_embedding.weight: 0.016928
2026-08-27 22:28:35.880 INFO:     interactions.1.conv_tp_weights.layer0.weight: 0.011373
2026-08-27 22:28:35.880 INFO:     interactions.0.linear_up.weight: 0.011099
2026-08-27 22:28:35.880 INFO:     interactions.1.linear_up.weight: 0.010623
2026-08-27 22:28:35.880 INFO:   All parameters have nonzero gradients ✓
2026-08-27 22:28:35.880 INFO:   Total grad norm (before clip): 0.1276
2026-08-27 22:28:35.880 INFO: --- End gradient diagnostics ---
2026-08-27 22:40:23.502 INFO:   Epoch energy decomposition (mean/atom): E_inter=0.4548 eV, E_QEq=-0.454478 eV
2026-08-27 22:41:14.893 INFO: Epoch 231: head: Default, loss=0.00143521, RMSE_E_per_atom=    2.88 meV, RMSE_F=   14.99 meV / A
2026-08-27 22:41:15.031 INFO: --- Gradient diagnostics (epoch 232, batch 0) ---
2026-08-27 22:41:15.031 INFO:   forces: pred_rms=0.0514 eV/Å, ref_rms=0.0487 eV/Å, err_rms=0.0109 eV/Å
2026-08-27 22:41:15.032 INFO:   energy/atom: pred_mean=-3.0287 eV, ref_mean=-3.0286 eV, err_mean=0.0030 eV
2026-08-27 22:41:15.032 INFO:   energy decomposition (mean/atom): E_inter=0.4273 eV, E_QEq=-0.452441 eV
2026-08-27 22:41:15.035 INFO:   QEq charges per element: Z=7: mean=0.0550, std=nan, min=0.0550, max=0.0550 | Z=15: mean=-0.4515, std=0.0272, min=-0.4707, max=-0.4323 | Z=17: mean=-0.3612, std=nan, min=-0.3612, max=-0.3612 | Z=33: mean=0.0732, std=nan, min=0.0732, max=0.0732 | Z=35: mean=-0.0737, std=0.2499, min=-0.3472, max=0.3041 | Z=52: mean=-0.5264, std=nan, min=-0.5264, max=-0.5264 | Z=53: mean=0.1514, std=0.2319, min=-0.2647, max=0.3193 | Z=55: mean=0.0079, std=0.3801, min=-0.4549, max=0.4292 | Z=82: mean=-0.0462, std=0.3525, min=-0.4552, max=0.3430
2026-08-27 22:41:15.036 INFO:   Top-10 param grad norms:
2026-08-27 22:41:15.036 INFO:     products.0.symmetric_contractions.weight: 0.062066
2026-08-27 22:41:15.036 INFO:     interactions.1.linear.weight: 0.045902
2026-08-27 22:41:15.036 INFO:     products.1.symmetric_contractions.weight: 0.041380
2026-08-27 22:41:15.036 INFO:     interactions.0.linear.weight: 0.038043
2026-08-27 22:41:15.037 INFO:     products.0.linear.weight: 0.025591
2026-08-27 22:41:15.037 INFO:     interactions.0.conv_tp_weights.layer0.weight: 0.022608
2026-08-27 22:41:15.037 INFO:     products.1.linear.weight: 0.018433
2026-08-27 22:41:15.037 INFO:     charge_embedding.weight: 0.011183
2026-08-27 22:41:15.037 INFO:     interactions.0.conv_tp_weights.layer1.weight: 0.009034
2026-08-27 22:41:15.037 INFO:     interactions.0.conv_tp_weights.layer3.weight: 0.007659
2026-08-27 22:41:15.037 INFO:   All parameters have nonzero gradients ✓
2026-08-27 22:41:15.037 INFO:   Total grad norm (before clip): 0.1062
2026-08-27 22:41:15.037 INFO: --- End gradient diagnostics ---
2026-08-27 22:53:06.898 INFO:   Epoch energy decomposition (mean/atom): E_inter=0.4553 eV, E_QEq=-0.454951 eV
2026-08-27 22:53:59.886 INFO: Epoch 232: head: Default, loss=0.00142760, RMSE_E_per_atom=    2.88 meV, RMSE_F=   14.95 meV / A
2026-08-27 22:54:00.023 INFO: --- Gradient diagnostics (epoch 233, batch 0) ---
2026-08-27 22:54:00.023 INFO:   forces: pred_rms=0.0852 eV/Å, ref_rms=0.0853 eV/Å, err_rms=0.0152 eV/Å
2026-08-27 22:54:00.024 INFO:   energy/atom: pred_mean=-2.9985 eV, ref_mean=-2.9979 eV, err_mean=0.0027 eV
2026-08-27 22:54:00.024 INFO:   energy decomposition (mean/atom): E_inter=0.3823 eV, E_QEq=-0.375094 eV
2026-08-27 22:54:00.026 INFO:   QEq charges per element: Z=7: mean=-0.3741, std=0.3000, min=-0.5863, max=-0.1620 | Z=9: mean=-0.4466, std=nan, min=-0.4466, max=-0.4466 | Z=15: mean=-0.1216, std=0.2683, min=-0.3113, max=0.0681 | Z=33: mean=-0.6338, std=nan, min=-0.6338, max=-0.6338 | Z=34: mean=-0.2271, std=nan, min=-0.2271, max=-0.2271 | Z=35: mean=-0.1618, std=0.1889, min=-0.3262, max=0.2873 | Z=53: mean=-0.2517, std=0.0400, min=-0.3154, max=0.0988 | Z=55: mean=0.3149, std=0.2339, min=-0.3785, max=0.4486 | Z=82: mean=0.2270, std=0.2079, min=-0.4173, max=0.3677
2026-08-27 22:54:00.028 INFO:   Top-10 param grad norms:
2026-08-27 22:54:00.028 INFO:     products.0.symmetric_contractions.weight: 0.096265
2026-08-27 22:54:00.028 INFO:     interactions.1.linear.weight: 0.087360
2026-08-27 22:54:00.028 INFO:     products.1.symmetric_contractions.weight: 0.086092
2026-08-27 22:54:00.028 INFO:     interactions.0.linear.weight: 0.053988
2026-08-27 22:54:00.028 INFO:     products.0.linear.weight: 0.048882
2026-08-27 22:54:00.028 INFO:     interactions.0.conv_tp_weights.layer0.weight: 0.044501
2026-08-27 22:54:00.028 INFO:     products.1.linear.weight: 0.024935
2026-08-27 22:54:00.028 INFO:     charge_embedding.weight: 0.015482
2026-08-27 22:54:00.028 INFO:     interactions.0.conv_tp_weights.layer1.weight: 0.015294
2026-08-27 22:54:00.028 INFO:     interactions.1.conv_tp_weights.layer0.weight: 0.012670
2026-08-27 22:54:00.029 INFO:   All parameters have nonzero gradients ✓
2026-08-27 22:54:00.029 INFO:   Total grad norm (before clip): 0.1835
2026-08-27 22:54:00.029 INFO: --- End gradient diagnostics ---
2026-08-27 23:05:57.584 INFO:   Epoch energy decomposition (mean/atom): E_inter=0.4554 eV, E_QEq=-0.455121 eV
2026-08-27 23:06:51.741 INFO: Epoch 233: head: Default, loss=0.00143165, RMSE_E_per_atom=    2.91 meV, RMSE_F=   14.97 meV / A
2026-08-27 23:06:51.878 INFO: --- Gradient diagnostics (epoch 234, batch 0) ---
2026-08-27 23:06:51.879 INFO:   forces: pred_rms=0.1163 eV/Å, ref_rms=0.1152 eV/Å, err_rms=0.0153 eV/Å
2026-08-27 23:06:51.879 INFO:   energy/atom: pred_mean=-2.9319 eV, ref_mean=-2.9309 eV, err_mean=0.0023 eV
2026-08-27 23:06:51.879 INFO:   energy decomposition (mean/atom): E_inter=0.4461 eV, E_QEq=-0.448641 eV
2026-08-27 23:06:51.882 INFO:   QEq charges per element: Z=8: mean=-0.3761, std=0.2020, min=-0.5189, max=-0.2332 | Z=15: mean=-0.2770, std=nan, min=-0.2770, max=-0.2770 | Z=17: mean=-0.2343, std=0.1880, min=-0.3672, max=-0.1013 | Z=33: mean=-0.3040, std=nan, min=-0.3040, max=-0.3040 | Z=34: mean=-0.2530, std=0.0043, min=-0.2560, max=-0.2499 | Z=35: mean=0.0079, std=0.2620, min=-0.3737, max=0.3371 | Z=52: mean=-0.4968, std=nan, min=-0.4968, max=-0.4968 | Z=53: mean=0.0118, std=0.2747, min=-0.3500, max=0.3332 | Z=55: mean=0.0019, std=0.3703, min=-0.4121, max=0.4184 | Z=82: mean=-0.0343, std=0.3590, min=-0.4796, max=0.3840
2026-08-27 23:06:51.884 INFO:   Top-10 param grad norms:
2026-08-27 23:06:51.884 INFO:     interactions.0.conv_tp_weights.layer0.weight: 0.121767
2026-08-27 23:06:51.884 INFO:     products.0.symmetric_contractions.weight: 0.087315
2026-08-27 23:06:51.884 INFO:     interactions.0.linear.weight: 0.071422
2026-08-27 23:06:51.884 INFO:     interactions.1.linear.weight: 0.058339
2026-08-27 23:06:51.884 INFO:     products.1.symmetric_contractions.weight: 0.055322
2026-08-27 23:06:51.884 INFO:     interactions.0.conv_tp_weights.layer1.weight: 0.044821
2026-08-27 23:06:51.884 INFO:     products.0.linear.weight: 0.044637
2026-08-27 23:06:51.884 INFO:     interactions.0.conv_tp_weights.layer2.weight: 0.029794
2026-08-27 23:06:51.884 INFO:     charge_embedding.weight: 0.028412
2026-08-27 23:06:51.884 INFO:     products.1.linear.weight: 0.023798
2026-08-27 23:06:51.884 INFO:   All parameters have nonzero gradients ✓
2026-08-27 23:06:51.884 INFO:   Total grad norm (before clip): 0.2043
2026-08-27 23:06:51.884 INFO: --- End gradient diagnostics ---
2026-08-27 23:18:35.128 INFO:   Epoch energy decomposition (mean/atom): E_inter=0.4555 eV, E_QEq=-0.455190 eV
2026-08-27 23:19:29.643 INFO: Epoch 234: head: Default, loss=0.00144974, RMSE_E_per_atom=    2.89 meV, RMSE_F=   15.06 meV / A
2026-08-27 23:19:29.777 INFO: --- Gradient diagnostics (epoch 235, batch 0) ---
2026-08-27 23:19:29.777 INFO:   forces: pred_rms=0.2435 eV/Å, ref_rms=0.2413 eV/Å, err_rms=0.0211 eV/Å
2026-08-27 23:19:29.778 INFO:   energy/atom: pred_mean=-3.0304 eV, ref_mean=-3.0311 eV, err_mean=0.0019 eV
2026-08-27 23:19:29.778 INFO:   energy decomposition (mean/atom): E_inter=0.4823 eV, E_QEq=-0.468355 eV
2026-08-27 23:19:29.780 INFO:   QEq charges per element: Z=7: mean=-0.1454, std=0.4063, min=-0.5823, max=0.2211 | Z=16: mean=-0.2817, std=nan, min=-0.2817, max=-0.2817 | Z=35: mean=0.0478, std=0.2584, min=-0.3281, max=0.3308 | Z=52: mean=-0.5280, std=0.1476, min=-0.6323, max=-0.4236 | Z=53: mean=0.2705, std=0.0242, min=0.1965, max=0.3512 | Z=55: mean=-0.1438, std=0.3551, min=-0.4251, max=0.4439 | Z=82: mean=-0.1982, std=0.3306, min=-0.5003, max=0.3424
2026-08-27 23:19:29.782 INFO:   Top-10 param grad norms:
2026-08-27 23:19:29.782 INFO:     interactions.0.conv_tp_weights.layer0.weight: 0.255421
2026-08-27 23:19:29.782 INFO:     products.0.symmetric_contractions.weight: 0.191983
2026-08-27 23:19:29.782 INFO:     interactions.1.linear.weight: 0.187442
2026-08-27 23:19:29.782 INFO:     interactions.0.linear.weight: 0.171285
2026-08-27 23:19:29.782 INFO:     products.1.symmetric_contractions.weight: 0.139801
2026-08-27 23:19:29.782 INFO:     products.0.linear.weight: 0.116512
2026-08-27 23:19:29.782 INFO:     interactions.0.conv_tp_weights.layer1.weight: 0.084917
2026-08-27 23:19:29.782 INFO:     products.1.linear.weight: 0.078344
2026-08-27 23:19:29.782 INFO:     charge_embedding.weight: 0.058251
2026-08-27 23:19:29.782 INFO:     interactions.0.conv_tp_weights.layer2.weight: 0.053125
2026-08-27 23:19:29.783 INFO:   All parameters have nonzero gradients ✓
2026-08-27 23:19:29.783 INFO:   Total grad norm (before clip): 0.4782
2026-08-27 23:19:29.783 INFO: --- End gradient diagnostics ---
2026-08-27 23:31:12.441 INFO:   Epoch energy decomposition (mean/atom): E_inter=0.4562 eV, E_QEq=-0.455832 eV
2026-08-27 23:32:04.834 INFO: Epoch 235: head: Default, loss=0.00142768, RMSE_E_per_atom=    2.88 meV, RMSE_F=   14.95 meV / A
2026-08-27 23:32:04.970 INFO: --- Gradient diagnostics (epoch 236, batch 0) ---
2026-08-27 23:32:04.970 INFO:   forces: pred_rms=0.2005 eV/Å, ref_rms=0.1947 eV/Å, err_rms=0.0171 eV/Å
2026-08-27 23:32:04.970 INFO:   energy/atom: pred_mean=-2.9653 eV, ref_mean=-2.9653 eV, err_mean=0.0018 eV
2026-08-27 23:32:04.971 INFO:   energy decomposition (mean/atom): E_inter=0.4711 eV, E_QEq=-0.461993 eV
2026-08-27 23:32:04.973 INFO:   QEq charges per element: Z=7: mean=-0.1942, std=0.1099, min=-0.2702, max=-0.0314 | Z=8: mean=-0.0501, std=nan, min=-0.0501, max=-0.0501 | Z=16: mean=-0.0404, std=nan, min=-0.0404, max=-0.0404 | Z=17: mean=0.1913, std=0.0234, min=0.1748, max=0.2079 | Z=33: mean=0.1356, std=nan, min=0.1356, max=0.1356 | Z=35: mean=0.1629, std=0.2139, min=-0.2650, max=0.3687 | Z=53: mean=0.0656, std=0.2590, min=-0.3278, max=0.3214 | Z=55: mean=-0.1483, std=0.3464, min=-0.4167, max=0.4200 | Z=82: mean=-0.1922, std=0.3291, min=-0.5359, max=0.3427
2026-08-27 23:32:04.975 INFO:   Top-10 param grad norms:
2026-08-27 23:32:04.975 INFO:     interactions.0.conv_tp_weights.layer0.weight: 0.417643
2026-08-27 23:32:04.975 INFO:     interactions.0.linear.weight: 0.214803
2026-08-27 23:32:04.975 INFO:     products.0.symmetric_contractions.weight: 0.185032
2026-08-27 23:32:04.975 INFO:     interactions.0.conv_tp_weights.layer1.weight: 0.151523
2026-08-27 23:32:04.975 INFO:     interactions.1.linear.weight: 0.146705
2026-08-27 23:32:04.975 INFO:     products.1.symmetric_contractions.weight: 0.128668
2026-08-27 23:32:04.975 INFO:     interactions.0.conv_tp_weights.layer2.weight: 0.099052
2026-08-27 23:32:04.975 INFO:     products.0.linear.weight: 0.089348
2026-08-27 23:32:04.975 INFO:     products.1.linear.weight: 0.081548
2026-08-27 23:32:04.975 INFO:     interactions.0.conv_tp_weights.layer3.weight: 0.065272
2026-08-27 23:32:04.975 INFO:   All parameters have nonzero gradients ✓
2026-08-27 23:32:04.976 INFO:   Total grad norm (before clip): 0.5945
2026-08-27 23:32:04.976 INFO: --- End gradient diagnostics ---
2026-08-27 23:43:44.803 INFO:   Epoch energy decomposition (mean/atom): E_inter=0.4563 eV, E_QEq=-0.455934 eV
2026-08-27 23:44:38.710 INFO: Epoch 236: head: Default, loss=0.00142356, RMSE_E_per_atom=    2.87 meV, RMSE_F=   14.93 meV / A
2026-08-27 23:44:38.903 INFO: --- Gradient diagnostics (epoch 237, batch 0) ---
2026-08-27 23:44:38.904 INFO:   forces: pred_rms=0.1288 eV/Å, ref_rms=0.1246 eV/Å, err_rms=0.0174 eV/Å
2026-08-27 23:44:38.904 INFO:   energy/atom: pred_mean=-3.0870 eV, ref_mean=-3.0860 eV, err_mean=0.0026 eV
2026-08-27 23:44:38.905 INFO:   energy decomposition (mean/atom): E_inter=0.4386 eV, E_QEq=-0.444793 eV
2026-08-27 23:44:38.907 INFO:   QEq charges per element: Z=9: mean=-0.2117, std=0.6207, min=-0.6506, max=0.2272 | Z=15: mean=-0.1015, std=nan, min=-0.1015, max=-0.1015 | Z=16: mean=-0.0688, std=0.6420, min=-0.5228, max=0.3852 | Z=33: mean=-0.3661, std=0.0570, min=-0.4064, max=-0.3258 | Z=34: mean=-0.5666, std=nan, min=-0.5666, max=-0.5666 | Z=35: mean=0.0097, std=0.2607, min=-0.3300, max=0.3386 | Z=53: mean=0.0133, std=0.2609, min=-0.2727, max=0.2986 | Z=55: mean=0.0144, std=0.3846, min=-0.4201, max=0.4704 | Z=82: mean=-0.0520, std=0.3542, min=-0.4572, max=0.3550
2026-08-27 23:44:38.909 INFO:   Top-10 param grad norms:
2026-08-27 23:44:38.909 INFO:     products.0.symmetric_contractions.weight: 0.108263
2026-08-27 23:44:38.909 INFO:     interactions.1.linear.weight: 0.087043
2026-08-27 23:44:38.909 INFO:     interactions.0.linear.weight: 0.083362
2026-08-27 23:44:38.909 INFO:     products.1.symmetric_contractions.weight: 0.068759
2026-08-27 23:44:38.909 INFO:     products.0.linear.weight: 0.059776
2026-08-27 23:44:38.909 INFO:     interactions.0.conv_tp_weights.layer0.weight: 0.054739
2026-08-27 23:44:38.909 INFO:     products.1.linear.weight: 0.038907
2026-08-27 23:44:38.909 INFO:     charge_embedding.weight: 0.032443
2026-08-27 23:44:38.910 INFO:     interactions.0.linear_up.weight: 0.021836
2026-08-27 23:44:38.910 INFO:     interactions.0.conv_tp_weights.layer1.weight: 0.019129
2026-08-27 23:44:38.910 INFO:   All parameters have nonzero gradients ✓
2026-08-27 23:44:38.910 INFO:   Total grad norm (before clip): 0.2065
2026-08-27 23:44:38.910 INFO: --- End gradient diagnostics ---
2026-08-27 23:56:26.604 INFO:   Epoch energy decomposition (mean/atom): E_inter=0.4566 eV, E_QEq=-0.456237 eV
2026-08-27 23:57:19.151 INFO: Epoch 237: head: Default, loss=0.00141144, RMSE_E_per_atom=    2.88 meV, RMSE_F=   14.86 meV / A
2026-08-27 23:57:19.339 INFO: --- Gradient diagnostics (epoch 238, batch 0) ---
2026-08-27 23:57:19.339 INFO:   forces: pred_rms=0.0835 eV/Å, ref_rms=0.0830 eV/Å, err_rms=0.0136 eV/Å
2026-08-27 23:57:19.340 INFO:   energy/atom: pred_mean=-3.0146 eV, ref_mean=-3.0161 eV, err_mean=0.0020 eV
2026-08-27 23:57:19.340 INFO:   energy decomposition (mean/atom): E_inter=0.4566 eV, E_QEq=-0.472040 eV
2026-08-27 23:57:19.342 INFO:   QEq charges per element: Z=7: mean=-0.1104, std=nan, min=-0.1104, max=-0.1104 | Z=8: mean=0.2689, std=nan, min=0.2689, max=0.2689 | Z=9: mean=-0.1146, std=0.5138, min=-0.4779, max=0.2488 | Z=34: mean=-0.2187, std=nan, min=-0.2187, max=-0.2187 | Z=35: mean=0.1792, std=0.1965, min=-0.3306, max=0.3415 | Z=52: mean=-0.1122, std=0.2717, min=-0.3700, max=0.1715 | Z=53: mean=0.0059, std=0.2677, min=-0.2887, max=0.3103 | Z=55: mean=-0.1500, std=0.3474, min=-0.4402, max=0.4208 | Z=82: mean=-0.1940, std=0.3330, min=-0.4547, max=0.4305
2026-08-27 23:57:19.344 INFO:   Top-10 param grad norms:
2026-08-27 23:57:19.344 INFO:     products.0.symmetric_contractions.weight: 0.076148
2026-08-27 23:57:19.344 INFO:     interactions.1.linear.weight: 0.071918
2026-08-27 23:57:19.344 INFO:     interactions.0.linear.weight: 0.065144
2026-08-27 23:57:19.344 INFO:     products.1.symmetric_contractions.weight: 0.061961
2026-08-27 23:57:19.344 INFO:     products.0.linear.weight: 0.045926
2026-08-27 23:57:19.344 INFO:     products.1.linear.weight: 0.039437
2026-08-27 23:57:19.344 INFO:     interactions.0.conv_tp_weights.layer0.weight: 0.021764
2026-08-27 23:57:19.344 INFO:     charge_embedding.weight: 0.018987
2026-08-27 23:57:19.344 INFO:     interactions.0.linear_up.weight: 0.015767
2026-08-27 23:57:19.344 INFO:     interactions.0.conv_tp_weights.layer3.weight: 0.014247
2026-08-27 23:57:19.345 INFO:   All parameters have nonzero gradients ✓
2026-08-27 23:57:19.345 INFO:   Total grad norm (before clip): 0.1589
2026-08-27 23:57:19.345 INFO: --- End gradient diagnostics ---
2026-08-28 00:09:02.604 INFO:   Epoch energy decomposition (mean/atom): E_inter=0.4574 eV, E_QEq=-0.457081 eV
2026-08-28 00:09:55.340 INFO: Epoch 238: head: Default, loss=0.00142876, RMSE_E_per_atom=    2.86 meV, RMSE_F=   14.96 meV / A
2026-08-28 00:09:55.493 INFO: --- Gradient diagnostics (epoch 239, batch 0) ---
2026-08-28 00:09:55.494 INFO:   forces: pred_rms=0.1570 eV/Å, ref_rms=0.1590 eV/Å, err_rms=0.0162 eV/Å
2026-08-28 00:09:55.494 INFO:   energy/atom: pred_mean=-2.9945 eV, ref_mean=-2.9954 eV, err_mean=0.0015 eV
2026-08-28 00:09:55.494 INFO:   energy decomposition (mean/atom): E_inter=0.4718 eV, E_QEq=-0.490571 eV
2026-08-28 00:09:55.497 INFO:   QEq charges per element: Z=7: mean=0.2886, std=0.0077, min=0.2832, max=0.2940 | Z=8: mean=-0.6673, std=nan, min=-0.6673, max=-0.6673 | Z=15: mean=-0.1741, std=0.0520, min=-0.2108, max=-0.1373 | Z=33: mean=-0.4650, std=0.0604, min=-0.5311, max=-0.4128 | Z=35: mean=0.0569, std=0.2695, min=-0.3638, max=0.3833 | Z=52: mean=-0.3435, std=0.2128, min=-0.4940, max=-0.1930 | Z=53: mean=0.1754, std=0.2129, min=-0.3003, max=0.3273 | Z=55: mean=-0.1332, std=0.3393, min=-0.3896, max=0.4364 | Z=82: mean=-0.1859, std=0.3296, min=-0.4894, max=0.3905
2026-08-28 00:09:55.499 INFO:   Top-10 param grad norms:
2026-08-28 00:09:55.499 INFO:     products.0.symmetric_contractions.weight: 0.101082
2026-08-28 00:09:55.499 INFO:     interactions.0.conv_tp_weights.layer0.weight: 0.100932
2026-08-28 00:09:55.499 INFO:     interactions.1.linear.weight: 0.092903
2026-08-28 00:09:55.499 INFO:     products.1.symmetric_contractions.weight: 0.090026
2026-08-28 00:09:55.499 INFO:     interactions.0.linear.weight: 0.072168
2026-08-28 00:09:55.499 INFO:     products.0.linear.weight: 0.049155
2026-08-28 00:09:55.499 INFO:     products.1.linear.weight: 0.046783
2026-08-28 00:09:55.499 INFO:     charge_embedding.weight: 0.033715
2026-08-28 00:09:55.499 INFO:     interactions.0.conv_tp_weights.layer1.weight: 0.032776
2026-08-28 00:09:55.499 INFO:     chi_readouts.1.linear_2.weight: 0.023060
2026-08-28 00:09:55.500 INFO:   All parameters have nonzero gradients ✓
2026-08-28 00:09:55.500 INFO:   Total grad norm (before clip): 0.2287
2026-08-28 00:09:55.500 INFO: --- End gradient diagnostics ---
2026-08-28 00:22:00.710 INFO:   Epoch energy decomposition (mean/atom): E_inter=0.4573 eV, E_QEq=-0.456977 eV
2026-08-28 00:23:00.468 INFO: Epoch 239: head: Default, loss=0.00142026, RMSE_E_per_atom=    2.89 meV, RMSE_F=   14.91 meV / A
2026-08-28 00:23:00.635 INFO: --- Gradient diagnostics (epoch 240, batch 0) ---
2026-08-28 00:23:00.636 INFO:   forces: pred_rms=0.0454 eV/Å, ref_rms=0.0427 eV/Å, err_rms=0.0117 eV/Å
2026-08-28 00:23:00.636 INFO:   energy/atom: pred_mean=-2.9644 eV, ref_mean=-2.9650 eV, err_mean=0.0022 eV
2026-08-28 00:23:00.636 INFO:   energy decomposition (mean/atom): E_inter=0.4049 eV, E_QEq=-0.405260 eV
2026-08-28 00:23:00.640 INFO:   QEq charges per element: Z=7: mean=-0.3352, std=nan, min=-0.3352, max=-0.3352 | Z=9: mean=-0.0315, std=nan, min=-0.0315, max=-0.0315 | Z=15: mean=0.1580, std=nan, min=0.1580, max=0.1580 | Z=17: mean=0.0334, std=nan, min=0.0334, max=0.0334 | Z=33: mean=-0.4268, std=nan, min=-0.4268, max=-0.4268 | Z=34: mean=-0.2918, std=nan, min=-0.2918, max=-0.2918 | Z=35: mean=-0.1522, std=0.2110, min=-0.3457, max=0.2826 | Z=52: mean=-0.5276, std=nan, min=-0.5276, max=-0.5276 | Z=53: mean=-0.0454, std=0.2545, min=-0.2967, max=0.3028 | Z=55: mean=0.1507, std=0.3493, min=-0.4192, max=0.5032 | Z=82: mean=0.0954, std=0.3298, min=-0.4822, max=0.3541
2026-08-28 00:23:00.641 INFO:   Top-10 param grad norms:
2026-08-28 00:23:00.641 INFO:     products.0.symmetric_contractions.weight: 0.049265
2026-08-28 00:23:00.642 INFO:     interactions.0.conv_tp_weights.layer0.weight: 0.042875
2026-08-28 00:23:00.642 INFO:     interactions.1.linear.weight: 0.039780
2026-08-28 00:23:00.642 INFO:     interactions.0.linear.weight: 0.038288
2026-08-28 00:23:00.642 INFO:     products.1.symmetric_contractions.weight: 0.030846
2026-08-28 00:23:00.642 INFO:     products.0.linear.weight: 0.025090
2026-08-28 00:23:00.642 INFO:     products.1.linear.weight: 0.021523
2026-08-28 00:23:00.642 INFO:     charge_embedding.weight: 0.018739
2026-08-28 00:23:00.642 INFO:     interactions.0.conv_tp_weights.layer1.weight: 0.014113
2026-08-28 00:23:00.642 INFO:     interactions.0.linear_up.weight: 0.009386
2026-08-28 00:23:00.642 INFO:   All parameters have nonzero gradients ✓
2026-08-28 00:23:00.642 INFO:   Total grad norm (before clip): 0.1024
2026-08-28 00:23:00.642 INFO: --- End gradient diagnostics ---
2026-08-28 00:34:28.755 INFO:   Epoch energy decomposition (mean/atom): E_inter=0.4573 eV, E_QEq=-0.456935 eV
2026-08-28 00:35:22.326 INFO: Epoch 240: head: Default, loss=0.00142427, RMSE_E_per_atom=    2.88 meV, RMSE_F=   14.93 meV / A
2026-08-28 00:35:22.462 INFO: --- Gradient diagnostics (epoch 241, batch 0) ---
2026-08-28 00:35:22.462 INFO:   forces: pred_rms=0.0918 eV/Å, ref_rms=0.0898 eV/Å, err_rms=0.0157 eV/Å
2026-08-28 00:35:22.463 INFO:   energy/atom: pred_mean=-3.0337 eV, ref_mean=-3.0326 eV, err_mean=0.0031 eV
2026-08-28 00:35:22.463 INFO:   energy decomposition (mean/atom): E_inter=0.4589 eV, E_QEq=-0.480729 eV
2026-08-28 00:35:22.465 INFO:   QEq charges per element: Z=7: mean=-0.4519, std=0.2890, min=-0.6562, max=-0.2476 | Z=15: mean=0.0724, std=0.0396, min=0.0445, max=0.1004 | Z=33: mean=0.1351, std=nan, min=0.1351, max=0.1351 | Z=35: mean=0.0126, std=0.2589, min=-0.3347, max=0.3001 | Z=53: mean=0.2817, std=0.0346, min=-0.0489, max=0.3286 | Z=55: mean=-0.1380, std=0.3597, min=-0.4234, max=0.4615 | Z=82: mean=-0.1930, std=0.3121, min=-0.4465, max=0.3166
2026-08-28 00:35:22.467 INFO:   Top-10 param grad norms:
2026-08-28 00:35:22.467 INFO:     interactions.0.conv_tp_weights.layer0.weight: 0.112471
2026-08-28 00:35:22.467 INFO:     products.0.symmetric_contractions.weight: 0.067106
2026-08-28 00:35:22.467 INFO:     interactions.1.linear.weight: 0.061985
2026-08-28 00:35:22.467 INFO:     interactions.0.linear.weight: 0.054623
2026-08-28 00:35:22.467 INFO:     products.1.symmetric_contractions.weight: 0.048296
2026-08-28 00:35:22.467 INFO:     interactions.0.conv_tp_weights.layer1.weight: 0.037489
2026-08-28 00:35:22.467 INFO:     products.0.linear.weight: 0.034046
2026-08-28 00:35:22.467 INFO:     interactions.0.conv_tp_weights.layer2.weight: 0.023375
2026-08-28 00:35:22.468 INFO:     products.1.linear.weight: 0.022190
2026-08-28 00:35:22.468 INFO:     charge_embedding.weight: 0.017072
2026-08-28 00:35:22.468 INFO:   All parameters have nonzero gradients ✓
2026-08-28 00:35:22.468 INFO:   Total grad norm (before clip): 0.1768
2026-08-28 00:35:22.468 INFO: --- End gradient diagnostics ---
2026-08-28 00:46:53.594 INFO:   Epoch energy decomposition (mean/atom): E_inter=0.4579 eV, E_QEq=-0.457551 eV
2026-08-28 00:47:47.962 INFO: Epoch 241: head: Default, loss=0.00142835, RMSE_E_per_atom=    2.86 meV, RMSE_F=   14.95 meV / A
2026-08-28 00:47:48.097 INFO: --- Gradient diagnostics (epoch 242, batch 0) ---
2026-08-28 00:47:48.097 INFO:   forces: pred_rms=0.0898 eV/Å, ref_rms=0.0894 eV/Å, err_rms=0.0123 eV/Å
2026-08-28 00:47:48.098 INFO:   energy/atom: pred_mean=-3.0530 eV, ref_mean=-3.0524 eV, err_mean=0.0014 eV
2026-08-28 00:47:48.098 INFO:   energy decomposition (mean/atom): E_inter=0.4439 eV, E_QEq=-0.461029 eV
2026-08-28 00:47:48.101 INFO:   QEq charges per element: Z=7: mean=0.0710, std=nan, min=0.0710, max=0.0710 | Z=9: mean=-0.1035, std=nan, min=-0.1035, max=-0.1035 | Z=15: mean=0.1634, std=nan, min=0.1634, max=0.1634 | Z=16: mean=-0.2438, std=nan, min=-0.2438, max=-0.2438 | Z=33: mean=-0.6186, std=nan, min=-0.6186, max=-0.6186 | Z=35: mean=0.0462, std=0.2572, min=-0.3338, max=0.3421 | Z=52: mean=-0.1350, std=0.1336, min=-0.2295, max=-0.0405 | Z=53: mean=0.1040, std=0.2510, min=-0.2808, max=0.3299 | Z=55: mean=-0.0622, std=0.3814, min=-0.3940, max=0.4473 | Z=82: mean=-0.1194, std=0.3400, min=-0.4634, max=0.3272
2026-08-28 00:47:48.102 INFO:   Top-10 param grad norms:
2026-08-28 00:47:48.102 INFO:     products.0.symmetric_contractions.weight: 0.059434
2026-08-28 00:47:48.102 INFO:     interactions.0.conv_tp_weights.layer0.weight: 0.058070
2026-08-28 00:47:48.102 INFO:     interactions.1.linear.weight: 0.047895
2026-08-28 00:47:48.103 INFO:     products.1.symmetric_contractions.weight: 0.045279
2026-08-28 00:47:48.103 INFO:     interactions.0.linear.weight: 0.042420
2026-08-28 00:47:48.103 INFO:     products.0.linear.weight: 0.032573
2026-08-28 00:47:48.103 INFO:     interactions.0.conv_tp_weights.layer1.weight: 0.019153
2026-08-28 00:47:48.103 INFO:     products.1.linear.weight: 0.017506
2026-08-28 00:47:48.103 INFO:     interactions.0.conv_tp_weights.layer3.weight: 0.012253
2026-08-28 00:47:48.103 INFO:     interactions.0.conv_tp_weights.layer2.weight: 0.012123
2026-08-28 00:47:48.103 INFO:   All parameters have nonzero gradients ✓
2026-08-28 00:47:48.103 INFO:   Total grad norm (before clip): 0.1245
2026-08-28 00:47:48.103 INFO: --- End gradient diagnostics ---
2026-08-28 00:59:30.639 INFO:   Epoch energy decomposition (mean/atom): E_inter=0.4580 eV, E_QEq=-0.457643 eV
2026-08-28 01:00:22.134 INFO: Epoch 242: head: Default, loss=0.00142314, RMSE_E_per_atom=    2.87 meV, RMSE_F=   14.92 meV / A
2026-08-28 01:00:22.271 INFO: --- Gradient diagnostics (epoch 243, batch 0) ---
2026-08-28 01:00:22.272 INFO:   forces: pred_rms=0.3292 eV/Å, ref_rms=0.3237 eV/Å, err_rms=0.0203 eV/Å
2026-08-28 01:00:22.272 INFO:   energy/atom: pred_mean=-3.0266 eV, ref_mean=-3.0265 eV, err_mean=0.0028 eV
2026-08-28 01:00:22.273 INFO:   energy decomposition (mean/atom): E_inter=0.5067 eV, E_QEq=-0.484234 eV
2026-08-28 01:00:22.275 INFO:   QEq charges per element: Z=8: mean=-0.0790, std=0.2711, min=-0.3299, max=0.3755 | Z=15: mean=-0.3190, std=0.2259, min=-0.4787, max=-0.1593 | Z=16: mean=-0.0745, std=0.0764, min=-0.1286, max=-0.0205 | Z=35: mean=0.2686, std=0.0264, min=0.1228, max=0.3632 | Z=53: mean=-0.0756, std=0.2580, min=-0.4214, max=0.3214 | Z=55: mean=-0.2204, std=0.3075, min=-0.4252, max=0.4291 | Z=82: mean=-0.2713, std=0.2877, min=-0.5002, max=0.4002
2026-08-28 01:00:22.277 INFO:   Top-10 param grad norms:
2026-08-28 01:00:22.277 INFO:     interactions.0.conv_tp_weights.layer0.weight: 0.450630
2026-08-28 01:00:22.277 INFO:     products.0.symmetric_contractions.weight: 0.220055
2026-08-28 01:00:22.277 INFO:     interactions.0.linear.weight: 0.205963
2026-08-28 01:00:22.277 INFO:     interactions.0.conv_tp_weights.layer1.weight: 0.166169
2026-08-28 01:00:22.277 INFO:     interactions.1.linear.weight: 0.142708
2026-08-28 01:00:22.277 INFO:     interactions.0.conv_tp_weights.layer2.weight: 0.111319
2026-08-28 01:00:22.277 INFO:     products.1.symmetric_contractions.weight: 0.110807
2026-08-28 01:00:22.277 INFO:     products.0.linear.weight: 0.103216
2026-08-28 01:00:22.277 INFO:     interactions.0.conv_tp_weights.layer3.weight: 0.074684
2026-08-28 01:00:22.277 INFO:     charge_embedding.weight: 0.055599
2026-08-28 01:00:22.278 INFO:   All parameters have nonzero gradients ✓
2026-08-28 01:00:22.278 INFO:   Total grad norm (before clip): 0.6260
2026-08-28 01:00:22.278 INFO: --- End gradient diagnostics ---
2026-08-28 01:11:55.182 INFO:   Epoch energy decomposition (mean/atom): E_inter=0.4583 eV, E_QEq=-0.458004 eV
2026-08-28 01:12:50.096 INFO: Epoch 243: head: Default, loss=0.00143848, RMSE_E_per_atom=    2.86 meV, RMSE_F=   15.01 meV / A
2026-08-28 01:12:50.231 INFO: --- Gradient diagnostics (epoch 244, batch 0) ---
2026-08-28 01:12:50.232 INFO:   forces: pred_rms=0.0595 eV/Å, ref_rms=0.0582 eV/Å, err_rms=0.0148 eV/Å
2026-08-28 01:12:50.232 INFO:   energy/atom: pred_mean=-3.0992 eV, ref_mean=-3.0966 eV, err_mean=0.0031 eV
2026-08-28 01:12:50.232 INFO:   energy decomposition (mean/atom): E_inter=0.4572 eV, E_QEq=-0.477082 eV
2026-08-28 01:12:50.235 INFO:   QEq charges per element: Z=7: mean=-0.4018, std=0.3660, min=-0.6607, max=-0.1430 | Z=15: mean=-0.6207, std=nan, min=-0.6207, max=-0.6207 | Z=33: mean=-0.6112, std=nan, min=-0.6112, max=-0.6112 | Z=34: mean=-0.4776, std=nan, min=-0.4776, max=-0.4776 | Z=35: mean=0.0769, std=0.2493, min=-0.3493, max=0.3204 | Z=52: mean=-0.4081, std=nan, min=-0.4081, max=-0.4081 | Z=53: mean=0.2664, std=0.0399, min=-0.0343, max=0.3066 | Z=55: mean=-0.1366, std=0.3546, min=-0.4150, max=0.4452 | Z=82: mean=-0.1855, std=0.3225, min=-0.4684, max=0.3110
2026-08-28 01:12:50.236 INFO:   Top-10 param grad norms:
2026-08-28 01:12:50.236 INFO:     products.0.symmetric_contractions.weight: 0.157391
2026-08-28 01:12:50.237 INFO:     interactions.1.linear.weight: 0.109501
2026-08-28 01:12:50.237 INFO:     interactions.0.linear.weight: 0.088765
2026-08-28 01:12:50.237 INFO:     products.0.linear.weight: 0.077777
2026-08-28 01:12:50.237 INFO:     products.1.symmetric_contractions.weight: 0.065903
2026-08-28 01:12:50.237 INFO:     interactions.0.conv_tp_weights.layer0.weight: 0.065633
2026-08-28 01:12:50.237 INFO:     products.1.linear.weight: 0.051021
2026-08-28 01:12:50.237 INFO:     charge_embedding.weight: 0.029285
2026-08-28 01:12:50.237 INFO:     interactions.0.conv_tp_weights.layer1.weight: 0.021333
2026-08-28 01:12:50.237 INFO:     interactions.0.conv_tp_weights.layer3.weight: 0.020876
2026-08-28 01:12:50.237 INFO:   All parameters have nonzero gradients ✓
2026-08-28 01:12:50.237 INFO:   Total grad norm (before clip): 0.2573
2026-08-28 01:12:50.237 INFO: --- End gradient diagnostics ---
2026-08-28 01:24:35.247 INFO:   Epoch energy decomposition (mean/atom): E_inter=0.4588 eV, E_QEq=-0.458444 eV
2026-08-28 01:25:33.485 INFO: Epoch 244: head: Default, loss=0.00140847, RMSE_E_per_atom=    2.86 meV, RMSE_F=   14.85 meV / A
2026-08-28 01:25:33.680 INFO: --- Gradient diagnostics (epoch 245, batch 0) ---
2026-08-28 01:25:33.681 INFO:   forces: pred_rms=0.1369 eV/Å, ref_rms=0.1332 eV/Å, err_rms=0.0164 eV/Å
2026-08-28 01:25:33.681 INFO:   energy/atom: pred_mean=-2.9162 eV, ref_mean=-2.9167 eV, err_mean=0.0030 eV
2026-08-28 01:25:33.681 INFO:   energy decomposition (mean/atom): E_inter=0.4758 eV, E_QEq=-0.491018 eV
2026-08-28 01:25:33.684 INFO:   QEq charges per element: Z=7: mean=-0.0997, std=nan, min=-0.0997, max=-0.0997 | Z=8: mean=-0.1099, std=nan, min=-0.1099, max=-0.1099 | Z=9: mean=-0.7047, std=nan, min=-0.7047, max=-0.7047 | Z=16: mean=-0.3541, std=nan, min=-0.3541, max=-0.3541 | Z=33: mean=-0.1936, std=0.2922, min=-0.4389, max=0.1297 | Z=35: mean=0.2717, std=0.0158, min=0.1618, max=0.3237 | Z=53: mean=0.1315, std=0.2370, min=-0.3344, max=0.3339 | Z=55: mean=-0.2186, std=0.3115, min=-0.4647, max=0.4817 | Z=82: mean=-0.2585, std=0.2796, min=-0.4577, max=0.3270
2026-08-28 01:25:33.685 INFO:   Top-10 param grad norms:
2026-08-28 01:25:33.685 INFO:     interactions.0.conv_tp_weights.layer0.weight: 0.117275
2026-08-28 01:25:33.686 INFO:     products.0.symmetric_contractions.weight: 0.071748
2026-08-28 01:25:33.686 INFO:     interactions.1.linear.weight: 0.070736
2026-08-28 01:25:33.686 INFO:     interactions.0.linear.weight: 0.064040
2026-08-28 01:25:33.686 INFO:     products.1.symmetric_contractions.weight: 0.056502
2026-08-28 01:25:33.686 INFO:     products.0.linear.weight: 0.043419
2026-08-28 01:25:33.686 INFO:     interactions.0.conv_tp_weights.layer1.weight: 0.038128
2026-08-28 01:25:33.686 INFO:     products.1.linear.weight: 0.036709
2026-08-28 01:25:33.686 INFO:     interactions.0.conv_tp_weights.layer2.weight: 0.022835
2026-08-28 01:25:33.686 INFO:     interactions.0.conv_tp_weights.layer3.weight: 0.018587
2026-08-28 01:25:33.686 INFO:   All parameters have nonzero gradients ✓
2026-08-28 01:25:33.686 INFO:   Total grad norm (before clip): 0.1951
2026-08-28 01:25:33.686 INFO: --- End gradient diagnostics ---
2026-08-28 01:37:53.676 INFO:   Epoch energy decomposition (mean/atom): E_inter=0.4587 eV, E_QEq=-0.458422 eV
2026-08-28 01:38:49.711 INFO: Epoch 245: head: Default, loss=0.00143741, RMSE_E_per_atom=    2.88 meV, RMSE_F=   15.00 meV / A
2026-08-28 01:38:49.853 INFO: --- Gradient diagnostics (epoch 246, batch 0) ---
2026-08-28 01:38:49.853 INFO:   forces: pred_rms=0.2021 eV/Å, ref_rms=0.1998 eV/Å, err_rms=0.0163 eV/Å
2026-08-28 01:38:49.854 INFO:   energy/atom: pred_mean=-2.9247 eV, ref_mean=-2.9251 eV, err_mean=0.0009 eV
2026-08-28 01:38:49.854 INFO:   energy decomposition (mean/atom): E_inter=0.4688 eV, E_QEq=-0.457299 eV
2026-08-28 01:38:49.857 INFO:   QEq charges per element: Z=7: mean=-0.7455, std=nan, min=-0.7455, max=-0.7455 | Z=9: mean=-0.4760, std=nan, min=-0.4760, max=-0.4760 | Z=15: mean=-0.1198, std=0.3909, min=-0.3962, max=0.1566 | Z=17: mean=-0.4425, std=nan, min=-0.4425, max=-0.4425 | Z=33: mean=-0.3075, std=0.0862, min=-0.3684, max=-0.2465 | Z=35: mean=0.1441, std=0.2406, min=-0.3462, max=0.3400 | Z=52: mean=-0.3317, std=0.0467, min=-0.3647, max=-0.2987 | Z=53: mean=-0.0761, std=0.2530, min=-0.2813, max=0.4223 | Z=55: mean=0.0152, std=0.3556, min=-0.3853, max=0.4420 | Z=82: mean=-0.0373, std=0.3610, min=-0.5009, max=0.4113
2026-08-28 01:38:49.858 INFO:   Top-10 param grad norms:
2026-08-28 01:38:49.858 INFO:     products.0.symmetric_contractions.weight: 0.089079
2026-08-28 01:38:49.858 INFO:     interactions.0.conv_tp_weights.layer0.weight: 0.084597
2026-08-28 01:38:49.858 INFO:     interactions.1.linear.weight: 0.075580
2026-08-28 01:38:49.858 INFO:     products.1.symmetric_contractions.weight: 0.068550
2026-08-28 01:38:49.858 INFO:     interactions.0.linear.weight: 0.068262
2026-08-28 01:38:49.858 INFO:     products.1.linear.weight: 0.044940
2026-08-28 01:38:49.859 INFO:     products.0.linear.weight: 0.043919
2026-08-28 01:38:49.859 INFO:     interactions.0.conv_tp_weights.layer1.weight: 0.032447
2026-08-28 01:38:49.859 INFO:     charge_embedding.weight: 0.021400
2026-08-28 01:38:49.859 INFO:     interactions.0.conv_tp_weights.layer2.weight: 0.020879
2026-08-28 01:38:49.859 INFO:   All parameters have nonzero gradients ✓
2026-08-28 01:38:49.859 INFO:   Total grad norm (before clip): 0.1933
2026-08-28 01:38:49.859 INFO: --- End gradient diagnostics ---
2026-08-28 01:51:04.957 INFO:   Epoch energy decomposition (mean/atom): E_inter=0.4591 eV, E_QEq=-0.458754 eV
2026-08-28 01:51:58.024 INFO: Epoch 246: head: Default, loss=0.00141846, RMSE_E_per_atom=    2.87 meV, RMSE_F=   14.90 meV / A
2026-08-28 01:51:58.158 INFO: --- Gradient diagnostics (epoch 247, batch 0) ---
2026-08-28 01:51:58.159 INFO:   forces: pred_rms=0.0519 eV/Å, ref_rms=0.0512 eV/Å, err_rms=0.0105 eV/Å
2026-08-28 01:51:58.159 INFO:   energy/atom: pred_mean=-3.0944 eV, ref_mean=-3.0943 eV, err_mean=0.0008 eV
2026-08-28 01:51:58.159 INFO:   energy decomposition (mean/atom): E_inter=0.4298 eV, E_QEq=-0.445537 eV
2026-08-28 01:51:58.162 INFO:   QEq charges per element: Z=7: mean=-0.0221, std=0.1246, min=-0.1102, max=0.0660 | Z=16: mean=-0.3788, std=0.1817, min=-0.5073, max=-0.2503 | Z=33: mean=-0.4966, std=nan, min=-0.4966, max=-0.4966 | Z=34: mean=-0.4978, std=nan, min=-0.4978, max=-0.4978 | Z=35: mean=0.0098, std=0.2573, min=-0.3386, max=0.3161 | Z=52: mean=-0.1894, std=0.2346, min=-0.4407, max=0.1200 | Z=53: mean=0.0159, std=0.2628, min=-0.2924, max=0.3085 | Z=55: mean=0.0140, std=0.3833, min=-0.4040, max=0.4650 | Z=82: mean=-0.0565, std=0.3547, min=-0.4401, max=0.3493
2026-08-28 01:51:58.164 INFO:   Top-10 param grad norms:
2026-08-28 01:51:58.164 INFO:     interactions.0.conv_tp_weights.layer0.weight: 0.069105
2026-08-28 01:51:58.164 INFO:     products.0.symmetric_contractions.weight: 0.044948
2026-08-28 01:51:58.164 INFO:     interactions.0.linear.weight: 0.036622
2026-08-28 01:51:58.164 INFO:     interactions.1.linear.weight: 0.035688
2026-08-28 01:51:58.164 INFO:     products.1.symmetric_contractions.weight: 0.029165
2026-08-28 01:51:58.164 INFO:     interactions.0.conv_tp_weights.layer1.weight: 0.024794
2026-08-28 01:51:58.164 INFO:     products.0.linear.weight: 0.021266
2026-08-28 01:51:58.164 INFO:     interactions.0.conv_tp_weights.layer2.weight: 0.016910
2026-08-28 01:51:58.165 INFO:     products.1.linear.weight: 0.014643
2026-08-28 01:51:58.165 INFO:     interactions.0.conv_tp_weights.layer3.weight: 0.013009
2026-08-28 01:51:58.165 INFO:   All parameters have nonzero gradients ✓
2026-08-28 01:51:58.165 INFO:   Total grad norm (before clip): 0.1108
2026-08-28 01:51:58.165 INFO: --- End gradient diagnostics ---
2026-08-28 02:03:38.000 INFO:   Epoch energy decomposition (mean/atom): E_inter=0.4591 eV, E_QEq=-0.458748 eV
2026-08-28 02:04:31.314 INFO: Epoch 247: head: Default, loss=0.00140845, RMSE_E_per_atom=    2.87 meV, RMSE_F=   14.85 meV / A
2026-08-28 02:04:31.490 INFO: --- Gradient diagnostics (epoch 248, batch 0) ---
2026-08-28 02:04:31.491 INFO:   forces: pred_rms=0.0574 eV/Å, ref_rms=0.0547 eV/Å, err_rms=0.0127 eV/Å
2026-08-28 02:04:31.491 INFO:   energy/atom: pred_mean=-3.1339 eV, ref_mean=-3.1336 eV, err_mean=0.0016 eV
2026-08-28 02:04:31.491 INFO:   energy decomposition (mean/atom): E_inter=0.4651 eV, E_QEq=-0.483305 eV
2026-08-28 02:04:31.493 INFO:   QEq charges per element: Z=7: mean=-0.6530, std=nan, min=-0.6530, max=-0.6530 | Z=8: mean=-0.3410, std=nan, min=-0.3410, max=-0.3410 | Z=15: mean=-0.4419, std=0.0398, min=-0.4700, max=-0.4137 | Z=33: mean=-0.0715, std=0.2637, min=-0.2580, max=0.1150 | Z=35: mean=0.1000, std=0.2441, min=-0.2934, max=0.3158 | Z=53: mean=-0.2575, std=0.0780, min=-0.2968, max=0.2741 | Z=55: mean=-0.0593, std=0.3621, min=-0.3791, max=0.4357 | Z=82: mean=-0.1199, std=0.3426, min=-0.4356, max=0.3413
2026-08-28 02:04:31.495 INFO:   Top-10 param grad norms:
2026-08-28 02:04:31.495 INFO:     products.0.symmetric_contractions.weight: 0.076056
2026-08-28 02:04:31.495 INFO:     interactions.0.conv_tp_weights.layer0.weight: 0.060206
2026-08-28 02:04:31.495 INFO:     interactions.1.linear.weight: 0.058279
2026-08-28 02:04:31.495 INFO:     interactions.0.linear.weight: 0.048738
2026-08-28 02:04:31.495 INFO:     products.1.symmetric_contractions.weight: 0.043776
2026-08-28 02:04:31.495 INFO:     products.0.linear.weight: 0.038633
2026-08-28 02:04:31.495 INFO:     products.1.linear.weight: 0.025020
2026-08-28 02:04:31.495 INFO:     interactions.0.conv_tp_weights.layer1.weight: 0.020653
2026-08-28 02:04:31.495 INFO:     interactions.0.conv_tp_weights.layer2.weight: 0.014306
2026-08-28 02:04:31.495 INFO:     chi_readouts.1.linear_2.weight: 0.012813
2026-08-28 02:04:31.496 INFO:   All parameters have nonzero gradients ✓
2026-08-28 02:04:31.496 INFO:   Total grad norm (before clip): 0.1439
2026-08-28 02:04:31.496 INFO: --- End gradient diagnostics ---
2026-08-28 02:17:04.387 INFO:   Epoch energy decomposition (mean/atom): E_inter=0.4597 eV, E_QEq=-0.459336 eV
2026-08-28 02:18:02.029 INFO: Epoch 248: head: Default, loss=0.00140699, RMSE_E_per_atom=    2.86 meV, RMSE_F=   14.84 meV / A
2026-08-28 02:18:02.213 INFO: --- Gradient diagnostics (epoch 249, batch 0) ---
2026-08-28 02:18:02.214 INFO:   forces: pred_rms=0.0665 eV/Å, ref_rms=0.0639 eV/Å, err_rms=0.0116 eV/Å
2026-08-28 02:18:02.214 INFO:   energy/atom: pred_mean=-3.0314 eV, ref_mean=-3.0310 eV, err_mean=0.0032 eV
2026-08-28 02:18:02.214 INFO:   energy decomposition (mean/atom): E_inter=0.4527 eV, E_QEq=-0.475664 eV
2026-08-28 02:18:02.218 INFO:   QEq charges per element: Z=7: mean=0.0153, std=nan, min=0.0153, max=0.0153 | Z=8: mean=0.2821, std=nan, min=0.2821, max=0.2821 | Z=15: mean=-0.4380, std=nan, min=-0.4380, max=-0.4380 | Z=16: mean=-0.3083, std=nan, min=-0.3083, max=-0.3083 | Z=17: mean=-0.2758, std=nan, min=-0.2758, max=-0.2758 | Z=33: mean=-0.0733, std=nan, min=-0.0733, max=-0.0733 | Z=34: mean=-0.5179, std=nan, min=-0.5179, max=-0.5179 | Z=35: mean=0.1009, std=0.2454, min=-0.2702, max=0.3281 | Z=52: mean=-0.1917, std=nan, min=-0.1917, max=-0.1917 | Z=53: mean=0.1402, std=0.2229, min=-0.2606, max=0.3019 | Z=55: mean=-0.1452, std=0.3488, min=-0.4126, max=0.4513 | Z=82: mean=-0.1839, std=0.3213, min=-0.4564, max=0.3241
2026-08-28 02:18:02.220 INFO:   Top-10 param grad norms:
2026-08-28 02:18:02.220 INFO:     products.0.symmetric_contractions.weight: 0.043704
2026-08-28 02:18:02.220 INFO:     interactions.0.linear.weight: 0.040189
2026-08-28 02:18:02.220 INFO:     interactions.1.linear.weight: 0.038739
2026-08-28 02:18:02.220 INFO:     products.0.linear.weight: 0.033742
2026-08-28 02:18:02.220 INFO:     products.1.linear.weight: 0.025963
2026-08-28 02:18:02.220 INFO:     products.1.symmetric_contractions.weight: 0.025487
2026-08-28 02:18:02.220 INFO:     charge_embedding.weight: 0.015582
2026-08-28 02:18:02.220 INFO:     chi_readouts.0.linear.weight: 0.013537
2026-08-28 02:18:02.220 INFO:     chi_readouts.1.linear_2.weight: 0.010487
2026-08-28 02:18:02.220 INFO:     interactions.0.skip_tp.weight: 0.010024
2026-08-28 02:18:02.220 INFO:   All parameters have nonzero gradients ✓
2026-08-28 02:18:02.220 INFO:   Total grad norm (before clip): 0.0930
2026-08-28 02:18:02.221 INFO: --- End gradient diagnostics ---
2026-08-28 02:30:52.326 INFO:   Epoch energy decomposition (mean/atom): E_inter=0.4598 eV, E_QEq=-0.459483 eV
2026-08-28 02:31:53.508 INFO: Epoch 249: head: Default, loss=0.00140044, RMSE_E_per_atom=    2.87 meV, RMSE_F=   14.80 meV / A
2026-08-28 02:31:53.699 INFO: --- Gradient diagnostics (epoch 250, batch 0) ---
2026-08-28 02:31:53.700 INFO:   forces: pred_rms=0.2255 eV/Å, ref_rms=0.2246 eV/Å, err_rms=0.0161 eV/Å
2026-08-28 02:31:53.700 INFO:   energy/atom: pred_mean=-3.0639 eV, ref_mean=-3.0626 eV, err_mean=0.0019 eV
2026-08-28 02:31:53.701 INFO:   energy decomposition (mean/atom): E_inter=0.4831 eV, E_QEq=-0.471549 eV
2026-08-28 02:31:53.704 INFO:   QEq charges per element: Z=7: mean=0.0622, std=nan, min=0.0622, max=0.0622 | Z=16: mean=-0.2362, std=0.4042, min=-0.5220, max=0.0496 | Z=17: mean=-0.1074, std=nan, min=-0.1074, max=-0.1074 | Z=33: mean=-0.3382, std=0.1301, min=-0.4302, max=-0.2461 | Z=35: mean=0.0728, std=0.2552, min=-0.3377, max=0.3561 | Z=52: mean=-0.5876, std=nan, min=-0.5876, max=-0.5876 | Z=53: mean=0.0245, std=0.2711, min=-0.3108, max=0.3121 | Z=55: mean=-0.0640, std=0.3699, min=-0.4038, max=0.4561 | Z=82: mean=-0.1097, std=0.3467, min=-0.4807, max=0.3773
2026-08-28 02:31:53.705 INFO:   Top-10 param grad norms:
2026-08-28 02:31:53.705 INFO:     interactions.0.conv_tp_weights.layer0.weight: 0.090269
2026-08-28 02:31:53.705 INFO:     products.0.symmetric_contractions.weight: 0.084240
2026-08-28 02:31:53.706 INFO:     interactions.1.linear.weight: 0.075769
2026-08-28 02:31:53.706 INFO:     interactions.0.linear.weight: 0.069094
2026-08-28 02:31:53.706 INFO:     products.1.symmetric_contractions.weight: 0.051447
2026-08-28 02:31:53.706 INFO:     products.0.linear.weight: 0.048491
2026-08-28 02:31:53.706 INFO:     interactions.0.conv_tp_weights.layer1.weight: 0.029112
2026-08-28 02:31:53.706 INFO:     products.1.linear.weight: 0.028568
2026-08-28 02:31:53.706 INFO:     charge_embedding.weight: 0.019104
2026-08-28 02:31:53.706 INFO:     interactions.0.conv_tp_weights.layer2.weight: 0.017588
2026-08-28 02:31:53.706 INFO:   All parameters have nonzero gradients ✓
2026-08-28 02:31:53.706 INFO:   Total grad norm (before clip): 0.1860
2026-08-28 02:31:53.706 INFO: --- End gradient diagnostics ---
2026-08-28 02:44:19.042 INFO:   Epoch energy decomposition (mean/atom): E_inter=0.4603 eV, E_QEq=-0.459977 eV
2026-08-28 02:45:12.313 INFO: Epoch 250: head: Default, loss=0.00141250, RMSE_E_per_atom=    2.84 meV, RMSE_F=   14.87 meV / A
2026-08-28 02:45:12.449 INFO: --- Gradient diagnostics (epoch 251, batch 0) ---
2026-08-28 02:45:12.450 INFO:   forces: pred_rms=0.1588 eV/Å, ref_rms=0.1571 eV/Å, err_rms=0.0180 eV/Å
2026-08-28 02:45:12.450 INFO:   energy/atom: pred_mean=-2.9598 eV, ref_mean=-2.9595 eV, err_mean=0.0014 eV
2026-08-28 02:45:12.451 INFO:   energy decomposition (mean/atom): E_inter=0.4635 eV, E_QEq=-0.458075 eV
2026-08-28 02:45:12.453 INFO:   QEq charges per element: Z=15: mean=-0.4528, std=0.3390, min=-0.6925, max=-0.2131 | Z=16: mean=-0.1259, std=0.2541, min=-0.3056, max=0.0537 | Z=17: mean=-0.0311, std=nan, min=-0.0311, max=-0.0311 | Z=33: mean=-0.1890, std=nan, min=-0.1890, max=-0.1890 | Z=34: mean=-0.2356, std=0.2712, min=-0.4273, max=-0.0438 | Z=35: mean=0.0628, std=0.2575, min=-0.2805, max=0.3266 | Z=53: mean=0.0622, std=0.2585, min=-0.3119, max=0.3720 | Z=55: mean=-0.0653, std=0.3659, min=-0.4099, max=0.4305 | Z=82: mean=-0.1195, std=0.3467, min=-0.4532, max=0.3418
2026-08-28 02:45:12.455 INFO:   Top-10 param grad norms:
2026-08-28 02:45:12.455 INFO:     interactions.1.linear.weight: 0.097334
2026-08-28 02:45:12.455 INFO:     products.0.symmetric_contractions.weight: 0.069671
2026-08-28 02:45:12.455 INFO:     products.1.symmetric_contractions.weight: 0.067418
2026-08-28 02:45:12.455 INFO:     interactions.0.conv_tp_weights.layer0.weight: 0.066512
2026-08-28 02:45:12.455 INFO:     interactions.0.linear.weight: 0.052588
2026-08-28 02:45:12.455 INFO:     products.0.linear.weight: 0.050305
2026-08-28 02:45:12.455 INFO:     products.1.linear.weight: 0.031299
2026-08-28 02:45:12.455 INFO:     interactions.0.conv_tp_weights.layer1.weight: 0.024291
2026-08-28 02:45:12.455 INFO:     interactions.0.conv_tp_weights.layer2.weight: 0.015528
2026-08-28 02:45:12.455 INFO:     charge_embedding.weight: 0.013510
2026-08-28 02:45:12.455 INFO:   All parameters have nonzero gradients ✓
2026-08-28 02:45:12.455 INFO:   Total grad norm (before clip): 0.1769
2026-08-28 02:45:12.456 INFO: --- End gradient diagnostics ---
2026-08-28 02:56:56.390 INFO:   Epoch energy decomposition (mean/atom): E_inter=0.4602 eV, E_QEq=-0.459924 eV
2026-08-28 02:57:53.737 INFO: Epoch 251: head: Default, loss=0.00140322, RMSE_E_per_atom=    2.84 meV, RMSE_F=   14.82 meV / A
2026-08-28 02:57:53.891 INFO: --- Gradient diagnostics (epoch 252, batch 0) ---
2026-08-28 02:57:53.892 INFO:   forces: pred_rms=0.0874 eV/Å, ref_rms=0.0875 eV/Å, err_rms=0.0139 eV/Å
2026-08-28 02:57:53.892 INFO:   energy/atom: pred_mean=-3.0308 eV, ref_mean=-3.0310 eV, err_mean=0.0017 eV
2026-08-28 02:57:53.892 INFO:   energy decomposition (mean/atom): E_inter=0.4844 eV, E_QEq=-0.511299 eV
2026-08-28 02:57:53.895 INFO:   QEq charges per element: Z=7: mean=0.0055, std=nan, min=0.0055, max=0.0055 | Z=15: mean=-0.3560, std=0.1121, min=-0.4686, max=-0.2042 | Z=34: mean=-0.2155, std=0.1387, min=-0.3135, max=-0.1174 | Z=35: mean=0.1839, std=0.1930, min=-0.2652, max=0.3147 | Z=52: mean=-0.4117, std=nan, min=-0.4117, max=-0.4117 | Z=53: mean=0.2768, std=0.0269, min=0.1533, max=0.3317 | Z=55: mean=-0.2898, std=0.2389, min=-0.4073, max=0.4285 | Z=82: mean=-0.3362, std=0.2029, min=-0.4450, max=0.3144
2026-08-28 02:57:53.897 INFO:   Top-10 param grad norms:
2026-08-28 02:57:53.897 INFO:     products.0.symmetric_contractions.weight: 0.090789
2026-08-28 02:57:53.897 INFO:     interactions.1.linear.weight: 0.071685
2026-08-28 02:57:53.897 INFO:     products.1.symmetric_contractions.weight: 0.060883
2026-08-28 02:57:53.897 INFO:     interactions.0.linear.weight: 0.057138
2026-08-28 02:57:53.897 INFO:     interactions.0.conv_tp_weights.layer0.weight: 0.056039
2026-08-28 02:57:53.897 INFO:     products.0.linear.weight: 0.039437
2026-08-28 02:57:53.897 INFO:     products.1.linear.weight: 0.036834
2026-08-28 02:57:53.897 INFO:     charge_embedding.weight: 0.022007
2026-08-28 02:57:53.897 INFO:     interactions.0.conv_tp_weights.layer1.weight: 0.020609
2026-08-28 02:57:53.897 INFO:     interactions.0.conv_tp_weights.layer3.weight: 0.016703
2026-08-28 02:57:53.897 INFO:   All parameters have nonzero gradients ✓
2026-08-28 02:57:53.897 INFO:   Total grad norm (before clip): 0.1700
2026-08-28 02:57:53.898 INFO: --- End gradient diagnostics ---
2026-08-28 03:09:40.922 INFO:   Epoch energy decomposition (mean/atom): E_inter=0.4606 eV, E_QEq=-0.460243 eV
2026-08-28 03:10:33.448 INFO: Epoch 252: head: Default, loss=0.00140905, RMSE_E_per_atom=    2.84 meV, RMSE_F=   14.85 meV / A
2026-08-28 03:10:33.581 INFO: --- Gradient diagnostics (epoch 253, batch 0) ---
2026-08-28 03:10:33.581 INFO:   forces: pred_rms=0.1346 eV/Å, ref_rms=0.1338 eV/Å, err_rms=0.0144 eV/Å
2026-08-28 03:10:33.581 INFO:   energy/atom: pred_mean=-3.0477 eV, ref_mean=-3.0468 eV, err_mean=0.0027 eV
2026-08-28 03:10:33.582 INFO:   energy decomposition (mean/atom): E_inter=0.4399 eV, E_QEq=-0.440534 eV
2026-08-28 03:10:33.584 INFO:   QEq charges per element: Z=7: mean=-0.6320, std=0.0209, min=-0.6468, max=-0.6172 | Z=16: mean=0.2845, std=nan, min=0.2845, max=0.2845 | Z=33: mean=-0.5418, std=0.1970, min=-0.7648, max=-0.3914 | Z=34: mean=-0.2144, std=nan, min=-0.2144, max=-0.2144 | Z=35: mean=-0.0282, std=0.2567, min=-0.3279, max=0.3086 | Z=53: mean=-0.0714, std=0.2611, min=-0.3193, max=0.3371 | Z=55: mean=0.0903, std=0.3689, min=-0.3767, max=0.4475 | Z=82: mean=0.0191, std=0.3453, min=-0.4507, max=0.3650
2026-08-28 03:10:33.585 INFO:   Top-10 param grad norms:
2026-08-28 03:10:33.585 INFO:     products.0.symmetric_contractions.weight: 0.081134
2026-08-28 03:10:33.585 INFO:     interactions.1.linear.weight: 0.068092
2026-08-28 03:10:33.586 INFO:     interactions.0.conv_tp_weights.layer0.weight: 0.059156
2026-08-28 03:10:33.586 INFO:     products.1.symmetric_contractions.weight: 0.056609
2026-08-28 03:10:33.586 INFO:     interactions.0.linear.weight: 0.048953
2026-08-28 03:10:33.586 INFO:     products.0.linear.weight: 0.040627
2026-08-28 03:10:33.586 INFO:     products.1.linear.weight: 0.030651
2026-08-28 03:10:33.586 INFO:     interactions.0.conv_tp_weights.layer1.weight: 0.019290
2026-08-28 03:10:33.586 INFO:     chi_readouts.0.linear.weight: 0.014824
2026-08-28 03:10:33.586 INFO:     charge_embedding.weight: 0.014682
2026-08-28 03:10:33.586 INFO:   All parameters have nonzero gradients ✓
2026-08-28 03:10:33.586 INFO:   Total grad norm (before clip): 0.1577
2026-08-28 03:10:33.586 INFO: --- End gradient diagnostics ---
2026-08-28 03:22:43.513 INFO:   Epoch energy decomposition (mean/atom): E_inter=0.4612 eV, E_QEq=-0.460907 eV
2026-08-28 03:23:39.148 INFO: Epoch 253: head: Default, loss=0.00140675, RMSE_E_per_atom=    2.84 meV, RMSE_F=   14.84 meV / A
2026-08-28 03:23:39.285 INFO: --- Gradient diagnostics (epoch 254, batch 0) ---
2026-08-28 03:23:39.285 INFO:   forces: pred_rms=0.1517 eV/Å, ref_rms=0.1516 eV/Å, err_rms=0.0143 eV/Å
2026-08-28 03:23:39.285 INFO:   energy/atom: pred_mean=-3.0072 eV, ref_mean=-3.0064 eV, err_mean=0.0009 eV
2026-08-28 03:23:39.286 INFO:   energy decomposition (mean/atom): E_inter=0.4769 eV, E_QEq=-0.480283 eV
2026-08-28 03:23:39.288 INFO:   QEq charges per element: Z=7: mean=-0.0989, std=nan, min=-0.0989, max=-0.0989 | Z=15: mean=-0.2122, std=0.4057, min=-0.4991, max=0.0747 | Z=16: mean=-0.1658, std=0.2892, min=-0.3703, max=0.0387 | Z=17: mean=0.2990, std=nan, min=0.2990, max=0.2990 | Z=33: mean=-0.0367, std=nan, min=-0.0367, max=-0.0367 | Z=34: mean=-0.4217, std=0.1373, min=-0.5187, max=-0.3246 | Z=35: mean=0.1032, std=0.2505, min=-0.2806, max=0.3082 | Z=53: mean=0.1380, std=0.2257, min=-0.2674, max=0.3620 | Z=55: mean=-0.1431, std=0.3453, min=-0.4530, max=0.4295 | Z=82: mean=-0.1867, std=0.3281, min=-0.4833, max=0.3594
2026-08-28 03:23:39.290 INFO:   Top-10 param grad norms:
2026-08-28 03:23:39.290 INFO:     products.0.symmetric_contractions.weight: 0.059137
2026-08-28 03:23:39.290 INFO:     interactions.1.linear.weight: 0.051530
2026-08-28 03:23:39.290 INFO:     products.1.symmetric_contractions.weight: 0.050121
2026-08-28 03:23:39.290 INFO:     interactions.0.conv_tp_weights.layer0.weight: 0.047953
2026-08-28 03:23:39.290 INFO:     interactions.0.linear.weight: 0.040461
2026-08-28 03:23:39.290 INFO:     products.0.linear.weight: 0.036257
2026-08-28 03:23:39.290 INFO:     products.1.linear.weight: 0.022413
2026-08-28 03:23:39.290 INFO:     interactions.0.conv_tp_weights.layer1.weight: 0.017475
2026-08-28 03:23:39.291 INFO:     interactions.0.conv_tp_weights.layer2.weight: 0.012046
2026-08-28 03:23:39.291 INFO:     chi_readouts.1.linear_2.weight: 0.011309
2026-08-28 03:23:39.291 INFO:   All parameters have nonzero gradients ✓
2026-08-28 03:23:39.291 INFO:   Total grad norm (before clip): 0.1252
2026-08-28 03:23:39.291 INFO: --- End gradient diagnostics ---
2026-08-28 03:36:03.741 INFO:   Epoch energy decomposition (mean/atom): E_inter=0.4609 eV, E_QEq=-0.460571 eV
2026-08-28 03:37:02.208 INFO: Epoch 254: head: Default, loss=0.00139237, RMSE_E_per_atom=    2.84 meV, RMSE_F=   14.76 meV / A
2026-08-28 03:37:02.388 INFO: --- Gradient diagnostics (epoch 255, batch 0) ---
2026-08-28 03:37:02.388 INFO:   forces: pred_rms=0.1830 eV/Å, ref_rms=0.1793 eV/Å, err_rms=0.0169 eV/Å
2026-08-28 03:37:02.389 INFO:   energy/atom: pred_mean=-2.9570 eV, ref_mean=-2.9569 eV, err_mean=0.0037 eV
2026-08-28 03:37:02.389 INFO:   energy decomposition (mean/atom): E_inter=0.4606 eV, E_QEq=-0.452324 eV
2026-08-28 03:37:02.393 INFO:   QEq charges per element: Z=7: mean=-0.2044, std=0.1314, min=-0.2973, max=-0.1115 | Z=9: mean=-0.4996, std=nan, min=-0.4996, max=-0.4996 | Z=15: mean=-0.3714, std=nan, min=-0.3714, max=-0.3714 | Z=17: mean=0.0694, std=nan, min=0.0694, max=0.0694 | Z=33: mean=-0.1568, std=nan, min=-0.1568, max=-0.1568 | Z=35: mean=-0.0423, std=0.2613, min=-0.3007, max=0.3786 | Z=52: mean=-0.0382, std=nan, min=-0.0382, max=-0.0382 | Z=53: mean=0.0621, std=0.2639, min=-0.3674, max=0.3394 | Z=55: mean=0.0072, std=0.3749, min=-0.4320, max=0.4241 | Z=82: mean=-0.0473, std=0.3622, min=-0.5168, max=0.3711
2026-08-28 03:37:02.394 INFO:   Top-10 param grad norms:
2026-08-28 03:37:02.395 INFO:     interactions.0.conv_tp_weights.layer0.weight: 0.092012
2026-08-28 03:37:02.395 INFO:     products.0.symmetric_contractions.weight: 0.088482
2026-08-28 03:37:02.395 INFO:     interactions.1.linear.weight: 0.073099
2026-08-28 03:37:02.395 INFO:     interactions.0.linear.weight: 0.069918
2026-08-28 03:37:02.395 INFO:     products.1.symmetric_contractions.weight: 0.058127
2026-08-28 03:37:02.395 INFO:     products.0.linear.weight: 0.051064
2026-08-28 03:37:02.395 INFO:     products.1.linear.weight: 0.033158
2026-08-28 03:37:02.395 INFO:     interactions.0.conv_tp_weights.layer1.weight: 0.032470
2026-08-28 03:37:02.395 INFO:     charge_embedding.weight: 0.022809
2026-08-28 03:37:02.395 INFO:     interactions.0.conv_tp_weights.layer2.weight: 0.022541
2026-08-28 03:37:02.395 INFO:   All parameters have nonzero gradients ✓
2026-08-28 03:37:02.395 INFO:   Total grad norm (before clip): 0.1950
2026-08-28 03:37:02.395 INFO: --- End gradient diagnostics ---
2026-08-28 03:49:29.949 INFO:   Epoch energy decomposition (mean/atom): E_inter=0.4617 eV, E_QEq=-0.461337 eV
2026-08-28 03:50:27.330 INFO: Epoch 255: head: Default, loss=0.00139707, RMSE_E_per_atom=    2.87 meV, RMSE_F=   14.78 meV / A
2026-08-28 03:50:27.466 INFO: --- Gradient diagnostics (epoch 256, batch 0) ---
2026-08-28 03:50:27.466 INFO:   forces: pred_rms=0.2371 eV/Å, ref_rms=0.2362 eV/Å, err_rms=0.0164 eV/Å
2026-08-28 03:50:27.467 INFO:   energy/atom: pred_mean=-3.0400 eV, ref_mean=-3.0405 eV, err_mean=0.0030 eV
2026-08-28 03:50:27.467 INFO:   energy decomposition (mean/atom): E_inter=0.5082 eV, E_QEq=-0.497808 eV
2026-08-28 03:50:27.470 INFO:   QEq charges per element: Z=7: mean=-0.0754, std=nan, min=-0.0754, max=-0.0754 | Z=9: mean=0.2325, std=nan, min=0.2325, max=0.2325 | Z=15: mean=-0.1440, std=0.2617, min=-0.4065, max=0.1168 | Z=17: mean=0.0042, std=nan, min=0.0042, max=0.0042 | Z=33: mean=0.0984, std=nan, min=0.0984, max=0.0984 | Z=35: mean=0.1958, std=0.1851, min=-0.3214, max=0.3233 | Z=53: mean=0.1032, std=0.2503, min=-0.3526, max=0.4103 | Z=55: mean=-0.2038, std=0.3074, min=-0.4290, max=0.4345 | Z=82: mean=-0.2661, std=0.2769, min=-0.4638, max=0.3737
2026-08-28 03:50:27.471 INFO:   Top-10 param grad norms:
2026-08-28 03:50:27.471 INFO:     products.0.symmetric_contractions.weight: 0.077389
2026-08-28 03:50:27.471 INFO:     products.1.symmetric_contractions.weight: 0.062988
2026-08-28 03:50:27.471 INFO:     interactions.1.linear.weight: 0.062486
2026-08-28 03:50:27.471 INFO:     interactions.0.conv_tp_weights.layer0.weight: 0.050615
2026-08-28 03:50:27.471 INFO:     interactions.0.linear.weight: 0.047606
2026-08-28 03:50:27.471 INFO:     products.0.linear.weight: 0.043703
2026-08-28 03:50:27.471 INFO:     products.1.linear.weight: 0.025733
2026-08-28 03:50:27.472 INFO:     interactions.0.conv_tp_weights.layer1.weight: 0.018905
2026-08-28 03:50:27.472 INFO:     charge_embedding.weight: 0.014690
2026-08-28 03:50:27.472 INFO:     interactions.0.conv_tp_weights.layer2.weight: 0.012991
2026-08-28 03:50:27.472 INFO:   All parameters have nonzero gradients ✓
2026-08-28 03:50:27.472 INFO:   Total grad norm (before clip): 0.1513
2026-08-28 03:50:27.472 INFO: --- End gradient diagnostics ---
2026-08-28 04:03:23.907 INFO:   Epoch energy decomposition (mean/atom): E_inter=0.4614 eV, E_QEq=-0.461095 eV
2026-08-28 04:04:22.417 INFO: Epoch 256: head: Default, loss=0.00142215, RMSE_E_per_atom=    2.86 meV, RMSE_F=   14.92 meV / A
2026-08-28 04:04:22.562 INFO: --- Gradient diagnostics (epoch 257, batch 0) ---
2026-08-28 04:04:22.563 INFO:   forces: pred_rms=0.0576 eV/Å, ref_rms=0.0566 eV/Å, err_rms=0.0123 eV/Å
2026-08-28 04:04:22.563 INFO:   energy/atom: pred_mean=-2.9357 eV, ref_mean=-2.9393 eV, err_mean=0.0036 eV
2026-08-28 04:04:22.564 INFO:   energy decomposition (mean/atom): E_inter=0.4182 eV, E_QEq=-0.426763 eV
2026-08-28 04:04:22.566 INFO:   QEq charges per element: Z=15: mean=-0.6937, std=nan, min=-0.6937, max=-0.6937 | Z=16: mean=-0.3333, std=0.5413, min=-0.7161, max=0.0494 | Z=17: mean=-0.3527, std=nan, min=-0.3527, max=-0.3527 | Z=33: mean=-0.1263, std=nan, min=-0.1263, max=-0.1263 | Z=35: mean=-0.2573, std=0.0230, min=-0.3567, max=-0.1589 | Z=52: mean=0.0583, std=0.2400, min=-0.1114, max=0.2280 | Z=53: mean=0.0934, std=0.2463, min=-0.2828, max=0.2956 | Z=55: mean=0.0734, std=0.3751, min=-0.4073, max=0.4898 | Z=82: mean=0.0212, std=0.3534, min=-0.4256, max=0.3991
2026-08-28 04:04:22.568 INFO:   Top-10 param grad norms:
2026-08-28 04:04:22.568 INFO:     products.0.symmetric_contractions.weight: 0.087802
2026-08-28 04:04:22.568 INFO:     interactions.1.linear.weight: 0.072590
2026-08-28 04:04:22.568 INFO:     interactions.0.linear.weight: 0.071802
2026-08-28 04:04:22.568 INFO:     products.1.symmetric_contractions.weight: 0.069023
2026-08-28 04:04:22.568 INFO:     products.0.linear.weight: 0.060977
2026-08-28 04:04:22.568 INFO:     products.1.linear.weight: 0.046982
2026-08-28 04:04:22.568 INFO:     interactions.0.conv_tp_weights.layer0.weight: 0.044993
2026-08-28 04:04:22.568 INFO:     interactions.0.conv_tp_weights.layer3.weight: 0.026042
2026-08-28 04:04:22.568 INFO:     chi_readouts.1.linear_2.weight: 0.025191
2026-08-28 04:04:22.568 INFO:     interactions.0.conv_tp_weights.layer1.weight: 0.022874
2026-08-28 04:04:22.569 INFO:   All parameters have nonzero gradients ✓
2026-08-28 04:04:22.569 INFO:   Total grad norm (before clip): 0.1885
2026-08-28 04:04:22.569 INFO: --- End gradient diagnostics ---
2026-08-28 04:17:30.412 INFO:   Epoch energy decomposition (mean/atom): E_inter=0.4618 eV, E_QEq=-0.461511 eV
2026-08-28 04:18:28.281 INFO: Epoch 257: head: Default, loss=0.00140585, RMSE_E_per_atom=    2.84 meV, RMSE_F=   14.83 meV / A
2026-08-28 04:18:28.431 INFO: --- Gradient diagnostics (epoch 258, batch 0) ---
2026-08-28 04:18:28.432 INFO:   forces: pred_rms=0.1216 eV/Å, ref_rms=0.1227 eV/Å, err_rms=0.0170 eV/Å
2026-08-28 04:18:28.432 INFO:   energy/atom: pred_mean=-2.9499 eV, ref_mean=-2.9486 eV, err_mean=0.0015 eV
2026-08-28 04:18:28.432 INFO:   energy decomposition (mean/atom): E_inter=0.4841 eV, E_QEq=-0.500564 eV
2026-08-28 04:18:28.435 INFO:   QEq charges per element: Z=7: mean=-0.2817, std=nan, min=-0.2817, max=-0.2817 | Z=8: mean=-0.5418, std=nan, min=-0.5418, max=-0.5418 | Z=9: mean=0.0196, std=nan, min=0.0196, max=0.0196 | Z=15: mean=-0.1972, std=nan, min=-0.1972, max=-0.1972 | Z=16: mean=-0.1028, std=0.1378, min=-0.2855, max=0.0369 | Z=35: mean=0.2666, std=0.0271, min=0.1454, max=0.3681 | Z=52: mean=-0.4456, std=nan, min=-0.4456, max=-0.4456 | Z=53: mean=0.1862, std=0.1949, min=-0.2623, max=0.3313 | Z=55: mean=-0.2961, std=0.2397, min=-0.4459, max=0.4461 | Z=82: mean=-0.3292, std=0.2117, min=-0.4943, max=0.3045
2026-08-28 04:18:28.437 INFO:   Top-10 param grad norms:
2026-08-28 04:18:28.437 INFO:     products.0.symmetric_contractions.weight: 0.126868
2026-08-28 04:18:28.437 INFO:     interactions.1.linear.weight: 0.108552
2026-08-28 04:18:28.437 INFO:     products.1.symmetric_contractions.weight: 0.107574
2026-08-28 04:18:28.437 INFO:     interactions.0.conv_tp_weights.layer0.weight: 0.093991
2026-08-28 04:18:28.437 INFO:     interactions.0.linear.weight: 0.076730
2026-08-28 04:18:28.437 INFO:     products.0.linear.weight: 0.050203
2026-08-28 04:18:28.437 INFO:     interactions.0.conv_tp_weights.layer1.weight: 0.036147
2026-08-28 04:18:28.437 INFO:     products.1.linear.weight: 0.027160
2026-08-28 04:18:28.437 INFO:     interactions.0.conv_tp_weights.layer2.weight: 0.024075
2026-08-28 04:18:28.438 INFO:     interactions.0.conv_tp_weights.layer3.weight: 0.019452
2026-08-28 04:18:28.438 INFO:   All parameters have nonzero gradients ✓
2026-08-28 04:18:28.438 INFO:   Total grad norm (before clip): 0.2472
2026-08-28 04:18:28.438 INFO: --- End gradient diagnostics ---
2026-08-28 04:31:31.015 INFO:   Epoch energy decomposition (mean/atom): E_inter=0.4622 eV, E_QEq=-0.461897 eV
2026-08-28 04:32:29.596 INFO: Epoch 258: head: Default, loss=0.00138800, RMSE_E_per_atom=    2.84 meV, RMSE_F=   14.74 meV / A
2026-08-28 04:32:29.814 INFO: --- Gradient diagnostics (epoch 259, batch 0) ---
2026-08-28 04:32:29.815 INFO:   forces: pred_rms=0.1356 eV/Å, ref_rms=0.1347 eV/Å, err_rms=0.0149 eV/Å
2026-08-28 04:32:29.815 INFO:   energy/atom: pred_mean=-3.0130 eV, ref_mean=-3.0139 eV, err_mean=0.0015 eV
2026-08-28 04:32:29.815 INFO:   energy decomposition (mean/atom): E_inter=0.4452 eV, E_QEq=-0.453068 eV
2026-08-28 04:32:29.818 INFO:   QEq charges per element: Z=7: mean=-0.6842, std=nan, min=-0.6842, max=-0.6842 | Z=15: mean=0.0037, std=nan, min=0.0037, max=0.0037 | Z=16: mean=-0.4714, std=nan, min=-0.4714, max=-0.4714 | Z=17: mean=0.2912, std=nan, min=0.2912, max=0.2912 | Z=33: mean=-0.1861, std=0.2985, min=-0.5302, max=0.0030 | Z=35: mean=-0.1585, std=0.1967, min=-0.3097, max=0.2995 | Z=52: mean=-0.3881, std=nan, min=-0.3881, max=-0.3881 | Z=53: mean=0.1474, std=0.2431, min=-0.2978, max=0.3594 | Z=55: mean=0.0884, std=0.3680, min=-0.3897, max=0.4304 | Z=82: mean=0.0227, std=0.3475, min=-0.4901, max=0.3768
2026-08-28 04:32:29.819 INFO:   Top-10 param grad norms:
2026-08-28 04:32:29.820 INFO:     products.0.symmetric_contractions.weight: 0.156929
2026-08-28 04:32:29.820 INFO:     interactions.0.conv_tp_weights.layer0.weight: 0.149783
2026-08-28 04:32:29.820 INFO:     interactions.0.linear.weight: 0.105604
2026-08-28 04:32:29.820 INFO:     interactions.1.linear.weight: 0.102910
2026-08-28 04:32:29.820 INFO:     products.1.symmetric_contractions.weight: 0.076105
2026-08-28 04:32:29.820 INFO:     products.0.linear.weight: 0.075335
2026-08-28 04:32:29.820 INFO:     interactions.0.conv_tp_weights.layer1.weight: 0.050470
2026-08-28 04:32:29.820 INFO:     products.1.linear.weight: 0.046768
2026-08-28 04:32:29.820 INFO:     charge_embedding.weight: 0.036169
2026-08-28 04:32:29.820 INFO:     interactions.0.conv_tp_weights.layer2.weight: 0.032807
2026-08-28 04:32:29.820 INFO:   All parameters have nonzero gradients ✓
2026-08-28 04:32:29.820 INFO:   Total grad norm (before clip): 0.3017
2026-08-28 04:32:29.821 INFO: --- End gradient diagnostics ---
2026-08-28 04:45:36.576 INFO:   Epoch energy decomposition (mean/atom): E_inter=0.4624 eV, E_QEq=-0.462048 eV
2026-08-28 04:46:34.655 INFO: Epoch 259: head: Default, loss=0.00138916, RMSE_E_per_atom=    2.84 meV, RMSE_F=   14.74 meV / A
2026-08-28 04:46:34.794 INFO: --- Gradient diagnostics (epoch 260, batch 0) ---
2026-08-28 04:46:34.795 INFO:   forces: pred_rms=0.0658 eV/Å, ref_rms=0.0663 eV/Å, err_rms=0.0117 eV/Å
2026-08-28 04:46:34.795 INFO:   energy/atom: pred_mean=-3.0594 eV, ref_mean=-3.0604 eV, err_mean=0.0027 eV
2026-08-28 04:46:34.795 INFO:   energy decomposition (mean/atom): E_inter=0.4635 eV, E_QEq=-0.487279 eV
2026-08-28 04:46:34.798 INFO:   QEq charges per element: Z=15: mean=-0.3469, std=nan, min=-0.3469, max=-0.3469 | Z=33: mean=-0.2543, std=0.1518, min=-0.3617, max=-0.1470 | Z=34: mean=-0.1074, std=0.1791, min=-0.2340, max=0.0193 | Z=35: mean=0.1185, std=0.2388, min=-0.2966, max=0.3271 | Z=52: mean=0.1007, std=0.2300, min=-0.0619, max=0.2634 | Z=53: mean=0.1041, std=0.2477, min=-0.2621, max=0.3173 | Z=55: mean=-0.1392, std=0.3450, min=-0.3966, max=0.4193 | Z=82: mean=-0.1908, std=0.3221, min=-0.4560, max=0.3557
2026-08-28 04:46:34.800 INFO:   Top-10 param grad norms:
2026-08-28 04:46:34.800 INFO:     interactions.1.linear.weight: 0.050154
2026-08-28 04:46:34.800 INFO:     products.0.symmetric_contractions.weight: 0.047087
2026-08-28 04:46:34.800 INFO:     interactions.0.conv_tp_weights.layer0.weight: 0.044270
2026-08-28 04:46:34.800 INFO:     interactions.0.linear.weight: 0.038782
2026-08-28 04:46:34.800 INFO:     products.1.symmetric_contractions.weight: 0.036947
2026-08-28 04:46:34.800 INFO:     products.0.linear.weight: 0.028382
2026-08-28 04:46:34.800 INFO:     products.1.linear.weight: 0.020551
2026-08-28 04:46:34.800 INFO:     interactions.0.conv_tp_weights.layer1.weight: 0.016399
2026-08-28 04:46:34.800 INFO:     interactions.0.conv_tp_weights.layer2.weight: 0.011706
2026-08-28 04:46:34.800 INFO:     charge_embedding.weight: 0.011672
2026-08-28 04:46:34.800 INFO:   All parameters have nonzero gradients ✓
2026-08-28 04:46:34.801 INFO:   Total grad norm (before clip): 0.1095
2026-08-28 04:46:34.801 INFO: --- End gradient diagnostics ---
2026-08-28 04:59:39.607 INFO:   Epoch energy decomposition (mean/atom): E_inter=0.4631 eV, E_QEq=-0.462787 eV
2026-08-28 05:00:40.436 INFO: Epoch 260: head: Default, loss=0.00138688, RMSE_E_per_atom=    2.84 meV, RMSE_F=   14.73 meV / A
2026-08-28 05:00:40.633 INFO: --- Gradient diagnostics (epoch 261, batch 0) ---
2026-08-28 05:00:40.634 INFO:   forces: pred_rms=0.2564 eV/Å, ref_rms=0.2547 eV/Å, err_rms=0.0199 eV/Å
2026-08-28 05:00:40.634 INFO:   energy/atom: pred_mean=-2.9584 eV, ref_mean=-2.9598 eV, err_mean=0.0019 eV
2026-08-28 05:00:40.635 INFO:   energy decomposition (mean/atom): E_inter=0.5159 eV, E_QEq=-0.506370 eV
2026-08-28 05:00:40.638 INFO:   QEq charges per element: Z=7: mean=-0.2963, std=nan, min=-0.2963, max=-0.2963 | Z=15: mean=-0.3097, std=0.0729, min=-0.3613, max=-0.2581 | Z=16: mean=-0.7168, std=nan, min=-0.7168, max=-0.7168 | Z=17: mean=-0.0184, std=nan, min=-0.0184, max=-0.0184 | Z=33: mean=-0.3609, std=0.1758, min=-0.4852, max=-0.2367 | Z=35: mean=0.0618, std=0.2626, min=-0.3413, max=0.3131 | Z=52: mean=-0.3365, std=nan, min=-0.3365, max=-0.3365 | Z=53: mean=0.2716, std=0.0448, min=-0.0225, max=0.3983 | Z=55: mean=-0.2150, std=0.2888, min=-0.4318, max=0.4129 | Z=82: mean=-0.2441, std=0.2866, min=-0.4726, max=0.3488
2026-08-28 05:00:40.639 INFO:   Top-10 param grad norms:
2026-08-28 05:00:40.639 INFO:     products.0.symmetric_contractions.weight: 0.448966
2026-08-28 05:00:40.639 INFO:     interactions.0.conv_tp_weights.layer0.weight: 0.230700
2026-08-28 05:00:40.639 INFO:     interactions.1.linear.weight: 0.219427
2026-08-28 05:00:40.639 INFO:     interactions.0.linear.weight: 0.207562
2026-08-28 05:00:40.640 INFO:     products.1.symmetric_contractions.weight: 0.168610
2026-08-28 05:00:40.640 INFO:     products.0.linear.weight: 0.135743
2026-08-28 05:00:40.640 INFO:     charge_embedding.weight: 0.105627
2026-08-28 05:00:40.640 INFO:     products.1.linear.weight: 0.105617
2026-08-28 05:00:40.640 INFO:     interactions.0.conv_tp_weights.layer1.weight: 0.105418
2026-08-28 05:00:40.640 INFO:     interactions.0.conv_tp_weights.layer2.weight: 0.093360
2026-08-28 05:00:40.640 INFO:   All parameters have nonzero gradients ✓
2026-08-28 05:00:40.640 INFO:   Total grad norm (before clip): 0.6738
2026-08-28 05:00:40.640 INFO: --- End gradient diagnostics ---
2026-08-28 05:13:52.642 INFO:   Epoch energy decomposition (mean/atom): E_inter=0.4628 eV, E_QEq=-0.462464 eV
2026-08-28 05:14:51.622 INFO: Epoch 261: head: Default, loss=0.00139659, RMSE_E_per_atom=    2.84 meV, RMSE_F=   14.79 meV / A
2026-08-28 05:14:51.767 INFO: --- Gradient diagnostics (epoch 262, batch 0) ---
2026-08-28 05:14:51.768 INFO:   forces: pred_rms=0.1716 eV/Å, ref_rms=0.1709 eV/Å, err_rms=0.0160 eV/Å
2026-08-28 05:14:51.768 INFO:   energy/atom: pred_mean=-3.0821 eV, ref_mean=-3.0832 eV, err_mean=0.0016 eV
2026-08-28 05:14:51.768 INFO:   energy decomposition (mean/atom): E_inter=0.4987 eV, E_QEq=-0.499259 eV
2026-08-28 05:14:51.773 INFO:   QEq charges per element: Z=7: mean=-0.0520, std=nan, min=-0.0520, max=-0.0520 | Z=8: mean=-0.8103, std=nan, min=-0.8103, max=-0.8103 | Z=15: mean=-0.1571, std=nan, min=-0.1571, max=-0.1571 | Z=16: mean=-0.4052, std=0.0994, min=-0.4754, max=-0.3349 | Z=33: mean=0.0682, std=nan, min=0.0682, max=0.0682 | Z=34: mean=-0.3747, std=0.3018, min=-0.5881, max=-0.1614 | Z=35: mean=0.0821, std=0.2561, min=-0.3266, max=0.3246 | Z=52: mean=-0.4242, std=nan, min=-0.4242, max=-0.4242 | Z=53: mean=0.2677, std=0.0298, min=0.1681, max=0.3249 | Z=55: mean=-0.1281, std=0.3376, min=-0.4067, max=0.4602 | Z=82: mean=-0.1758, std=0.3243, min=-0.4576, max=0.4886
2026-08-28 05:14:51.774 INFO:   Top-10 param grad norms:
2026-08-28 05:14:51.774 INFO:     products.0.symmetric_contractions.weight: 0.087667
2026-08-28 05:14:51.774 INFO:     interactions.1.linear.weight: 0.072949
2026-08-28 05:14:51.774 INFO:     products.1.symmetric_contractions.weight: 0.061673
2026-08-28 05:14:51.774 INFO:     interactions.0.linear.weight: 0.057170
2026-08-28 05:14:51.775 INFO:     products.0.linear.weight: 0.042522
2026-08-28 05:14:51.775 INFO:     interactions.0.conv_tp_weights.layer0.weight: 0.035001
2026-08-28 05:14:51.775 INFO:     products.1.linear.weight: 0.034910
2026-08-28 05:14:51.775 INFO:     charge_embedding.weight: 0.020646
2026-08-28 05:14:51.775 INFO:     interactions.0.conv_tp_weights.layer3.weight: 0.012062
2026-08-28 05:14:51.775 INFO:     interactions.0.linear_up.weight: 0.011378
2026-08-28 05:14:51.775 INFO:   All parameters have nonzero gradients ✓
2026-08-28 05:14:51.775 INFO:   Total grad norm (before clip): 0.1614
2026-08-28 05:14:51.775 INFO: --- End gradient diagnostics ---
2026-08-28 05:27:54.823 INFO:   Epoch energy decomposition (mean/atom): E_inter=0.4634 eV, E_QEq=-0.463111 eV
2026-08-28 05:28:52.740 INFO: Epoch 262: head: Default, loss=0.00138952, RMSE_E_per_atom=    2.83 meV, RMSE_F=   14.75 meV / A
2026-08-28 05:28:52.887 INFO: --- Gradient diagnostics (epoch 263, batch 0) ---
2026-08-28 05:28:52.888 INFO:   forces: pred_rms=0.1801 eV/Å, ref_rms=0.1803 eV/Å, err_rms=0.0169 eV/Å
2026-08-28 05:28:52.888 INFO:   energy/atom: pred_mean=-2.9794 eV, ref_mean=-2.9788 eV, err_mean=0.0012 eV
2026-08-28 05:28:52.889 INFO:   energy decomposition (mean/atom): E_inter=0.4899 eV, E_QEq=-0.500862 eV
2026-08-28 05:28:52.892 INFO:   QEq charges per element: Z=7: mean=-0.2655, std=0.0267, min=-0.2844, max=-0.2466 | Z=15: mean=0.1569, std=nan, min=0.1569, max=0.1569 | Z=16: mean=-0.1168, std=nan, min=-0.1168, max=-0.1168 | Z=17: mean=-0.2069, std=0.0425, min=-0.2370, max=-0.1769 | Z=33: mean=-0.2027, std=0.0255, min=-0.2207, max=-0.1846 | Z=35: mean=0.1603, std=0.2161, min=-0.3050, max=0.3266 | Z=52: mean=-0.4852, std=nan, min=-0.4852, max=-0.4852 | Z=53: mean=0.1807, std=0.2169, min=-0.3769, max=0.3501 | Z=55: mean=-0.2143, std=0.3006, min=-0.3993, max=0.4288 | Z=82: mean=-0.2554, std=0.2837, min=-0.4492, max=0.4202
2026-08-28 05:28:52.893 INFO:   Top-10 param grad norms:
2026-08-28 05:28:52.893 INFO:     products.0.symmetric_contractions.weight: 0.077275
2026-08-28 05:28:52.893 INFO:     interactions.1.linear.weight: 0.061830
2026-08-28 05:28:52.894 INFO:     products.1.symmetric_contractions.weight: 0.059375
2026-08-28 05:28:52.894 INFO:     interactions.0.linear.weight: 0.050496
2026-08-28 05:28:52.894 INFO:     products.0.linear.weight: 0.035876
2026-08-28 05:28:52.894 INFO:     interactions.0.conv_tp_weights.layer0.weight: 0.027405
2026-08-28 05:28:52.894 INFO:     products.1.linear.weight: 0.023448
2026-08-28 05:28:52.894 INFO:     charge_embedding.weight: 0.014118
2026-08-28 05:28:52.894 INFO:     interactions.0.conv_tp_weights.layer1.weight: 0.012861
2026-08-28 05:28:52.894 INFO:     interactions.0.conv_tp_weights.layer3.weight: 0.010163
2026-08-28 05:28:52.894 INFO:   All parameters have nonzero gradients ✓
2026-08-28 05:28:52.894 INFO:   Total grad norm (before clip): 0.1398
2026-08-28 05:28:52.894 INFO: --- End gradient diagnostics ---
2026-08-28 05:41:57.645 INFO:   Epoch energy decomposition (mean/atom): E_inter=0.4633 eV, E_QEq=-0.463014 eV
2026-08-28 05:42:56.013 INFO: Epoch 263: head: Default, loss=0.00139113, RMSE_E_per_atom=    2.84 meV, RMSE_F=   14.76 meV / A
2026-08-28 05:42:56.170 INFO: --- Gradient diagnostics (epoch 264, batch 0) ---
2026-08-28 05:42:56.170 INFO:   forces: pred_rms=0.7546 eV/Å, ref_rms=0.7526 eV/Å, err_rms=0.0324 eV/Å
2026-08-28 05:42:56.171 INFO:   energy/atom: pred_mean=-2.9238 eV, ref_mean=-2.9235 eV, err_mean=0.0023 eV
2026-08-28 05:42:56.171 INFO:   energy decomposition (mean/atom): E_inter=0.5669 eV, E_QEq=-0.450241 eV
2026-08-28 05:42:56.173 INFO:   QEq charges per element: Z=7: mean=-0.1468, std=0.1826, min=-0.2759, max=-0.0177 | Z=8: mean=0.0059, std=nan, min=0.0059, max=0.0059 | Z=33: mean=-0.1224, std=0.0807, min=-0.1794, max=-0.0653 | Z=35: mean=0.0455, std=0.2559, min=-0.4616, max=0.4397 | Z=52: mean=-0.2432, std=0.1477, min=-0.3476, max=-0.1387 | Z=53: mean=0.0916, std=0.2422, min=-0.3398, max=0.3752 | Z=55: mean=-0.0577, std=0.3725, min=-0.4111, max=0.4498 | Z=82: mean=-0.1176, std=0.3351, min=-0.5395, max=0.3800
2026-08-28 05:42:56.175 INFO:   Top-10 param grad norms:
2026-08-28 05:42:56.175 INFO:     products.0.symmetric_contractions.weight: 0.389954
2026-08-28 05:42:56.175 INFO:     interactions.1.linear.weight: 0.298740
2026-08-28 05:42:56.175 INFO:     products.1.symmetric_contractions.weight: 0.282773
2026-08-28 05:42:56.175 INFO:     interactions.0.linear.weight: 0.270091
2026-08-28 05:42:56.175 INFO:     products.0.linear.weight: 0.172987
2026-08-28 05:42:56.175 INFO:     products.1.linear.weight: 0.098359
2026-08-28 05:42:56.175 INFO:     charge_embedding.weight: 0.079837
2026-08-28 05:42:56.175 INFO:     interactions.0.linear_up.weight: 0.057917
2026-08-28 05:42:56.175 INFO:     interactions.0.conv_tp_weights.layer3.weight: 0.056954
2026-08-28 05:42:56.175 INFO:     interactions.0.conv_tp_weights.layer0.weight: 0.042653
2026-08-28 05:42:56.175 INFO:   All parameters have nonzero gradients ✓
2026-08-28 05:42:56.176 INFO:   Total grad norm (before clip): 0.6762
2026-08-28 05:42:56.176 INFO: --- End gradient diagnostics ---
2026-08-28 05:55:53.245 INFO:   Epoch energy decomposition (mean/atom): E_inter=0.4635 eV, E_QEq=-0.463191 eV
2026-08-28 05:56:53.109 INFO: Epoch 264: head: Default, loss=0.00140060, RMSE_E_per_atom=    2.83 meV, RMSE_F=   14.81 meV / A
2026-08-28 05:56:53.251 INFO: --- Gradient diagnostics (epoch 265, batch 0) ---
2026-08-28 05:56:53.252 INFO:   forces: pred_rms=0.0830 eV/Å, ref_rms=0.0823 eV/Å, err_rms=0.0139 eV/Å
2026-08-28 05:56:53.252 INFO:   energy/atom: pred_mean=-3.0870 eV, ref_mean=-3.0863 eV, err_mean=0.0023 eV
2026-08-28 05:56:53.253 INFO:   energy decomposition (mean/atom): E_inter=0.4577 eV, E_QEq=-0.468549 eV
2026-08-28 05:56:53.255 INFO:   QEq charges per element: Z=7: mean=-0.1188, std=nan, min=-0.1188, max=-0.1188 | Z=15: mean=0.0601, std=nan, min=0.0601, max=0.0601 | Z=17: mean=0.0143, std=nan, min=0.0143, max=0.0143 | Z=33: mean=-0.6944, std=0.2170, min=-0.8479, max=-0.5410 | Z=34: mean=-0.1427, std=0.3275, min=-0.3760, max=0.2317 | Z=35: mean=0.0118, std=0.2604, min=-0.3265, max=0.3070 | Z=53: mean=0.2642, std=0.0285, min=0.1040, max=0.3209 | Z=55: mean=-0.0701, std=0.3722, min=-0.4085, max=0.4242 | Z=82: mean=-0.1252, std=0.3461, min=-0.4770, max=0.3411
2026-08-28 05:56:53.256 INFO:   Top-10 param grad norms:
2026-08-28 05:56:53.257 INFO:     interactions.1.linear.weight: 0.078279
2026-08-28 05:56:53.257 INFO:     products.0.symmetric_contractions.weight: 0.075799
2026-08-28 05:56:53.257 INFO:     interactions.0.linear.weight: 0.057114
2026-08-28 05:56:53.257 INFO:     products.1.symmetric_contractions.weight: 0.055472
2026-08-28 05:56:53.257 INFO:     products.0.linear.weight: 0.046696
2026-08-28 05:56:53.257 INFO:     products.1.linear.weight: 0.036264
2026-08-28 05:56:53.257 INFO:     charge_embedding.weight: 0.019658
2026-08-28 05:56:53.257 INFO:     chi_readouts.1.linear_2.weight: 0.016151
2026-08-28 05:56:53.257 INFO:     interactions.0.conv_tp_weights.layer3.weight: 0.015414
2026-08-28 05:56:53.257 INFO:     interactions.0.conv_tp_weights.layer0.weight: 0.014348
2026-08-28 05:56:53.257 INFO:   All parameters have nonzero gradients ✓
2026-08-28 05:56:53.257 INFO:   Total grad norm (before clip): 0.1544
2026-08-28 05:56:53.258 INFO: --- End gradient diagnostics ---
2026-08-28 06:09:53.656 INFO:   Epoch energy decomposition (mean/atom): E_inter=0.4639 eV, E_QEq=-0.463540 eV
2026-08-28 06:10:53.566 INFO: Epoch 265: head: Default, loss=0.00138911, RMSE_E_per_atom=    2.82 meV, RMSE_F=   14.75 meV / A
2026-08-28 06:10:53.711 INFO: --- Gradient diagnostics (epoch 266, batch 0) ---
2026-08-28 06:10:53.711 INFO:   forces: pred_rms=0.2465 eV/Å, ref_rms=0.2473 eV/Å, err_rms=0.0194 eV/Å
2026-08-28 06:10:53.712 INFO:   energy/atom: pred_mean=-2.9276 eV, ref_mean=-2.9278 eV, err_mean=0.0023 eV
2026-08-28 06:10:53.712 INFO:   energy decomposition (mean/atom): E_inter=0.4876 eV, E_QEq=-0.475438 eV
2026-08-28 06:10:53.714 INFO:   QEq charges per element: Z=7: mean=-0.0396, std=0.2895, min=-0.2442, max=0.1651 | Z=8: mean=0.0828, std=nan, min=0.0828, max=0.0828 | Z=33: mean=0.1735, std=0.0591, min=0.1317, max=0.2154 | Z=35: mean=0.1373, std=0.2373, min=-0.3720, max=0.3928 | Z=52: mean=-0.2781, std=nan, min=-0.2781, max=-0.2781 | Z=53: mean=0.0994, std=0.2477, min=-0.3653, max=0.3480 | Z=55: mean=-0.1407, std=0.3470, min=-0.4020, max=0.4331 | Z=82: mean=-0.1903, std=0.3174, min=-0.4905, max=0.4002
2026-08-28 06:10:53.715 INFO:   Top-10 param grad norms:
2026-08-28 06:10:53.716 INFO:     products.0.symmetric_contractions.weight: 0.203708
2026-08-28 06:10:53.716 INFO:     interactions.0.conv_tp_weights.layer0.weight: 0.142532
2026-08-28 06:10:53.716 INFO:     interactions.1.linear.weight: 0.129989
2026-08-28 06:10:53.716 INFO:     interactions.0.linear.weight: 0.114966
2026-08-28 06:10:53.716 INFO:     products.1.symmetric_contractions.weight: 0.091731
2026-08-28 06:10:53.716 INFO:     products.0.linear.weight: 0.072666
2026-08-28 06:10:53.716 INFO:     products.1.linear.weight: 0.052098
2026-08-28 06:10:53.716 INFO:     interactions.0.conv_tp_weights.layer1.weight: 0.048638
2026-08-28 06:10:53.716 INFO:     charge_embedding.weight: 0.037987
2026-08-28 06:10:53.716 INFO:     interactions.0.conv_tp_weights.layer3.weight: 0.034158
2026-08-28 06:10:53.716 INFO:   All parameters have nonzero gradients ✓
2026-08-28 06:10:53.716 INFO:   Total grad norm (before clip): 0.3430
2026-08-28 06:10:53.716 INFO: --- End gradient diagnostics ---
2026-08-28 06:23:30.824 INFO:   Epoch energy decomposition (mean/atom): E_inter=0.4645 eV, E_QEq=-0.464131 eV
2026-08-28 06:24:25.830 INFO: Epoch 266: head: Default, loss=0.00138506, RMSE_E_per_atom=    2.84 meV, RMSE_F=   14.72 meV / A
2026-08-28 06:24:26.014 INFO: --- Gradient diagnostics (epoch 267, batch 0) ---
2026-08-28 06:24:26.015 INFO:   forces: pred_rms=0.2255 eV/Å, ref_rms=0.2228 eV/Å, err_rms=0.0149 eV/Å
2026-08-28 06:24:26.015 INFO:   energy/atom: pred_mean=-3.0017 eV, ref_mean=-3.0020 eV, err_mean=0.0012 eV
2026-08-28 06:24:26.016 INFO:   energy decomposition (mean/atom): E_inter=0.4826 eV, E_QEq=-0.474143 eV
2026-08-28 06:24:26.018 INFO:   QEq charges per element: Z=7: mean=-0.3468, std=0.3706, min=-0.6088, max=-0.0848 | Z=9: mean=0.4268, std=0.0394, min=0.3989, max=0.4546 | Z=33: mean=-0.0706, std=nan, min=-0.0706, max=-0.0706 | Z=34: mean=-0.2912, std=nan, min=-0.2912, max=-0.2912 | Z=35: mean=0.0079, std=0.2646, min=-0.2935, max=0.3304 | Z=52: mean=-0.1161, std=0.1092, min=-0.1933, max=-0.0389 | Z=53: mean=0.1441, std=0.2308, min=-0.2573, max=0.4498 | Z=55: mean=-0.0672, std=0.3645, min=-0.4063, max=0.4210 | Z=82: mean=-0.1170, std=0.3483, min=-0.5023, max=0.3492
2026-08-28 06:24:26.020 INFO:   Top-10 param grad norms:
2026-08-28 06:24:26.020 INFO:     products.1.symmetric_contractions.weight: 0.090493
2026-08-28 06:24:26.020 INFO:     products.0.symmetric_contractions.weight: 0.089268
2026-08-28 06:24:26.020 INFO:     interactions.1.linear.weight: 0.075698
2026-08-28 06:24:26.020 INFO:     interactions.0.linear.weight: 0.068392
2026-08-28 06:24:26.021 INFO:     interactions.0.conv_tp_weights.layer0.weight: 0.066100
2026-08-28 06:24:26.021 INFO:     products.0.linear.weight: 0.048332
2026-08-28 06:24:26.021 INFO:     products.1.linear.weight: 0.031384
2026-08-28 06:24:26.021 INFO:     interactions.0.conv_tp_weights.layer1.weight: 0.025296
2026-08-28 06:24:26.021 INFO:     charge_embedding.weight: 0.024005
2026-08-28 06:24:26.021 INFO:     interactions.0.conv_tp_weights.layer2.weight: 0.021079
2026-08-28 06:24:26.021 INFO:   All parameters have nonzero gradients ✓
2026-08-28 06:24:26.021 INFO:   Total grad norm (before clip): 0.1928
2026-08-28 06:24:26.021 INFO: --- End gradient diagnostics ---
2026-08-28 06:36:45.084 INFO:   Epoch energy decomposition (mean/atom): E_inter=0.4643 eV, E_QEq=-0.463981 eV
2026-08-28 06:37:40.395 INFO: Epoch 267: head: Default, loss=0.00138695, RMSE_E_per_atom=    2.81 meV, RMSE_F=   14.74 meV / A
2026-08-28 06:37:40.535 INFO: --- Gradient diagnostics (epoch 268, batch 0) ---
2026-08-28 06:37:40.536 INFO:   forces: pred_rms=0.0854 eV/Å, ref_rms=0.0818 eV/Å, err_rms=0.0140 eV/Å
2026-08-28 06:37:40.536 INFO:   energy/atom: pred_mean=-2.9473 eV, ref_mean=-2.9479 eV, err_mean=0.0021 eV
2026-08-28 06:37:40.536 INFO:   energy decomposition (mean/atom): E_inter=0.4504 eV, E_QEq=-0.464939 eV
2026-08-28 06:37:40.539 INFO:   QEq charges per element: Z=7: mean=-0.3985, std=0.2606, min=-0.5828, max=-0.2142 | Z=9: mean=-0.3065, std=nan, min=-0.3065, max=-0.3065 | Z=15: mean=-0.7009, std=nan, min=-0.7009, max=-0.7009 | Z=17: mean=0.1968, std=nan, min=0.1968, max=0.1968 | Z=33: mean=-0.4381, std=nan, min=-0.4381, max=-0.4381 | Z=35: mean=0.0065, std=0.2639, min=-0.2936, max=0.3541 | Z=53: mean=0.0966, std=0.2490, min=-0.3449, max=0.3351 | Z=55: mean=-0.0802, std=0.3649, min=-0.4196, max=0.4284 | Z=82: mean=-0.1106, std=0.3549, min=-0.4778, max=0.3639
2026-08-28 06:37:40.540 INFO:   Top-10 param grad norms:
2026-08-28 06:37:40.540 INFO:     interactions.1.linear.weight: 0.065730
2026-08-28 06:37:40.540 INFO:     products.1.symmetric_contractions.weight: 0.062594
2026-08-28 06:37:40.541 INFO:     products.0.symmetric_contractions.weight: 0.055799
2026-08-28 06:37:40.541 INFO:     interactions.0.linear.weight: 0.049131
2026-08-28 06:37:40.541 INFO:     interactions.0.conv_tp_weights.layer0.weight: 0.041034
2026-08-28 06:37:40.541 INFO:     products.0.linear.weight: 0.037140
2026-08-28 06:37:40.541 INFO:     products.1.linear.weight: 0.028804
2026-08-28 06:37:40.541 INFO:     charge_embedding.weight: 0.014449
2026-08-28 06:37:40.541 INFO:     interactions.0.conv_tp_weights.layer1.weight: 0.013898
2026-08-28 06:37:40.541 INFO:     interactions.0.conv_tp_weights.layer3.weight: 0.011799
2026-08-28 06:37:40.541 INFO:   All parameters have nonzero gradients ✓
2026-08-28 06:37:40.541 INFO:   Total grad norm (before clip): 0.1372
2026-08-28 06:37:40.541 INFO: --- End gradient diagnostics ---
2026-08-28 06:49:41.655 INFO:   Epoch energy decomposition (mean/atom): E_inter=0.4647 eV, E_QEq=-0.464376 eV
2026-08-28 06:50:35.374 INFO: Epoch 268: head: Default, loss=0.00139905, RMSE_E_per_atom=    2.82 meV, RMSE_F=   14.80 meV / A
2026-08-28 06:50:35.509 INFO: --- Gradient diagnostics (epoch 269, batch 0) ---
2026-08-28 06:50:35.510 INFO:   forces: pred_rms=0.0770 eV/Å, ref_rms=0.0758 eV/Å, err_rms=0.0132 eV/Å
2026-08-28 06:50:35.510 INFO:   energy/atom: pred_mean=-2.9517 eV, ref_mean=-2.9524 eV, err_mean=0.0029 eV
2026-08-28 06:50:35.510 INFO:   energy decomposition (mean/atom): E_inter=0.4340 eV, E_QEq=-0.446436 eV
2026-08-28 06:50:35.513 INFO:   QEq charges per element: Z=7: mean=-0.3716, std=0.3116, min=-0.6426, max=-0.0311 | Z=9: mean=-0.0252, std=nan, min=-0.0252, max=-0.0252 | Z=15: mean=0.0848, std=nan, min=0.0848, max=0.0848 | Z=33: mean=-0.4964, std=nan, min=-0.4964, max=-0.4964 | Z=35: mean=-0.2496, std=0.0203, min=-0.2891, max=-0.0160 | Z=52: mean=-0.1255, std=0.0739, min=-0.1778, max=-0.0733 | Z=53: mean=0.1846, std=0.1938, min=-0.2575, max=0.3352 | Z=55: mean=0.0020, std=0.3808, min=-0.4185, max=0.4483 | Z=82: mean=-0.0460, std=0.3544, min=-0.4548, max=0.3427
2026-08-28 06:50:35.514 INFO:   Top-10 param grad norms:
2026-08-28 06:50:35.514 INFO:     products.0.symmetric_contractions.weight: 0.076678
2026-08-28 06:50:35.515 INFO:     interactions.0.linear.weight: 0.058091
2026-08-28 06:50:35.515 INFO:     products.1.symmetric_contractions.weight: 0.057986
2026-08-28 06:50:35.515 INFO:     interactions.1.linear.weight: 0.056827
2026-08-28 06:50:35.515 INFO:     interactions.0.conv_tp_weights.layer0.weight: 0.048886
2026-08-28 06:50:35.515 INFO:     products.0.linear.weight: 0.047462
2026-08-28 06:50:35.515 INFO:     products.1.linear.weight: 0.031995
2026-08-28 06:50:35.515 INFO:     charge_embedding.weight: 0.024451
2026-08-28 06:50:35.515 INFO:     interactions.0.conv_tp_weights.layer1.weight: 0.017753
2026-08-28 06:50:35.515 INFO:     chi_readouts.0.linear.weight: 0.016624
2026-08-28 06:50:35.515 INFO:   All parameters have nonzero gradients ✓
2026-08-28 06:50:35.515 INFO:   Total grad norm (before clip): 0.1544
2026-08-28 06:50:35.515 INFO: --- End gradient diagnostics ---
2026-08-28 07:02:42.371 INFO:   Epoch energy decomposition (mean/atom): E_inter=0.4649 eV, E_QEq=-0.464564 eV
2026-08-28 07:03:38.736 INFO: Epoch 269: head: Default, loss=0.00138935, RMSE_E_per_atom=    2.83 meV, RMSE_F=   14.75 meV / A
2026-08-28 07:03:38.880 INFO: --- Gradient diagnostics (epoch 270, batch 0) ---
2026-08-28 07:03:38.880 INFO:   forces: pred_rms=0.1791 eV/Å, ref_rms=0.1774 eV/Å, err_rms=0.0165 eV/Å
2026-08-28 07:03:38.880 INFO:   energy/atom: pred_mean=-2.8990 eV, ref_mean=-2.9002 eV, err_mean=0.0017 eV
2026-08-28 07:03:38.881 INFO:   energy decomposition (mean/atom): E_inter=0.4635 eV, E_QEq=-0.467516 eV
2026-08-28 07:03:38.884 INFO:   QEq charges per element: Z=7: mean=-0.2805, std=nan, min=-0.2805, max=-0.2805 | Z=8: mean=-0.0646, std=nan, min=-0.0646, max=-0.0646 | Z=9: mean=-0.4711, std=nan, min=-0.4711, max=-0.4711 | Z=16: mean=-0.1897, std=nan, min=-0.1897, max=-0.1897 | Z=17: mean=0.2543, std=nan, min=0.2543, max=0.2543 | Z=33: mean=-0.2393, std=nan, min=-0.2393, max=-0.2393 | Z=35: mean=0.2685, std=0.0162, min=0.1904, max=0.3091 | Z=52: mean=-0.2162, std=nan, min=-0.2162, max=-0.2162 | Z=53: mean=0.0472, std=0.2616, min=-0.2912, max=0.3566 | Z=55: mean=-0.1363, std=0.3530, min=-0.4137, max=0.4290 | Z=82: mean=-0.1954, std=0.3215, min=-0.4771, max=0.4070
2026-08-28 07:03:38.885 INFO:   Top-10 param grad norms:
2026-08-28 07:03:38.885 INFO:     interactions.0.conv_tp_weights.layer0.weight: 0.129602
2026-08-28 07:03:38.885 INFO:     products.0.symmetric_contractions.weight: 0.080804
2026-08-28 07:03:38.885 INFO:     interactions.0.linear.weight: 0.073196
2026-08-28 07:03:38.885 INFO:     interactions.1.linear.weight: 0.067529
2026-08-28 07:03:38.885 INFO:     products.0.linear.weight: 0.046308
2026-08-28 07:03:38.886 INFO:     interactions.0.conv_tp_weights.layer1.weight: 0.045720
2026-08-28 07:03:38.886 INFO:     products.1.symmetric_contractions.weight: 0.044132
2026-08-28 07:03:38.886 INFO:     products.1.linear.weight: 0.037875
2026-08-28 07:03:38.886 INFO:     interactions.0.conv_tp_weights.layer2.weight: 0.029690
2026-08-28 07:03:38.886 INFO:     interactions.0.conv_tp_weights.layer3.weight: 0.025115
2026-08-28 07:03:38.886 INFO:   All parameters have nonzero gradients ✓
2026-08-28 07:03:38.886 INFO:   Total grad norm (before clip): 0.2097
2026-08-28 07:03:38.886 INFO: --- End gradient diagnostics ---
2026-08-28 07:16:27.354 INFO:   Epoch energy decomposition (mean/atom): E_inter=0.4657 eV, E_QEq=-0.465330 eV
2026-08-28 07:17:25.141 INFO: Epoch 270: head: Default, loss=0.00138940, RMSE_E_per_atom=    2.82 meV, RMSE_F=   14.75 meV / A
2026-08-28 07:17:25.294 INFO: --- Gradient diagnostics (epoch 271, batch 0) ---
2026-08-28 07:17:25.294 INFO:   forces: pred_rms=0.0956 eV/Å, ref_rms=0.0936 eV/Å, err_rms=0.0131 eV/Å
2026-08-28 07:17:25.295 INFO:   energy/atom: pred_mean=-2.9541 eV, ref_mean=-2.9542 eV, err_mean=0.0012 eV
2026-08-28 07:17:25.295 INFO:   energy decomposition (mean/atom): E_inter=0.4626 eV, E_QEq=-0.474872 eV
2026-08-28 07:17:25.297 INFO:   QEq charges per element: Z=7: mean=-0.1959, std=0.2860, min=-0.4709, max=0.1672 | Z=15: mean=-0.4756, std=nan, min=-0.4756, max=-0.4756 | Z=16: mean=0.0722, std=nan, min=0.0722, max=0.0722 | Z=33: mean=0.0958, std=nan, min=0.0958, max=0.0958 | Z=35: mean=0.2711, std=0.0203, min=0.1333, max=0.3055 | Z=52: mean=-0.5410, std=nan, min=-0.5410, max=-0.5410 | Z=53: mean=0.0123, std=0.2596, min=-0.2889, max=0.3287 | Z=55: mean=-0.1347, std=0.3522, min=-0.4203, max=0.4562 | Z=82: mean=-0.1975, std=0.3214, min=-0.5047, max=0.3354
2026-08-28 07:17:25.299 INFO:   Top-10 param grad norms:
2026-08-28 07:17:25.299 INFO:     interactions.1.linear.weight: 0.060442
2026-08-28 07:17:25.299 INFO:     products.0.symmetric_contractions.weight: 0.059112
2026-08-28 07:17:25.299 INFO:     interactions.0.linear.weight: 0.050953
2026-08-28 07:17:25.299 INFO:     products.1.symmetric_contractions.weight: 0.048775
2026-08-28 07:17:25.299 INFO:     products.0.linear.weight: 0.039223
2026-08-28 07:17:25.299 INFO:     products.1.linear.weight: 0.029930
2026-08-28 07:17:25.299 INFO:     interactions.0.conv_tp_weights.layer0.weight: 0.027377
2026-08-28 07:17:25.299 INFO:     charge_embedding.weight: 0.016531
2026-08-28 07:17:25.299 INFO:     interactions.0.conv_tp_weights.layer3.weight: 0.013709
2026-08-28 07:17:25.299 INFO:     interactions.0.linear_up.weight: 0.012899
2026-08-28 07:17:25.300 INFO:   All parameters have nonzero gradients ✓
2026-08-28 07:17:25.300 INFO:   Total grad norm (before clip): 0.1293
2026-08-28 07:17:25.300 INFO: --- End gradient diagnostics ---
2026-08-28 07:30:03.131 INFO:   Epoch energy decomposition (mean/atom): E_inter=0.4653 eV, E_QEq=-0.464960 eV
2026-08-28 07:31:00.096 INFO: Epoch 271: head: Default, loss=0.00137575, RMSE_E_per_atom=    2.83 meV, RMSE_F=   14.67 meV / A
2026-08-28 07:31:00.311 INFO: --- Gradient diagnostics (epoch 272, batch 0) ---
2026-08-28 07:31:00.311 INFO:   forces: pred_rms=0.2521 eV/Å, ref_rms=0.2533 eV/Å, err_rms=0.0205 eV/Å
2026-08-28 07:31:00.312 INFO:   energy/atom: pred_mean=-2.9493 eV, ref_mean=-2.9497 eV, err_mean=0.0020 eV
2026-08-28 07:31:00.312 INFO:   energy decomposition (mean/atom): E_inter=0.4995 eV, E_QEq=-0.482997 eV
2026-08-28 07:31:00.315 INFO:   QEq charges per element: Z=7: mean=-0.2445, std=0.1023, min=-0.3168, max=-0.1721 | Z=8: mean=-0.0454, std=nan, min=-0.0454, max=-0.0454 | Z=15: mean=-0.4794, std=nan, min=-0.4794, max=-0.4794 | Z=16: mean=-0.2737, std=nan, min=-0.2737, max=-0.2737 | Z=33: mean=-0.2926, std=nan, min=-0.2926, max=-0.2926 | Z=34: mean=-0.1559, std=nan, min=-0.1559, max=-0.1559 | Z=35: mean=0.0628, std=0.2527, min=-0.2756, max=0.3741 | Z=52: mean=-0.2852, std=0.0718, min=-0.3360, max=-0.2344 | Z=53: mean=0.2660, std=0.0301, min=0.0596, max=0.3112 | Z=55: mean=-0.2277, std=0.3139, min=-0.4466, max=0.4222 | Z=82: mean=-0.2562, std=0.2820, min=-0.4744, max=0.3038
2026-08-28 07:31:00.317 INFO:   Top-10 param grad norms:
2026-08-28 07:31:00.317 INFO:     products.0.symmetric_contractions.weight: 0.134031
2026-08-28 07:31:00.317 INFO:     interactions.1.linear.weight: 0.106126
2026-08-28 07:31:00.317 INFO:     interactions.0.linear.weight: 0.083768
2026-08-28 07:31:00.317 INFO:     products.1.symmetric_contractions.weight: 0.083115
2026-08-28 07:31:00.317 INFO:     products.0.linear.weight: 0.056802
2026-08-28 07:31:00.317 INFO:     products.1.linear.weight: 0.039301
2026-08-28 07:31:00.317 INFO:     charge_embedding.weight: 0.022139
2026-08-28 07:31:00.317 INFO:     interactions.0.conv_tp_weights.layer0.weight: 0.020975
2026-08-28 07:31:00.317 INFO:     interactions.0.linear_up.weight: 0.012745
2026-08-28 07:31:00.317 INFO:     interactions.0.conv_tp_weights.layer3.weight: 0.012034
2026-08-28 07:31:00.318 INFO:   All parameters have nonzero gradients ✓
2026-08-28 07:31:00.318 INFO:   Total grad norm (before clip): 0.2240
2026-08-28 07:31:00.318 INFO: --- End gradient diagnostics ---
2026-08-28 07:43:34.640 INFO:   Epoch energy decomposition (mean/atom): E_inter=0.4657 eV, E_QEq=-0.465341 eV
2026-08-28 07:44:30.261 INFO: Epoch 272: head: Default, loss=0.00139298, RMSE_E_per_atom=    2.82 meV, RMSE_F=   14.77 meV / A
2026-08-28 07:44:30.398 INFO: --- Gradient diagnostics (epoch 273, batch 0) ---
2026-08-28 07:44:30.399 INFO:   forces: pred_rms=0.1690 eV/Å, ref_rms=0.1686 eV/Å, err_rms=0.0151 eV/Å
2026-08-28 07:44:30.399 INFO:   energy/atom: pred_mean=-2.9566 eV, ref_mean=-2.9563 eV, err_mean=0.0020 eV
2026-08-28 07:44:30.399 INFO:   energy decomposition (mean/atom): E_inter=0.4799 eV, E_QEq=-0.467430 eV
2026-08-28 07:44:30.402 INFO:   QEq charges per element: Z=7: mean=0.1093, std=0.0518, min=0.0727, max=0.1459 | Z=9: mean=-0.5430, std=nan, min=-0.5430, max=-0.5430 | Z=15: mean=-0.2386, std=nan, min=-0.2386, max=-0.2386 | Z=16: mean=-0.2037, std=0.0143, min=-0.2138, max=-0.1936 | Z=34: mean=-0.3469, std=0.0781, min=-0.4021, max=-0.2916 | Z=35: mean=0.0642, std=0.2629, min=-0.2719, max=0.3653 | Z=53: mean=0.0532, std=0.2629, min=-0.3363, max=0.3568 | Z=55: mean=-0.0786, std=0.3605, min=-0.4566, max=0.4426 | Z=82: mean=-0.1083, std=0.3529, min=-0.4994, max=0.3627
2026-08-28 07:44:30.403 INFO:   Top-10 param grad norms:
2026-08-28 07:44:30.403 INFO:     products.0.symmetric_contractions.weight: 0.044900
2026-08-28 07:44:30.403 INFO:     interactions.1.linear.weight: 0.042599
2026-08-28 07:44:30.403 INFO:     products.1.symmetric_contractions.weight: 0.036782
2026-08-28 07:44:30.403 INFO:     interactions.0.linear.weight: 0.032703
2026-08-28 07:44:30.404 INFO:     products.0.linear.weight: 0.026267
2026-08-28 07:44:30.404 INFO:     products.1.linear.weight: 0.016769
2026-08-28 07:44:30.404 INFO:     interactions.0.conv_tp_weights.layer0.weight: 0.015290
2026-08-28 07:44:30.404 INFO:     charge_embedding.weight: 0.007865
2026-08-28 07:44:30.404 INFO:     interactions.0.conv_tp_weights.layer3.weight: 0.006387
2026-08-28 07:44:30.404 INFO:     interactions.0.linear_up.weight: 0.005449
2026-08-28 07:44:30.404 INFO:   All parameters have nonzero gradients ✓
2026-08-28 07:44:30.404 INFO:   Total grad norm (before clip): 0.0884
2026-08-28 07:44:30.404 INFO: --- End gradient diagnostics ---
2026-08-28 07:56:43.881 INFO:   Epoch energy decomposition (mean/atom): E_inter=0.4657 eV, E_QEq=-0.465412 eV
2026-08-28 07:57:38.141 INFO: Epoch 273: head: Default, loss=0.00138831, RMSE_E_per_atom=    2.81 meV, RMSE_F=   14.74 meV / A
2026-08-28 07:57:38.289 INFO: --- Gradient diagnostics (epoch 274, batch 0) ---
2026-08-28 07:57:38.289 INFO:   forces: pred_rms=0.1188 eV/Å, ref_rms=0.1169 eV/Å, err_rms=0.0158 eV/Å
2026-08-28 07:57:38.290 INFO:   energy/atom: pred_mean=-3.1169 eV, ref_mean=-3.1178 eV, err_mean=0.0022 eV
2026-08-28 07:57:38.290 INFO:   energy decomposition (mean/atom): E_inter=0.4537 eV, E_QEq=-0.456700 eV
2026-08-28 07:57:38.293 INFO:   QEq charges per element: Z=7: mean=-0.4639, std=nan, min=-0.4639, max=-0.4639 | Z=8: mean=-0.4943, std=0.2573, min=-0.6762, max=-0.3123 | Z=15: mean=-0.0988, std=nan, min=-0.0988, max=-0.0988 | Z=16: mean=0.2542, std=nan, min=0.2542, max=0.2542 | Z=33: mean=-0.2689, std=nan, min=-0.2689, max=-0.2689 | Z=34: mean=-0.4885, std=0.0301, min=-0.5098, max=-0.4672 | Z=35: mean=0.0408, std=0.2563, min=-0.4172, max=0.3734 | Z=53: mean=-0.2452, std=0.0397, min=-0.2784, max=0.0163 | Z=55: mean=0.0182, std=0.3844, min=-0.4062, max=0.4492 | Z=82: mean=-0.0524, std=0.3498, min=-0.4724, max=0.4025
2026-08-28 07:57:38.294 INFO:   Top-10 param grad norms:
2026-08-28 07:57:38.294 INFO:     products.0.symmetric_contractions.weight: 0.149437
2026-08-28 07:57:38.294 INFO:     products.1.symmetric_contractions.weight: 0.102448
2026-08-28 07:57:38.294 INFO:     interactions.1.linear.weight: 0.087442
2026-08-28 07:57:38.295 INFO:     interactions.0.linear.weight: 0.079747
2026-08-28 07:57:38.295 INFO:     products.0.linear.weight: 0.059541
2026-08-28 07:57:38.295 INFO:     interactions.0.conv_tp_weights.layer0.weight: 0.040140
2026-08-28 07:57:38.295 INFO:     products.1.linear.weight: 0.034169
2026-08-28 07:57:38.295 INFO:     charge_embedding.weight: 0.020178
2026-08-28 07:57:38.295 INFO:     chi_readouts.1.linear_2.weight: 0.018060
2026-08-28 07:57:38.295 INFO:     interactions.0.conv_tp_weights.layer3.weight: 0.014986
2026-08-28 07:57:38.295 INFO:   All parameters have nonzero gradients ✓
2026-08-28 07:57:38.295 INFO:   Total grad norm (before clip): 0.2352
2026-08-28 07:57:38.295 INFO: --- End gradient diagnostics ---
2026-08-28 08:09:19.792 INFO:   Epoch energy decomposition (mean/atom): E_inter=0.4662 eV, E_QEq=-0.465911 eV
2026-08-28 08:10:12.098 INFO: Epoch 274: head: Default, loss=0.00139513, RMSE_E_per_atom=    2.82 meV, RMSE_F=   14.78 meV / A
2026-08-28 08:10:12.241 INFO: --- Gradient diagnostics (epoch 275, batch 0) ---
2026-08-28 08:10:12.241 INFO:   forces: pred_rms=0.3032 eV/Å, ref_rms=0.3018 eV/Å, err_rms=0.0200 eV/Å
2026-08-28 08:10:12.241 INFO:   energy/atom: pred_mean=-2.9690 eV, ref_mean=-2.9690 eV, err_mean=0.0013 eV
2026-08-28 08:10:12.242 INFO:   energy decomposition (mean/atom): E_inter=0.4612 eV, E_QEq=-0.429529 eV
2026-08-28 08:10:12.244 INFO:   QEq charges per element: Z=7: mean=-0.3079, std=nan, min=-0.3079, max=-0.3079 | Z=8: mean=-0.5313, std=nan, min=-0.5313, max=-0.5313 | Z=9: mean=0.5055, std=nan, min=0.5055, max=0.5055 | Z=17: mean=-0.1459, std=0.1687, min=-0.2652, max=-0.0267 | Z=33: mean=-0.5546, std=nan, min=-0.5546, max=-0.5546 | Z=35: mean=-0.0796, std=0.2478, min=-0.3702, max=0.3308 | Z=52: mean=-0.0993, std=0.5765, min=-0.5070, max=0.3083 | Z=53: mean=0.0111, std=0.2576, min=-0.2881, max=0.3644 | Z=55: mean=0.0805, std=0.3813, min=-0.4310, max=0.4528 | Z=82: mean=0.0150, std=0.3532, min=-0.4848, max=0.4127
2026-08-28 08:10:12.246 INFO:   Top-10 param grad norms:
2026-08-28 08:10:12.246 INFO:     interactions.1.linear.weight: 0.109120
2026-08-28 08:10:12.246 INFO:     products.0.symmetric_contractions.weight: 0.107943
2026-08-28 08:10:12.246 INFO:     interactions.0.linear.weight: 0.079466
2026-08-28 08:10:12.246 INFO:     products.1.symmetric_contractions.weight: 0.077230
2026-08-28 08:10:12.246 INFO:     products.0.linear.weight: 0.061444
2026-08-28 08:10:12.246 INFO:     interactions.0.conv_tp_weights.layer0.weight: 0.057816
2026-08-28 08:10:12.246 INFO:     products.1.linear.weight: 0.047432
2026-08-28 08:10:12.246 INFO:     charge_embedding.weight: 0.033765
2026-08-28 08:10:12.246 INFO:     interactions.0.conv_tp_weights.layer1.weight: 0.025114
2026-08-28 08:10:12.247 INFO:     interactions.0.linear_up.weight: 0.019765
2026-08-28 08:10:12.247 INFO:   All parameters have nonzero gradients ✓
2026-08-28 08:10:12.247 INFO:   Total grad norm (before clip): 0.2216
2026-08-28 08:10:12.247 INFO: --- End gradient diagnostics ---
2026-08-28 08:22:08.041 INFO:   Epoch energy decomposition (mean/atom): E_inter=0.4662 eV, E_QEq=-0.465884 eV
2026-08-28 08:23:07.493 INFO: Epoch 275: head: Default, loss=0.00138045, RMSE_E_per_atom=    2.82 meV, RMSE_F=   14.70 meV / A
2026-08-28 08:23:07.637 INFO: --- Gradient diagnostics (epoch 276, batch 0) ---
2026-08-28 08:23:07.639 INFO:   forces: pred_rms=0.0311 eV/Å, ref_rms=0.0287 eV/Å, err_rms=0.0121 eV/Å
2026-08-28 08:23:07.640 INFO:   energy/atom: pred_mean=-2.9642 eV, ref_mean=-2.9637 eV, err_mean=0.0009 eV
2026-08-28 08:23:07.640 INFO:   energy decomposition (mean/atom): E_inter=0.4514 eV, E_QEq=-0.471571 eV
2026-08-28 08:23:07.643 INFO:   QEq charges per element: Z=7: mean=-0.3245, std=0.3060, min=-0.6677, max=-0.0802 | Z=8: mean=-0.8669, std=nan, min=-0.8669, max=-0.8669 | Z=15: mean=-0.4152, std=nan, min=-0.4152, max=-0.4152 | Z=33: mean=-0.1736, std=0.2959, min=-0.4465, max=0.1410 | Z=35: mean=0.0128, std=0.2622, min=-0.2799, max=0.3236 | Z=53: mean=0.0988, std=0.2458, min=-0.3262, max=0.2976 | Z=55: mean=-0.0706, std=0.3685, min=-0.4026, max=0.4489 | Z=82: mean=-0.1125, std=0.3447, min=-0.4391, max=0.3930
2026-08-28 08:23:07.645 INFO:   Top-10 param grad norms:
2026-08-28 08:23:07.645 INFO:     products.0.symmetric_contractions.weight: 0.071929
2026-08-28 08:23:07.645 INFO:     interactions.0.linear.weight: 0.054544
2026-08-28 08:23:07.645 INFO:     interactions.1.linear.weight: 0.054106
2026-08-28 08:23:07.645 INFO:     products.1.symmetric_contractions.weight: 0.054082
2026-08-28 08:23:07.645 INFO:     interactions.0.conv_tp_weights.layer0.weight: 0.045991
2026-08-28 08:23:07.645 INFO:     products.0.linear.weight: 0.036600
2026-08-28 08:23:07.645 INFO:     charge_embedding.weight: 0.022004
2026-08-28 08:23:07.646 INFO:     products.1.linear.weight: 0.021496
2026-08-28 08:23:07.646 INFO:     interactions.0.conv_tp_weights.layer1.weight: 0.016436
2026-08-28 08:23:07.646 INFO:     interactions.0.conv_tp_weights.layer3.weight: 0.016398
2026-08-28 08:23:07.646 INFO:   All parameters have nonzero gradients ✓
2026-08-28 08:23:07.646 INFO:   Total grad norm (before clip): 0.1412
2026-08-28 08:23:07.646 INFO: --- End gradient diagnostics ---
2026-08-28 08:35:30.675 INFO:   Epoch energy decomposition (mean/atom): E_inter=0.4662 eV, E_QEq=-0.465874 eV
2026-08-28 08:36:26.702 INFO: Epoch 276: head: Default, loss=0.00138206, RMSE_E_per_atom=    2.81 meV, RMSE_F=   14.71 meV / A
2026-08-28 08:36:26.838 INFO: --- Gradient diagnostics (epoch 277, batch 0) ---
2026-08-28 08:36:26.839 INFO:   forces: pred_rms=0.1295 eV/Å, ref_rms=0.1290 eV/Å, err_rms=0.0132 eV/Å
2026-08-28 08:36:26.839 INFO:   energy/atom: pred_mean=-3.0037 eV, ref_mean=-3.0033 eV, err_mean=0.0023 eV
2026-08-28 08:36:26.840 INFO:   energy decomposition (mean/atom): E_inter=0.4432 eV, E_QEq=-0.443592 eV
2026-08-28 08:36:26.843 INFO:   QEq charges per element: Z=7: mean=0.0759, std=0.1784, min=-0.0502, max=0.2021 | Z=8: mean=-0.1059, std=nan, min=-0.1059, max=-0.1059 | Z=15: mean=-0.3490, std=nan, min=-0.3490, max=-0.3490 | Z=16: mean=-0.3596, std=nan, min=-0.3596, max=-0.3596 | Z=17: mean=-0.0366, std=nan, min=-0.0366, max=-0.0366 | Z=33: mean=-0.0499, std=nan, min=-0.0499, max=-0.0499 | Z=34: mean=-0.3298, std=nan, min=-0.3298, max=-0.3298 | Z=35: mean=0.0111, std=0.2612, min=-0.2974, max=0.3047 | Z=53: mean=0.0081, std=0.2561, min=-0.2985, max=0.3311 | Z=55: mean=0.0110, std=0.3825, min=-0.4341, max=0.4295 | Z=82: mean=-0.0538, std=0.3522, min=-0.4898, max=0.3501
2026-08-28 08:36:26.844 INFO:   Top-10 param grad norms:
2026-08-28 08:36:26.844 INFO:     interactions.0.conv_tp_weights.layer0.weight: 0.074735
2026-08-28 08:36:26.844 INFO:     products.0.symmetric_contractions.weight: 0.056722
2026-08-28 08:36:26.845 INFO:     interactions.1.linear.weight: 0.050032
2026-08-28 08:36:26.845 INFO:     interactions.0.linear.weight: 0.048359
2026-08-28 08:36:26.845 INFO:     products.0.linear.weight: 0.038949
2026-08-28 08:36:26.845 INFO:     products.1.symmetric_contractions.weight: 0.037736
2026-08-28 08:36:26.845 INFO:     interactions.0.conv_tp_weights.layer1.weight: 0.024956
2026-08-28 08:36:26.845 INFO:     products.1.linear.weight: 0.020973
2026-08-28 08:36:26.845 INFO:     interactions.0.conv_tp_weights.layer2.weight: 0.015982
2026-08-28 08:36:26.845 INFO:     charge_embedding.weight: 0.014650
2026-08-28 08:36:26.845 INFO:   All parameters have nonzero gradients ✓
2026-08-28 08:36:26.845 INFO:   Total grad norm (before clip): 0.1376
2026-08-28 08:36:26.845 INFO: --- End gradient diagnostics ---
2026-08-28 08:48:24.555 INFO:   Epoch energy decomposition (mean/atom): E_inter=0.4666 eV, E_QEq=-0.466286 eV
2026-08-28 08:49:19.655 INFO: Epoch 277: head: Default, loss=0.00138004, RMSE_E_per_atom=    2.80 meV, RMSE_F=   14.70 meV / A
2026-08-28 08:49:19.797 INFO: --- Gradient diagnostics (epoch 278, batch 0) ---
2026-08-28 08:49:19.798 INFO:   forces: pred_rms=0.1572 eV/Å, ref_rms=0.1570 eV/Å, err_rms=0.0166 eV/Å
2026-08-28 08:49:19.798 INFO:   energy/atom: pred_mean=-2.9982 eV, ref_mean=-2.9989 eV, err_mean=0.0015 eV
2026-08-28 08:49:19.798 INFO:   energy decomposition (mean/atom): E_inter=0.4396 eV, E_QEq=-0.432678 eV
2026-08-28 08:49:19.802 INFO:   QEq charges per element: Z=7: mean=-0.3624, std=0.1319, min=-0.4557, max=-0.2692 | Z=8: mean=-0.3315, std=nan, min=-0.3315, max=-0.3315 | Z=9: mean=-0.2860, std=nan, min=-0.2860, max=-0.2860 | Z=16: mean=-0.3123, std=nan, min=-0.3123, max=-0.3123 | Z=17: mean=-0.4474, std=nan, min=-0.4474, max=-0.4474 | Z=33: mean=-0.1713, std=0.2184, min=-0.3257, max=-0.0168 | Z=34: mean=-0.2680, std=nan, min=-0.2680, max=-0.2680 | Z=35: mean=-0.0727, std=0.2442, min=-0.3071, max=0.3495 | Z=53: mean=-0.1215, std=0.2399, min=-0.3233, max=0.3193 | Z=55: mean=0.1508, std=0.3452, min=-0.4522, max=0.4433 | Z=82: mean=0.0977, std=0.3246, min=-0.4414, max=0.3966
2026-08-28 08:49:19.803 INFO:   Top-10 param grad norms:
2026-08-28 08:49:19.803 INFO:     products.0.symmetric_contractions.weight: 0.188131
2026-08-28 08:49:19.803 INFO:     interactions.1.linear.weight: 0.160611
2026-08-28 08:49:19.804 INFO:     products.1.symmetric_contractions.weight: 0.143799
2026-08-28 08:49:19.804 INFO:     interactions.0.linear.weight: 0.128019
2026-08-28 08:49:19.804 INFO:     interactions.0.conv_tp_weights.layer0.weight: 0.123933
2026-08-28 08:49:19.804 INFO:     products.0.linear.weight: 0.090577
2026-08-28 08:49:19.804 INFO:     products.1.linear.weight: 0.072867
2026-08-28 08:49:19.804 INFO:     charge_embedding.weight: 0.045892
2026-08-28 08:49:19.804 INFO:     interactions.0.conv_tp_weights.layer1.weight: 0.040972
2026-08-28 08:49:19.804 INFO:     interactions.0.conv_tp_weights.layer3.weight: 0.035264
2026-08-28 08:49:19.804 INFO:   All parameters have nonzero gradients ✓
2026-08-28 08:49:19.804 INFO:   Total grad norm (before clip): 0.3697
2026-08-28 08:49:19.804 INFO: --- End gradient diagnostics ---
2026-08-28 09:01:24.435 INFO:   Epoch energy decomposition (mean/atom): E_inter=0.4665 eV, E_QEq=-0.466226 eV
2026-08-28 09:02:21.844 INFO: Epoch 278: head: Default, loss=0.00138464, RMSE_E_per_atom=    2.82 meV, RMSE_F=   14.72 meV / A
2026-08-28 09:02:21.985 INFO: --- Gradient diagnostics (epoch 279, batch 0) ---
2026-08-28 09:02:21.986 INFO:   forces: pred_rms=0.1081 eV/Å, ref_rms=0.1084 eV/Å, err_rms=0.0146 eV/Å
2026-08-28 09:02:21.986 INFO:   energy/atom: pred_mean=-2.9370 eV, ref_mean=-2.9365 eV, err_mean=0.0028 eV
2026-08-28 09:02:21.987 INFO:   energy decomposition (mean/atom): E_inter=0.4292 eV, E_QEq=-0.440523 eV
2026-08-28 09:02:21.989 INFO:   QEq charges per element: Z=15: mean=-0.4360, std=nan, min=-0.4360, max=-0.4360 | Z=17: mean=-0.1155, std=nan, min=-0.1155, max=-0.1155 | Z=33: mean=-0.4579, std=0.1115, min=-0.5367, max=-0.3790 | Z=35: mean=0.1415, std=0.2231, min=-0.2532, max=0.3226 | Z=52: mean=-0.2405, std=nan, min=-0.2405, max=-0.2405 | Z=53: mean=-0.0732, std=0.2440, min=-0.3414, max=0.3284 | Z=55: mean=0.0186, std=0.3858, min=-0.4131, max=0.4368 | Z=82: mean=-0.0597, std=0.3471, min=-0.4604, max=0.3442
2026-08-28 09:02:21.991 INFO:   Top-10 param grad norms:
2026-08-28 09:02:21.991 INFO:     interactions.1.linear.weight: 0.066701
2026-08-28 09:02:21.991 INFO:     products.0.symmetric_contractions.weight: 0.064805
2026-08-28 09:02:21.991 INFO:     interactions.0.linear.weight: 0.056512
2026-08-28 09:02:21.991 INFO:     products.1.symmetric_contractions.weight: 0.050059
2026-08-28 09:02:21.991 INFO:     products.0.linear.weight: 0.042552
2026-08-28 09:02:21.992 INFO:     products.1.linear.weight: 0.034391
2026-08-28 09:02:21.992 INFO:     charge_embedding.weight: 0.019007
2026-08-28 09:02:21.992 INFO:     interactions.0.linear_up.weight: 0.013141
2026-08-28 09:02:21.992 INFO:     interactions.0.conv_tp_weights.layer3.weight: 0.012569
2026-08-28 09:02:21.992 INFO:     interactions.0.conv_tp_weights.layer0.weight: 0.011245
2026-08-28 09:02:21.992 INFO:   All parameters have nonzero gradients ✓
2026-08-28 09:02:21.992 INFO:   Total grad norm (before clip): 0.1375
2026-08-28 09:02:21.992 INFO: --- End gradient diagnostics ---
2026-08-28 09:14:39.808 INFO:   Epoch energy decomposition (mean/atom): E_inter=0.4673 eV, E_QEq=-0.466996 eV
2026-08-28 09:15:35.994 INFO: Epoch 279: head: Default, loss=0.00137884, RMSE_E_per_atom=    2.81 meV, RMSE_F=   14.69 meV / A
2026-08-28 09:15:36.143 INFO: --- Gradient diagnostics (epoch 280, batch 0) ---
2026-08-28 09:15:36.143 INFO:   forces: pred_rms=0.1174 eV/Å, ref_rms=0.1127 eV/Å, err_rms=0.0181 eV/Å
2026-08-28 09:15:36.144 INFO:   energy/atom: pred_mean=-3.0445 eV, ref_mean=-3.0422 eV, err_mean=0.0031 eV
2026-08-28 09:15:36.144 INFO:   energy decomposition (mean/atom): E_inter=0.4372 eV, E_QEq=-0.439065 eV
2026-08-28 09:15:36.147 INFO:   QEq charges per element: Z=7: mean=0.0104, std=nan, min=0.0104, max=0.0104 | Z=9: mean=-0.3748, std=0.1261, min=-0.4639, max=-0.2856 | Z=15: mean=-0.7267, std=nan, min=-0.7267, max=-0.7267 | Z=16: mean=-0.0965, std=nan, min=-0.0965, max=-0.0965 | Z=33: mean=-0.0508, std=0.6978, min=-0.5442, max=0.4426 | Z=34: mean=-0.4669, std=nan, min=-0.4669, max=-0.4669 | Z=35: mean=-0.0275, std=0.2569, min=-0.3926, max=0.3477 | Z=52: mean=0.1617, std=nan, min=0.1617, max=0.1617 | Z=53: mean=-0.0704, std=0.2464, min=-0.3604, max=0.3257 | Z=55: mean=0.0769, std=0.3702, min=-0.3931, max=0.4482 | Z=82: mean=0.0202, std=0.3489, min=-0.4524, max=0.4005
2026-08-28 09:15:36.149 INFO:   Top-10 param grad norms:
2026-08-28 09:15:36.149 INFO:     products.0.symmetric_contractions.weight: 0.121251
2026-08-28 09:15:36.149 INFO:     interactions.1.linear.weight: 0.096000
2026-08-28 09:15:36.149 INFO:     interactions.0.linear.weight: 0.081669
2026-08-28 09:15:36.149 INFO:     products.1.symmetric_contractions.weight: 0.075881
2026-08-28 09:15:36.149 INFO:     products.0.linear.weight: 0.066100
2026-08-28 09:15:36.149 INFO:     products.1.linear.weight: 0.051049
2026-08-28 09:15:36.149 INFO:     interactions.0.conv_tp_weights.layer0.weight: 0.049979
2026-08-28 09:15:36.149 INFO:     charge_embedding.weight: 0.034238
2026-08-28 09:15:36.149 INFO:     interactions.0.conv_tp_weights.layer1.weight: 0.027478
2026-08-28 09:15:36.149 INFO:     interactions.0.conv_tp_weights.layer3.weight: 0.026829
2026-08-28 09:15:36.149 INFO:   All parameters have nonzero gradients ✓
2026-08-28 09:15:36.150 INFO:   Total grad norm (before clip): 0.2273
2026-08-28 09:15:36.150 INFO: --- End gradient diagnostics ---
2026-08-28 09:28:10.914 INFO:   Epoch energy decomposition (mean/atom): E_inter=0.4673 eV, E_QEq=-0.466980 eV
2026-08-28 09:29:07.301 INFO: Epoch 280: head: Default, loss=0.00137007, RMSE_E_per_atom=    2.81 meV, RMSE_F=   14.64 meV / A
2026-08-28 09:29:07.480 INFO: --- Gradient diagnostics (epoch 281, batch 0) ---
2026-08-28 09:29:07.481 INFO:   forces: pred_rms=0.3334 eV/Å, ref_rms=0.3321 eV/Å, err_rms=0.0205 eV/Å
2026-08-28 09:29:07.481 INFO:   energy/atom: pred_mean=-2.9417 eV, ref_mean=-2.9414 eV, err_mean=0.0026 eV
2026-08-28 09:29:07.481 INFO:   energy decomposition (mean/atom): E_inter=0.4885 eV, E_QEq=-0.463803 eV
2026-08-28 09:29:07.484 INFO:   QEq charges per element: Z=7: mean=-0.0532, std=0.1578, min=-0.2063, max=0.1089 | Z=9: mean=-0.1539, std=nan, min=-0.1539, max=-0.1539 | Z=16: mean=-0.1008, std=0.3660, min=-0.3596, max=0.1580 | Z=34: mean=-0.0350, std=nan, min=-0.0350, max=-0.0350 | Z=35: mean=0.2610, std=0.0427, min=-0.1518, max=0.3617 | Z=53: mean=-0.0351, std=0.2603, min=-0.3748, max=0.3709 | Z=55: mean=-0.1360, std=0.3514, min=-0.4215, max=0.4295 | Z=82: mean=-0.1954, std=0.3201, min=-0.4818, max=0.4211
2026-08-28 09:29:07.485 INFO:   Top-10 param grad norms:
2026-08-28 09:29:07.485 INFO:     products.0.symmetric_contractions.weight: 0.108211
2026-08-28 09:29:07.485 INFO:     interactions.1.linear.weight: 0.105245
2026-08-28 09:29:07.486 INFO:     products.1.symmetric_contractions.weight: 0.070953
2026-08-28 09:29:07.486 INFO:     interactions.0.conv_tp_weights.layer0.weight: 0.067890
2026-08-28 09:29:07.486 INFO:     interactions.0.linear.weight: 0.062192
2026-08-28 09:29:07.486 INFO:     products.0.linear.weight: 0.058504
2026-08-28 09:29:07.486 INFO:     products.1.linear.weight: 0.042427
2026-08-28 09:29:07.486 INFO:     interactions.0.conv_tp_weights.layer1.weight: 0.021848
2026-08-28 09:29:07.486 INFO:     charge_embedding.weight: 0.019335
2026-08-28 09:29:07.486 INFO:     interactions.1.linear_up.weight: 0.014559
2026-08-28 09:29:07.486 INFO:   All parameters have nonzero gradients ✓
2026-08-28 09:29:07.486 INFO:   Total grad norm (before clip): 0.2093
2026-08-28 09:29:07.486 INFO: --- End gradient diagnostics ---
2026-08-28 09:41:28.235 INFO:   Epoch energy decomposition (mean/atom): E_inter=0.4673 eV, E_QEq=-0.466924 eV
2026-08-28 09:42:22.239 INFO: Epoch 281: head: Default, loss=0.00136543, RMSE_E_per_atom=    2.80 meV, RMSE_F=   14.62 meV / A
2026-08-28 09:42:22.413 INFO: --- Gradient diagnostics (epoch 282, batch 0) ---
2026-08-28 09:42:22.414 INFO:   forces: pred_rms=0.0974 eV/Å, ref_rms=0.0962 eV/Å, err_rms=0.0155 eV/Å
2026-08-28 09:42:22.414 INFO:   energy/atom: pred_mean=-2.9932 eV, ref_mean=-2.9924 eV, err_mean=0.0023 eV
2026-08-28 09:42:22.414 INFO:   energy decomposition (mean/atom): E_inter=0.4455 eV, E_QEq=-0.471042 eV
2026-08-28 09:42:22.418 INFO:   QEq charges per element: Z=8: mean=-0.3115, std=nan, min=-0.3115, max=-0.3115 | Z=9: mean=-0.4599, std=nan, min=-0.4599, max=-0.4599 | Z=15: mean=-0.4751, std=0.0110, min=-0.4828, max=-0.4673 | Z=16: mean=-0.3396, std=nan, min=-0.3396, max=-0.3396 | Z=17: mean=0.0156, std=nan, min=0.0156, max=0.0156 | Z=33: mean=-0.1809, std=nan, min=-0.1809, max=-0.1809 | Z=35: mean=-0.0367, std=0.2509, min=-0.3044, max=0.3115 | Z=52: mean=-0.3701, std=nan, min=-0.3701, max=-0.3701 | Z=53: mean=0.1712, std=0.2091, min=-0.2693, max=0.3222 | Z=55: mean=-0.0584, std=0.3756, min=-0.3987, max=0.4492 | Z=82: mean=-0.1178, std=0.3316, min=-0.4289, max=0.3773
2026-08-28 09:42:22.419 INFO:   Top-10 param grad norms:
2026-08-28 09:42:22.419 INFO:     interactions.0.conv_tp_weights.layer0.weight: 0.212050
2026-08-28 09:42:22.419 INFO:     interactions.1.linear.weight: 0.119931
2026-08-28 09:42:22.420 INFO:     products.0.symmetric_contractions.weight: 0.113293
2026-08-28 09:42:22.420 INFO:     interactions.0.linear.weight: 0.105538
2026-08-28 09:42:22.420 INFO:     products.1.symmetric_contractions.weight: 0.082609
2026-08-28 09:42:22.420 INFO:     products.0.linear.weight: 0.076632
2026-08-28 09:42:22.420 INFO:     interactions.0.conv_tp_weights.layer1.weight: 0.071338
2026-08-28 09:42:22.420 INFO:     interactions.0.conv_tp_weights.layer2.weight: 0.044090
2026-08-28 09:42:22.420 INFO:     products.1.linear.weight: 0.043911
2026-08-28 09:42:22.420 INFO:     charge_embedding.weight: 0.039293
2026-08-28 09:42:22.420 INFO:   All parameters have nonzero gradients ✓
2026-08-28 09:42:22.420 INFO:   Total grad norm (before clip): 0.3307
2026-08-28 09:42:22.420 INFO: --- End gradient diagnostics ---
2026-08-28 09:55:02.285 INFO:   Epoch energy decomposition (mean/atom): E_inter=0.4675 eV, E_QEq=-0.467146 eV
2026-08-28 09:55:59.174 INFO: Epoch 282: head: Default, loss=0.00138173, RMSE_E_per_atom=    2.80 meV, RMSE_F=   14.71 meV / A
2026-08-28 09:55:59.310 INFO: --- Gradient diagnostics (epoch 283, batch 0) ---
2026-08-28 09:55:59.310 INFO:   forces: pred_rms=0.2737 eV/Å, ref_rms=0.2727 eV/Å, err_rms=0.0200 eV/Å
2026-08-28 09:55:59.310 INFO:   energy/atom: pred_mean=-3.1180 eV, ref_mean=-3.1188 eV, err_mean=0.0028 eV
2026-08-28 09:55:59.311 INFO:   energy decomposition (mean/atom): E_inter=0.5123 eV, E_QEq=-0.481217 eV
2026-08-28 09:55:59.313 INFO:   QEq charges per element: Z=7: mean=0.2425, std=nan, min=0.2425, max=0.2425 | Z=9: mean=0.1916, std=nan, min=0.1916, max=0.1916 | Z=15: mean=-0.0050, std=nan, min=-0.0050, max=-0.0050 | Z=17: mean=-0.4686, std=nan, min=-0.4686, max=-0.4686 | Z=33: mean=-0.5008, std=nan, min=-0.5008, max=-0.5008 | Z=34: mean=-0.2173, std=0.1010, min=-0.2887, max=-0.1459 | Z=35: mean=0.1118, std=0.2365, min=-0.2915, max=0.3337 | Z=52: mean=-0.2240, std=nan, min=-0.2240, max=-0.2240 | Z=55: mean=-0.1487, std=0.3459, min=-0.4168, max=0.4319 | Z=82: mean=-0.2011, std=0.3322, min=-0.4793, max=0.3489
2026-08-28 09:55:59.315 INFO:   Top-10 param grad norms:
2026-08-28 09:55:59.315 INFO:     products.0.symmetric_contractions.weight: 0.130047
2026-08-28 09:55:59.315 INFO:     products.1.symmetric_contractions.weight: 0.093148
2026-08-28 09:55:59.315 INFO:     interactions.1.linear.weight: 0.092940
2026-08-28 09:55:59.315 INFO:     interactions.0.linear.weight: 0.079511
2026-08-28 09:55:59.315 INFO:     products.0.linear.weight: 0.060482
2026-08-28 09:55:59.315 INFO:     products.1.linear.weight: 0.048290
2026-08-28 09:55:59.315 INFO:     charge_embedding.weight: 0.029936
2026-08-28 09:55:59.316 INFO:     interactions.0.conv_tp_weights.layer0.weight: 0.028342
2026-08-28 09:55:59.316 INFO:     interactions.0.linear_up.weight: 0.020311
2026-08-28 09:55:59.316 INFO:     chi_readouts.1.linear_2.weight: 0.017210
2026-08-28 09:55:59.316 INFO:   All parameters have nonzero gradients ✓
2026-08-28 09:55:59.316 INFO:   Total grad norm (before clip): 0.2258
2026-08-28 09:55:59.316 INFO: --- End gradient diagnostics ---
2026-08-28 10:08:45.925 INFO:   Epoch energy decomposition (mean/atom): E_inter=0.4678 eV, E_QEq=-0.467449 eV
2026-08-28 10:09:41.897 INFO: Epoch 283: head: Default, loss=0.00137276, RMSE_E_per_atom=    2.80 meV, RMSE_F=   14.66 meV / A
2026-08-28 10:09:42.041 INFO: --- Gradient diagnostics (epoch 284, batch 0) ---
2026-08-28 10:09:42.041 INFO:   forces: pred_rms=0.1508 eV/Å, ref_rms=0.1494 eV/Å, err_rms=0.0148 eV/Å
2026-08-28 10:09:42.042 INFO:   energy/atom: pred_mean=-2.9945 eV, ref_mean=-2.9959 eV, err_mean=0.0023 eV
2026-08-28 10:09:42.042 INFO:   energy decomposition (mean/atom): E_inter=0.4555 eV, E_QEq=-0.452811 eV
2026-08-28 10:09:42.045 INFO:   QEq charges per element: Z=8: mean=-0.2946, std=0.0963, min=-0.3627, max=-0.2265 | Z=9: mean=-0.4363, std=nan, min=-0.4363, max=-0.4363 | Z=17: mean=-0.2154, std=nan, min=-0.2154, max=-0.2154 | Z=33: mean=-0.3504, std=nan, min=-0.3504, max=-0.3504 | Z=34: mean=-0.1907, std=nan, min=-0.1907, max=-0.1907 | Z=35: mean=-0.0833, std=0.2514, min=-0.3704, max=0.3338 | Z=52: mean=0.3096, std=nan, min=0.3096, max=0.3096 | Z=53: mean=0.1383, std=0.2223, min=-0.2701, max=0.3417 | Z=55: mean=0.0008, std=0.3795, min=-0.4560, max=0.4228 | Z=82: mean=-0.0468, std=0.3636, min=-0.4554, max=0.4422
2026-08-28 10:09:42.046 INFO:   Top-10 param grad norms:
2026-08-28 10:09:42.047 INFO:     products.0.symmetric_contractions.weight: 0.080059
2026-08-28 10:09:42.047 INFO:     interactions.0.linear.weight: 0.064743
2026-08-28 10:09:42.047 INFO:     interactions.1.linear.weight: 0.062174
2026-08-28 10:09:42.047 INFO:     products.1.symmetric_contractions.weight: 0.044526
2026-08-28 10:09:42.047 INFO:     products.0.linear.weight: 0.043736
2026-08-28 10:09:42.047 INFO:     products.1.linear.weight: 0.033349
2026-08-28 10:09:42.047 INFO:     interactions.0.conv_tp_weights.layer0.weight: 0.032827
2026-08-28 10:09:42.047 INFO:     charge_embedding.weight: 0.019492
2026-08-28 10:09:42.047 INFO:     interactions.0.conv_tp_weights.layer3.weight: 0.019056
2026-08-28 10:09:42.047 INFO:     interactions.1.conv_tp_weights.layer0.weight: 0.016145
2026-08-28 10:09:42.047 INFO:   All parameters have nonzero gradients ✓
2026-08-28 10:09:42.047 INFO:   Total grad norm (before clip): 0.1519
2026-08-28 10:09:42.047 INFO: --- End gradient diagnostics ---
2026-08-28 10:22:11.873 INFO:   Epoch energy decomposition (mean/atom): E_inter=0.4684 eV, E_QEq=-0.468117 eV
2026-08-28 10:23:07.435 INFO: Epoch 284: head: Default, loss=0.00136181, RMSE_E_per_atom=    2.81 meV, RMSE_F=   14.60 meV / A
2026-08-28 10:23:07.646 INFO: --- Gradient diagnostics (epoch 285, batch 0) ---
2026-08-28 10:23:07.646 INFO:   forces: pred_rms=0.2084 eV/Å, ref_rms=0.2055 eV/Å, err_rms=0.0193 eV/Å
2026-08-28 10:23:07.646 INFO:   energy/atom: pred_mean=-2.8719 eV, ref_mean=-2.8699 eV, err_mean=0.0026 eV
2026-08-28 10:23:07.647 INFO:   energy decomposition (mean/atom): E_inter=0.4436 eV, E_QEq=-0.413100 eV
2026-08-28 10:23:07.650 INFO:   QEq charges per element: Z=7: mean=-0.6409, std=nan, min=-0.6409, max=-0.6409 | Z=15: mean=-0.3296, std=0.2001, min=-0.4856, max=-0.1040 | Z=17: mean=-0.3882, std=nan, min=-0.3882, max=-0.3882 | Z=33: mean=-0.5525, std=nan, min=-0.5525, max=-0.5525 | Z=34: mean=-0.2672, std=nan, min=-0.2672, max=-0.2672 | Z=35: mean=0.0887, std=0.2438, min=-0.3519, max=0.2984 | Z=52: mean=-0.1168, std=nan, min=-0.1168, max=-0.1168 | Z=53: mean=-0.1775, std=0.1885, min=-0.3589, max=0.3058 | Z=55: mean=0.1558, std=0.3388, min=-0.3786, max=0.4392 | Z=82: mean=0.1005, std=0.3209, min=-0.4336, max=0.3964
2026-08-28 10:23:07.652 INFO:   Top-10 param grad norms:
2026-08-28 10:23:07.652 INFO:     products.1.symmetric_contractions.weight: 0.180268
2026-08-28 10:23:07.652 INFO:     products.0.symmetric_contractions.weight: 0.146818
2026-08-28 10:23:07.652 INFO:     interactions.1.linear.weight: 0.140886
2026-08-28 10:23:07.652 INFO:     interactions.0.linear.weight: 0.127448
2026-08-28 10:23:07.652 INFO:     interactions.0.conv_tp_weights.layer0.weight: 0.104350
2026-08-28 10:23:07.652 INFO:     products.0.linear.weight: 0.078410
2026-08-28 10:23:07.652 INFO:     products.1.linear.weight: 0.057543
2026-08-28 10:23:07.652 INFO:     interactions.0.conv_tp_weights.layer1.weight: 0.046486
2026-08-28 10:23:07.652 INFO:     charge_embedding.weight: 0.041345
2026-08-28 10:23:07.652 INFO:     interactions.0.conv_tp_weights.layer2.weight: 0.035645
2026-08-28 10:23:07.653 INFO:   All parameters have nonzero gradients ✓
2026-08-28 10:23:07.653 INFO:   Total grad norm (before clip): 0.3471
2026-08-28 10:23:07.653 INFO: --- End gradient diagnostics ---
2026-08-28 10:35:47.991 INFO:   Epoch energy decomposition (mean/atom): E_inter=0.4679 eV, E_QEq=-0.467613 eV
2026-08-28 10:36:43.349 INFO: Epoch 285: head: Default, loss=0.00138092, RMSE_E_per_atom=    2.82 meV, RMSE_F=   14.70 meV / A
2026-08-28 10:36:43.490 INFO: --- Gradient diagnostics (epoch 286, batch 0) ---
2026-08-28 10:36:43.490 INFO:   forces: pred_rms=0.1273 eV/Å, ref_rms=0.1275 eV/Å, err_rms=0.0149 eV/Å
2026-08-28 10:36:43.490 INFO:   energy/atom: pred_mean=-2.9789 eV, ref_mean=-2.9771 eV, err_mean=0.0023 eV
2026-08-28 10:36:43.491 INFO:   energy decomposition (mean/atom): E_inter=0.4557 eV, E_QEq=-0.473039 eV
2026-08-28 10:36:43.493 INFO:   QEq charges per element: Z=7: mean=-0.2193, std=nan, min=-0.2193, max=-0.2193 | Z=8: mean=-0.6814, std=nan, min=-0.6814, max=-0.6814 | Z=9: mean=-0.1600, std=nan, min=-0.1600, max=-0.1600 | Z=15: mean=-0.5406, std=nan, min=-0.5406, max=-0.5406 | Z=35: mean=0.0645, std=0.2545, min=-0.4153, max=0.3120 | Z=52: mean=-0.3464, std=0.0608, min=-0.3894, max=-0.3034 | Z=53: mean=0.0629, std=0.2548, min=-0.3051, max=0.3809 | Z=55: mean=-0.0532, std=0.3771, min=-0.4192, max=0.4385 | Z=82: mean=-0.1214, std=0.3358, min=-0.4465, max=0.4034
2026-08-28 10:36:43.494 INFO:   Top-10 param grad norms:
2026-08-28 10:36:43.494 INFO:     interactions.1.linear.weight: 0.107201
2026-08-28 10:36:43.495 INFO:     products.0.symmetric_contractions.weight: 0.089975
2026-08-28 10:36:43.495 INFO:     products.1.symmetric_contractions.weight: 0.077610
2026-08-28 10:36:43.495 INFO:     products.0.linear.weight: 0.071958
2026-08-28 10:36:43.495 INFO:     interactions.0.linear.weight: 0.070961
2026-08-28 10:36:43.495 INFO:     products.1.linear.weight: 0.044443
2026-08-28 10:36:43.495 INFO:     interactions.0.conv_tp_weights.layer0.weight: 0.028358
2026-08-28 10:36:43.495 INFO:     charge_embedding.weight: 0.017762
2026-08-28 10:36:43.495 INFO:     interactions.0.conv_tp_weights.layer3.weight: 0.015342
2026-08-28 10:36:43.495 INFO:     interactions.0.conv_tp_weights.layer1.weight: 0.014198
2026-08-28 10:36:43.495 INFO:   All parameters have nonzero gradients ✓
2026-08-28 10:36:43.495 INFO:   Total grad norm (before clip): 0.2012
2026-08-28 10:36:43.495 INFO: --- End gradient diagnostics ---
2026-08-28 10:48:46.741 INFO:   Epoch energy decomposition (mean/atom): E_inter=0.4685 eV, E_QEq=-0.468189 eV
2026-08-28 10:49:38.802 INFO: Epoch 286: head: Default, loss=0.00136503, RMSE_E_per_atom=    2.79 meV, RMSE_F=   14.62 meV / A
2026-08-28 10:49:38.935 INFO: --- Gradient diagnostics (epoch 287, batch 0) ---
2026-08-28 10:49:38.935 INFO:   forces: pred_rms=0.1728 eV/Å, ref_rms=0.1703 eV/Å, err_rms=0.0152 eV/Å
2026-08-28 10:49:38.936 INFO:   energy/atom: pred_mean=-3.0267 eV, ref_mean=-3.0271 eV, err_mean=0.0031 eV
2026-08-28 10:49:38.936 INFO:   energy decomposition (mean/atom): E_inter=0.4615 eV, E_QEq=-0.452873 eV
2026-08-28 10:49:38.938 INFO:   QEq charges per element: Z=7: mean=-0.2122, std=nan, min=-0.2122, max=-0.2122 | Z=15: mean=-0.2814, std=0.2318, min=-0.4651, max=-0.0210 | Z=16: mean=0.0185, std=nan, min=0.0185, max=0.0185 | Z=34: mean=-0.2666, std=nan, min=-0.2666, max=-0.2666 | Z=35: mean=-0.0247, std=0.2630, min=-0.4097, max=0.3107 | Z=53: mean=-0.0710, std=0.2560, min=-0.2845, max=0.3426 | Z=55: mean=0.0819, std=0.3552, min=-0.4000, max=0.4410 | Z=82: mean=0.0261, std=0.3453, min=-0.4202, max=0.3835
2026-08-28 10:49:38.940 INFO:   Top-10 param grad norms:
2026-08-28 10:49:38.940 INFO:     products.0.symmetric_contractions.weight: 0.083522
2026-08-28 10:49:38.940 INFO:     interactions.1.linear.weight: 0.064939
2026-08-28 10:49:38.940 INFO:     interactions.0.linear.weight: 0.055126
2026-08-28 10:49:38.940 INFO:     products.1.symmetric_contractions.weight: 0.054077
2026-08-28 10:49:38.940 INFO:     products.0.linear.weight: 0.038812
2026-08-28 10:49:38.940 INFO:     interactions.0.conv_tp_weights.layer0.weight: 0.026179
2026-08-28 10:49:38.940 INFO:     products.1.linear.weight: 0.022468
2026-08-28 10:49:38.940 INFO:     charge_embedding.weight: 0.020622
2026-08-28 10:49:38.940 INFO:     interactions.0.skip_tp.weight: 0.013047
2026-08-28 10:49:38.940 INFO:     interactions.0.conv_tp_weights.layer1.weight: 0.012856
2026-08-28 10:49:38.940 INFO:   All parameters have nonzero gradients ✓
2026-08-28 10:49:38.941 INFO:   Total grad norm (before clip): 0.1466
2026-08-28 10:49:38.941 INFO: --- End gradient diagnostics ---
2026-08-28 11:02:07.623 INFO:   Epoch energy decomposition (mean/atom): E_inter=0.4687 eV, E_QEq=-0.468381 eV
2026-08-28 11:03:02.816 INFO: Epoch 287: head: Default, loss=0.00137970, RMSE_E_per_atom=    2.80 meV, RMSE_F=   14.70 meV / A
2026-08-28 11:03:02.966 INFO: --- Gradient diagnostics (epoch 288, batch 0) ---
2026-08-28 11:03:02.967 INFO:   forces: pred_rms=0.5568 eV/Å, ref_rms=0.5587 eV/Å, err_rms=0.0280 eV/Å
2026-08-28 11:03:02.967 INFO:   energy/atom: pred_mean=-2.9957 eV, ref_mean=-2.9936 eV, err_mean=0.0022 eV
2026-08-28 11:03:02.967 INFO:   energy decomposition (mean/atom): E_inter=0.5805 eV, E_QEq=-0.531816 eV
2026-08-28 11:03:02.970 INFO:   QEq charges per element: Z=7: mean=-0.0523, std=0.0982, min=-0.1232, max=0.0598 | Z=15: mean=-0.5940, std=nan, min=-0.5940, max=-0.5940 | Z=33: mean=-0.3570, std=0.2475, min=-0.5320, max=-0.1820 | Z=34: mean=-0.3542, std=nan, min=-0.3542, max=-0.3542 | Z=35: mean=0.1970, std=0.1902, min=-0.3260, max=0.4547 | Z=52: mean=0.3200, std=nan, min=0.3200, max=0.3200 | Z=53: mean=0.2803, std=0.0458, min=-0.1693, max=0.3338 | Z=55: mean=-0.2851, std=0.2308, min=-0.4254, max=0.4289 | Z=82: mean=-0.3289, std=0.2089, min=-0.5463, max=0.3029
2026-08-28 11:03:02.972 INFO:   Top-10 param grad norms:
2026-08-28 11:03:02.972 INFO:     interactions.1.linear.weight: 0.190937
2026-08-28 11:03:02.972 INFO:     products.0.symmetric_contractions.weight: 0.186780
2026-08-28 11:03:02.972 INFO:     products.1.symmetric_contractions.weight: 0.138691
2026-08-28 11:03:02.972 INFO:     interactions.0.linear.weight: 0.116364
2026-08-28 11:03:02.972 INFO:     products.0.linear.weight: 0.098590
2026-08-28 11:03:02.972 INFO:     products.1.linear.weight: 0.063844
2026-08-28 11:03:02.972 INFO:     charge_embedding.weight: 0.054174
2026-08-28 11:03:02.972 INFO:     interactions.0.conv_tp_weights.layer0.weight: 0.035973
2026-08-28 11:03:02.972 INFO:     interactions.0.linear_up.weight: 0.032048
2026-08-28 11:03:02.972 INFO:     interactions.1.linear_up.weight: 0.028658
2026-08-28 11:03:02.972 INFO:   All parameters have nonzero gradients ✓
2026-08-28 11:03:02.973 INFO:   Total grad norm (before clip): 0.3581
2026-08-28 11:03:02.973 INFO: --- End gradient diagnostics ---
2026-08-28 11:14:59.800 INFO:   Epoch energy decomposition (mean/atom): E_inter=0.4688 eV, E_QEq=-0.468478 eV
2026-08-28 11:15:56.202 INFO: Epoch 288: head: Default, loss=0.00137490, RMSE_E_per_atom=    2.81 meV, RMSE_F=   14.67 meV / A
2026-08-28 11:15:56.340 INFO: --- Gradient diagnostics (epoch 289, batch 0) ---
2026-08-28 11:15:56.341 INFO:   forces: pred_rms=0.3365 eV/Å, ref_rms=0.3355 eV/Å, err_rms=0.0177 eV/Å
2026-08-28 11:15:56.341 INFO:   energy/atom: pred_mean=-3.0101 eV, ref_mean=-3.0088 eV, err_mean=0.0016 eV
2026-08-28 11:15:56.341 INFO:   energy decomposition (mean/atom): E_inter=0.5033 eV, E_QEq=-0.465208 eV
2026-08-28 11:15:56.344 INFO:   QEq charges per element: Z=7: mean=-0.0455, std=nan, min=-0.0455, max=-0.0455 | Z=9: mean=0.4573, std=nan, min=0.4573, max=0.4573 | Z=15: mean=-0.0058, std=0.1941, min=-0.2262, max=0.1399 | Z=16: mean=-0.4957, std=nan, min=-0.4957, max=-0.4957 | Z=17: mean=0.3191, std=nan, min=0.3191, max=0.3191 | Z=34: mean=0.2816, std=nan, min=0.2816, max=0.2816 | Z=35: mean=0.1908, std=0.1841, min=-0.2720, max=0.3852 | Z=52: mean=-0.1211, std=nan, min=-0.1211, max=-0.1211 | Z=53: mean=-0.2494, std=0.0313, min=-0.3082, max=-0.0215 | Z=55: mean=-0.0742, std=0.3612, min=-0.4429, max=0.4319 | Z=82: mean=-0.1134, std=0.3493, min=-0.5117, max=0.3707
2026-08-28 11:15:56.346 INFO:   Top-10 param grad norms:
2026-08-28 11:15:56.346 INFO:     interactions.0.conv_tp_weights.layer0.weight: 0.182789
2026-08-28 11:15:56.346 INFO:     products.0.symmetric_contractions.weight: 0.181377
2026-08-28 11:15:56.346 INFO:     interactions.0.linear.weight: 0.114255
2026-08-28 11:15:56.346 INFO:     interactions.1.linear.weight: 0.103278
2026-08-28 11:15:56.346 INFO:     products.1.symmetric_contractions.weight: 0.074489
2026-08-28 11:15:56.346 INFO:     products.0.linear.weight: 0.066607
2026-08-28 11:15:56.347 INFO:     interactions.0.conv_tp_weights.layer1.weight: 0.061236
2026-08-28 11:15:56.347 INFO:     products.1.linear.weight: 0.043577
2026-08-28 11:15:56.347 INFO:     interactions.0.conv_tp_weights.layer2.weight: 0.036919
2026-08-28 11:15:56.347 INFO:     charge_embedding.weight: 0.029546
2026-08-28 11:15:56.347 INFO:   All parameters have nonzero gradients ✓
2026-08-28 11:15:56.347 INFO:   Total grad norm (before clip): 0.3324
2026-08-28 11:15:56.347 INFO: --- End gradient diagnostics ---
2026-08-28 11:28:58.692 INFO:   Epoch energy decomposition (mean/atom): E_inter=0.4691 eV, E_QEq=-0.468767 eV
2026-08-28 11:29:58.145 INFO: Epoch 289: head: Default, loss=0.00136104, RMSE_E_per_atom=    2.80 meV, RMSE_F=   14.60 meV / A
2026-08-28 11:29:58.337 INFO: --- Gradient diagnostics (epoch 290, batch 0) ---
2026-08-28 11:29:58.337 INFO:   forces: pred_rms=0.0419 eV/Å, ref_rms=0.0397 eV/Å, err_rms=0.0117 eV/Å
2026-08-28 11:29:58.337 INFO:   energy/atom: pred_mean=-3.0131 eV, ref_mean=-3.0124 eV, err_mean=0.0024 eV
2026-08-28 11:29:58.338 INFO:   energy decomposition (mean/atom): E_inter=0.4062 eV, E_QEq=-0.412962 eV
2026-08-28 11:29:58.341 INFO:   QEq charges per element: Z=8: mean=-0.2502, std=nan, min=-0.2502, max=-0.2502 | Z=9: mean=-0.3834, std=nan, min=-0.3834, max=-0.3834 | Z=15: mean=0.1244, std=0.0583, min=0.0832, max=0.1657 | Z=16: mean=-0.1224, std=0.6933, min=-0.6127, max=0.3678 | Z=33: mean=-0.8429, std=nan, min=-0.8429, max=-0.8429 | Z=35: mean=-0.0858, std=0.2448, min=-0.3461, max=0.2825 | Z=52: mean=-0.0868, std=nan, min=-0.0868, max=-0.0868 | Z=53: mean=-0.1173, std=0.2211, min=-0.2839, max=0.2822 | Z=55: mean=0.1474, std=0.3522, min=-0.4034, max=0.4336 | Z=82: mean=0.0979, std=0.3304, min=-0.4502, max=0.3617
2026-08-28 11:29:58.342 INFO:   Top-10 param grad norms:
2026-08-28 11:29:58.343 INFO:     products.1.symmetric_contractions.weight: 0.062252
2026-08-28 11:29:58.343 INFO:     interactions.1.linear.weight: 0.053590
2026-08-28 11:29:58.343 INFO:     products.0.symmetric_contractions.weight: 0.053265
2026-08-28 11:29:58.343 INFO:     interactions.0.linear.weight: 0.036658
2026-08-28 11:29:58.343 INFO:     interactions.0.conv_tp_weights.layer0.weight: 0.032024
2026-08-28 11:29:58.343 INFO:     products.1.linear.weight: 0.028741
2026-08-28 11:29:58.343 INFO:     products.0.linear.weight: 0.026440
2026-08-28 11:29:58.343 INFO:     charge_embedding.weight: 0.014993
2026-08-28 11:29:58.343 INFO:     interactions.0.conv_tp_weights.layer1.weight: 0.014075
2026-08-28 11:29:58.343 INFO:     chi_readouts.1.linear_2.weight: 0.013886
2026-08-28 11:29:58.343 INFO:   All parameters have nonzero gradients ✓
2026-08-28 11:29:58.343 INFO:   Total grad norm (before clip): 0.1213
2026-08-28 11:29:58.343 INFO: --- End gradient diagnostics ---
2026-08-28 11:42:24.101 INFO:   Epoch energy decomposition (mean/atom): E_inter=0.4691 eV, E_QEq=-0.468791 eV
2026-08-28 11:43:19.958 INFO: Epoch 290: head: Default, loss=0.00136472, RMSE_E_per_atom=    2.78 meV, RMSE_F=   14.62 meV / A
2026-08-28 11:43:20.107 INFO: --- Gradient diagnostics (epoch 291, batch 0) ---
2026-08-28 11:43:20.108 INFO:   forces: pred_rms=0.1079 eV/Å, ref_rms=0.1045 eV/Å, err_rms=0.0152 eV/Å
2026-08-28 11:43:20.108 INFO:   energy/atom: pred_mean=-2.9751 eV, ref_mean=-2.9765 eV, err_mean=0.0030 eV
2026-08-28 11:43:20.109 INFO:   energy decomposition (mean/atom): E_inter=0.4461 eV, E_QEq=-0.452822 eV
2026-08-28 11:43:20.111 INFO:   QEq charges per element: Z=8: mean=0.2663, std=nan, min=0.2663, max=0.2663 | Z=9: mean=-0.3653, std=0.0287, min=-0.3856, max=-0.3450 | Z=15: mean=-0.3934, std=nan, min=-0.3934, max=-0.3934 | Z=17: mean=-0.3658, std=nan, min=-0.3658, max=-0.3658 | Z=35: mean=0.0623, std=0.2493, min=-0.3282, max=0.2951 | Z=52: mean=-0.5016, std=nan, min=-0.5016, max=-0.5016 | Z=53: mean=-0.0396, std=0.2610, min=-0.2859, max=0.3196 | Z=55: mean=0.0038, std=0.3793, min=-0.4005, max=0.4662 | Z=82: mean=-0.0516, std=0.3520, min=-0.4369, max=0.3629
2026-08-28 11:43:20.113 INFO:   Top-10 param grad norms:
2026-08-28 11:43:20.113 INFO:     interactions.0.conv_tp_weights.layer0.weight: 0.114780
2026-08-28 11:43:20.113 INFO:     products.0.symmetric_contractions.weight: 0.080560
2026-08-28 11:43:20.113 INFO:     interactions.0.linear.weight: 0.063281
2026-08-28 11:43:20.113 INFO:     interactions.1.linear.weight: 0.057770
2026-08-28 11:43:20.113 INFO:     products.0.linear.weight: 0.045741
2026-08-28 11:43:20.113 INFO:     products.1.symmetric_contractions.weight: 0.040230
2026-08-28 11:43:20.114 INFO:     interactions.0.conv_tp_weights.layer1.weight: 0.039883
2026-08-28 11:43:20.114 INFO:     products.1.linear.weight: 0.027120
2026-08-28 11:43:20.114 INFO:     interactions.0.conv_tp_weights.layer2.weight: 0.025815
2026-08-28 11:43:20.114 INFO:     charge_embedding.weight: 0.020169
2026-08-28 11:43:20.114 INFO:   All parameters have nonzero gradients ✓
2026-08-28 11:43:20.114 INFO:   Total grad norm (before clip): 0.1875
2026-08-28 11:43:20.114 INFO: --- End gradient diagnostics ---
2026-08-28 11:56:09.703 INFO:   Epoch energy decomposition (mean/atom): E_inter=0.4693 eV, E_QEq=-0.468990 eV
2026-08-28 11:57:06.720 INFO: Epoch 291: head: Default, loss=0.00135187, RMSE_E_per_atom=    2.79 meV, RMSE_F=   14.55 meV / A
2026-08-28 11:57:06.912 INFO: --- Gradient diagnostics (epoch 292, batch 0) ---
2026-08-28 11:57:06.913 INFO:   forces: pred_rms=0.2195 eV/Å, ref_rms=0.2197 eV/Å, err_rms=0.0162 eV/Å
2026-08-28 11:57:06.914 INFO:   energy/atom: pred_mean=-3.0102 eV, ref_mean=-3.0107 eV, err_mean=0.0027 eV
2026-08-28 11:57:06.914 INFO:   energy decomposition (mean/atom): E_inter=0.4867 eV, E_QEq=-0.483354 eV
2026-08-28 11:57:06.917 INFO:   QEq charges per element: Z=7: mean=-0.5803, std=nan, min=-0.5803, max=-0.5803 | Z=8: mean=-0.6783, std=nan, min=-0.6783, max=-0.6783 | Z=15: mean=-0.2809, std=0.3659, min=-0.5397, max=-0.0221 | Z=16: mean=-0.0617, std=nan, min=-0.0617, max=-0.0617 | Z=33: mean=-0.3360, std=0.1811, min=-0.5392, max=-0.1918 | Z=35: mean=0.0103, std=0.2643, min=-0.3175, max=0.3445 | Z=53: mean=0.1406, std=0.2339, min=-0.2969, max=0.3937 | Z=55: mean=-0.0798, std=0.3546, min=-0.4281, max=0.4074 | Z=82: mean=-0.1036, std=0.3516, min=-0.4627, max=0.3734
2026-08-28 11:57:06.919 INFO:   Top-10 param grad norms:
2026-08-28 11:57:06.919 INFO:     products.1.symmetric_contractions.weight: 0.195053
2026-08-28 11:57:06.919 INFO:     products.0.symmetric_contractions.weight: 0.145281
2026-08-28 11:57:06.919 INFO:     interactions.1.linear.weight: 0.114901
2026-08-28 11:57:06.919 INFO:     interactions.0.linear.weight: 0.094290
2026-08-28 11:57:06.919 INFO:     interactions.0.conv_tp_weights.layer0.weight: 0.080405
2026-08-28 11:57:06.919 INFO:     products.0.linear.weight: 0.067316
2026-08-28 11:57:06.919 INFO:     products.1.linear.weight: 0.054378
2026-08-28 11:57:06.919 INFO:     charge_embedding.weight: 0.029881
2026-08-28 11:57:06.920 INFO:     interactions.0.conv_tp_weights.layer1.weight: 0.028367
2026-08-28 11:57:06.920 INFO:     interactions.0.conv_tp_weights.layer3.weight: 0.021974
2026-08-28 11:57:06.920 INFO:   All parameters have nonzero gradients ✓
2026-08-28 11:57:06.920 INFO:   Total grad norm (before clip): 0.3149
2026-08-28 11:57:06.920 INFO: --- End gradient diagnostics ---
2026-08-28 12:10:11.280 INFO:   Epoch energy decomposition (mean/atom): E_inter=0.4693 eV, E_QEq=-0.468983 eV
2026-08-28 12:11:07.501 INFO: Epoch 292: head: Default, loss=0.00136366, RMSE_E_per_atom=    2.80 meV, RMSE_F=   14.61 meV / A
2026-08-28 12:11:07.642 INFO: --- Gradient diagnostics (epoch 293, batch 0) ---
2026-08-28 12:11:07.642 INFO:   forces: pred_rms=0.0868 eV/Å, ref_rms=0.0866 eV/Å, err_rms=0.0124 eV/Å
2026-08-28 12:11:07.643 INFO:   energy/atom: pred_mean=-2.9830 eV, ref_mean=-2.9851 eV, err_mean=0.0027 eV
2026-08-28 12:11:07.643 INFO:   energy decomposition (mean/atom): E_inter=0.4451 eV, E_QEq=-0.457776 eV
2026-08-28 12:11:07.645 INFO:   QEq charges per element: Z=16: mean=0.1033, std=0.2104, min=-0.0455, max=0.2520 | Z=17: mean=0.3783, std=nan, min=0.3783, max=0.3783 | Z=33: mean=-0.1069, std=0.0645, min=-0.1525, max=-0.0613 | Z=34: mean=-0.2789, std=0.2046, min=-0.4953, max=-0.0885 | Z=35: mean=0.0574, std=0.2540, min=-0.3028, max=0.2961 | Z=52: mean=0.0886, std=nan, min=0.0886, max=0.0886 | Z=53: mean=0.0610, std=0.2535, min=-0.2966, max=0.3107 | Z=55: mean=-0.0750, std=0.3729, min=-0.4019, max=0.4177 | Z=82: mean=-0.1196, std=0.3461, min=-0.4727, max=0.3579
2026-08-28 12:11:07.647 INFO:   Top-10 param grad norms:
2026-08-28 12:11:07.647 INFO:     interactions.0.conv_tp_weights.layer0.weight: 0.082492
2026-08-28 12:11:07.647 INFO:     products.0.symmetric_contractions.weight: 0.066406
2026-08-28 12:11:07.647 INFO:     interactions.0.linear.weight: 0.062420
2026-08-28 12:11:07.647 INFO:     products.0.linear.weight: 0.047174
2026-08-28 12:11:07.647 INFO:     interactions.1.linear.weight: 0.044407
2026-08-28 12:11:07.647 INFO:     interactions.0.conv_tp_weights.layer1.weight: 0.032151
2026-08-28 12:11:07.647 INFO:     products.1.symmetric_contractions.weight: 0.029222
2026-08-28 12:11:07.648 INFO:     products.1.linear.weight: 0.023695
2026-08-28 12:11:07.648 INFO:     interactions.0.conv_tp_weights.layer2.weight: 0.023008
2026-08-28 12:11:07.648 INFO:     interactions.0.conv_tp_weights.layer3.weight: 0.023000
2026-08-28 12:11:07.648 INFO:   All parameters have nonzero gradients ✓
2026-08-28 12:11:07.648 INFO:   Total grad norm (before clip): 0.1551
2026-08-28 12:11:07.648 INFO: --- End gradient diagnostics ---
2026-08-28 12:24:04.311 INFO:   Epoch energy decomposition (mean/atom): E_inter=0.4698 eV, E_QEq=-0.469466 eV
2026-08-28 12:25:03.273 INFO: Epoch 293: head: Default, loss=0.00135662, RMSE_E_per_atom=    2.79 meV, RMSE_F=   14.57 meV / A
2026-08-28 12:25:03.419 INFO: --- Gradient diagnostics (epoch 294, batch 0) ---
2026-08-28 12:25:03.420 INFO:   forces: pred_rms=0.1596 eV/Å, ref_rms=0.1579 eV/Å, err_rms=0.0154 eV/Å
2026-08-28 12:25:03.420 INFO:   energy/atom: pred_mean=-2.9974 eV, ref_mean=-2.9972 eV, err_mean=0.0022 eV
2026-08-28 12:25:03.420 INFO:   energy decomposition (mean/atom): E_inter=0.4463 eV, E_QEq=-0.438168 eV
2026-08-28 12:25:03.423 INFO:   QEq charges per element: Z=7: mean=-0.4626, std=nan, min=-0.4626, max=-0.4626 | Z=8: mean=-0.1311, std=0.1400, min=-0.2301, max=-0.0321 | Z=15: mean=-0.2099, std=nan, min=-0.2099, max=-0.2099 | Z=16: mean=-0.6308, std=nan, min=-0.6308, max=-0.6308 | Z=33: mean=-0.2199, std=0.2984, min=-0.5569, max=0.0107 | Z=35: mean=-0.0759, std=0.2479, min=-0.3022, max=0.3192 | Z=52: mean=-0.3159, std=nan, min=-0.3159, max=-0.3159 | Z=53: mean=0.0115, std=0.2594, min=-0.2899, max=0.3187 | Z=55: mean=0.0799, std=0.3749, min=-0.4220, max=0.4333 | Z=82: mean=0.0241, std=0.3493, min=-0.5070, max=0.3662
2026-08-28 12:25:03.425 INFO:   Top-10 param grad norms:
2026-08-28 12:25:03.425 INFO:     products.0.symmetric_contractions.weight: 0.079421
2026-08-28 12:25:03.425 INFO:     interactions.1.linear.weight: 0.060909
2026-08-28 12:25:03.425 INFO:     interactions.0.linear.weight: 0.051704
2026-08-28 12:25:03.425 INFO:     products.0.linear.weight: 0.047612
2026-08-28 12:25:03.425 INFO:     products.1.symmetric_contractions.weight: 0.045651
2026-08-28 12:25:03.425 INFO:     interactions.0.conv_tp_weights.layer0.weight: 0.033833
2026-08-28 12:25:03.425 INFO:     products.1.linear.weight: 0.029793
2026-08-28 12:25:03.425 INFO:     charge_embedding.weight: 0.016506
2026-08-28 12:25:03.425 INFO:     chi_readouts.1.linear_2.weight: 0.014929
2026-08-28 12:25:03.426 INFO:     chi_readouts.0.linear.weight: 0.014842
2026-08-28 12:25:03.426 INFO:   All parameters have nonzero gradients ✓
2026-08-28 12:25:03.426 INFO:   Total grad norm (before clip): 0.1438
2026-08-28 12:25:03.426 INFO: --- End gradient diagnostics ---
2026-08-28 12:38:04.755 INFO:   Epoch energy decomposition (mean/atom): E_inter=0.4701 eV, E_QEq=-0.469754 eV
2026-08-28 12:39:03.967 INFO: Epoch 294: head: Default, loss=0.00134814, RMSE_E_per_atom=    2.78 meV, RMSE_F=   14.53 meV / A
2026-08-28 12:39:04.162 INFO: --- Gradient diagnostics (epoch 295, batch 0) ---
2026-08-28 12:39:04.163 INFO:   forces: pred_rms=0.2669 eV/Å, ref_rms=0.2645 eV/Å, err_rms=0.0240 eV/Å
2026-08-28 12:39:04.163 INFO:   energy/atom: pred_mean=-2.8722 eV, ref_mean=-2.8727 eV, err_mean=0.0026 eV
2026-08-28 12:39:04.164 INFO:   energy decomposition (mean/atom): E_inter=0.4754 eV, E_QEq=-0.444846 eV
2026-08-28 12:39:04.166 INFO:   QEq charges per element: Z=7: mean=-0.2772, std=0.0095, min=-0.2839, max=-0.2704 | Z=8: mean=-0.5105, std=0.4088, min=-0.7996, max=-0.2215 | Z=9: mean=-0.4054, std=nan, min=-0.4054, max=-0.4054 | Z=15: mean=-0.0126, std=nan, min=-0.0126, max=-0.0126 | Z=16: mean=-0.3197, std=nan, min=-0.3197, max=-0.3197 | Z=35: mean=-0.0778, std=0.2432, min=-0.3776, max=0.2906 | Z=53: mean=-0.0230, std=0.2696, min=-0.3640, max=0.3617 | Z=55: mean=0.0694, std=0.3637, min=-0.4577, max=0.4685 | Z=82: mean=0.0348, std=0.3510, min=-0.5218, max=0.4529
2026-08-28 12:39:04.168 INFO:   Top-10 param grad norms:
2026-08-28 12:39:04.168 INFO:     products.0.symmetric_contractions.weight: 0.229394
2026-08-28 12:39:04.168 INFO:     interactions.1.linear.weight: 0.170241
2026-08-28 12:39:04.168 INFO:     interactions.0.linear.weight: 0.145279
2026-08-28 12:39:04.168 INFO:     products.1.symmetric_contractions.weight: 0.125222
2026-08-28 12:39:04.168 INFO:     products.0.linear.weight: 0.104471
2026-08-28 12:39:04.168 INFO:     products.1.linear.weight: 0.103629
2026-08-28 12:39:04.168 INFO:     charge_embedding.weight: 0.057836
2026-08-28 12:39:04.168 INFO:     interactions.0.linear_up.weight: 0.036801
2026-08-28 12:39:04.168 INFO:     interactions.0.conv_tp_weights.layer3.weight: 0.035688
2026-08-28 12:39:04.168 INFO:     interactions.1.linear_up.weight: 0.032682
2026-08-28 12:39:04.169 INFO:   All parameters have nonzero gradients ✓
2026-08-28 12:39:04.169 INFO:   Total grad norm (before clip): 0.3894
2026-08-28 12:39:04.169 INFO: --- End gradient diagnostics ---
2026-08-28 12:51:35.342 INFO:   Epoch energy decomposition (mean/atom): E_inter=0.4700 eV, E_QEq=-0.469685 eV
2026-08-28 12:52:28.913 INFO: Epoch 295: head: Default, loss=0.00135860, RMSE_E_per_atom=    2.79 meV, RMSE_F=   14.58 meV / A
2026-08-28 12:52:29.046 INFO: --- Gradient diagnostics (epoch 296, batch 0) ---
2026-08-28 12:52:29.047 INFO:   forces: pred_rms=0.0660 eV/Å, ref_rms=0.0660 eV/Å, err_rms=0.0114 eV/Å
2026-08-28 12:52:29.047 INFO:   energy/atom: pred_mean=-3.1059 eV, ref_mean=-3.1065 eV, err_mean=0.0014 eV
2026-08-28 12:52:29.047 INFO:   energy decomposition (mean/atom): E_inter=0.5156 eV, E_QEq=-0.545135 eV
2026-08-28 12:52:29.050 INFO:   QEq charges per element: Z=7: mean=0.1578, std=nan, min=0.1578, max=0.1578 | Z=15: mean=-0.3114, std=0.2256, min=-0.4709, max=-0.1519 | Z=16: mean=-0.2259, std=nan, min=-0.2259, max=-0.2259 | Z=33: mean=-0.1594, std=0.3652, min=-0.4176, max=0.0989 | Z=34: mean=-0.3907, std=nan, min=-0.3907, max=-0.3907 | Z=35: mean=0.2101, std=0.1736, min=-0.2721, max=0.3237 | Z=52: mean=-0.3748, std=0.1287, min=-0.5234, max=-0.3004 | Z=53: mean=0.2712, std=0.0285, min=0.1795, max=0.2954 | Z=55: mean=-0.2801, std=0.2039, min=-0.3771, max=0.3412 | Z=82: mean=-0.3224, std=0.2148, min=-0.4641, max=0.3310
2026-08-28 12:52:29.052 INFO:   Top-10 param grad norms:
2026-08-28 12:52:29.052 INFO:     products.0.symmetric_contractions.weight: 0.074961
2026-08-28 12:52:29.052 INFO:     products.1.symmetric_contractions.weight: 0.067592
2026-08-28 12:52:29.052 INFO:     interactions.1.linear.weight: 0.065913
2026-08-28 12:52:29.052 INFO:     interactions.0.linear.weight: 0.049142
2026-08-28 12:52:29.052 INFO:     products.0.linear.weight: 0.045471
2026-08-28 12:52:29.052 INFO:     interactions.0.conv_tp_weights.layer0.weight: 0.039477
2026-08-28 12:52:29.052 INFO:     products.1.linear.weight: 0.035813
2026-08-28 12:52:29.052 INFO:     interactions.0.conv_tp_weights.layer1.weight: 0.012508
2026-08-28 12:52:29.052 INFO:     interactions.1.conv_tp_weights.layer0.weight: 0.010519
2026-08-28 12:52:29.052 INFO:     charge_embedding.weight: 0.009930
2026-08-28 12:52:29.052 INFO:   All parameters have nonzero gradients ✓
2026-08-28 12:52:29.053 INFO:   Total grad norm (before clip): 0.1516
2026-08-28 12:52:29.053 INFO: --- End gradient diagnostics ---
2026-08-28 13:04:36.111 INFO:   Epoch energy decomposition (mean/atom): E_inter=0.4705 eV, E_QEq=-0.470196 eV
2026-08-28 13:05:29.860 INFO: Epoch 296: head: Default, loss=0.00136130, RMSE_E_per_atom=    2.78 meV, RMSE_F=   14.60 meV / A
2026-08-28 13:05:30.007 INFO: --- Gradient diagnostics (epoch 297, batch 0) ---
2026-08-28 13:05:30.008 INFO:   forces: pred_rms=0.1968 eV/Å, ref_rms=0.1981 eV/Å, err_rms=0.0162 eV/Å
2026-08-28 13:05:30.008 INFO:   energy/atom: pred_mean=-3.0308 eV, ref_mean=-3.0320 eV, err_mean=0.0024 eV
2026-08-28 13:05:30.008 INFO:   energy decomposition (mean/atom): E_inter=0.4584 eV, E_QEq=-0.450394 eV
2026-08-28 13:05:30.011 INFO:   QEq charges per element: Z=7: mean=0.0052, std=0.1412, min=-0.0947, max=0.1050 | Z=15: mean=-0.5373, std=nan, min=-0.5373, max=-0.5373 | Z=17: mean=-0.5450, std=nan, min=-0.5450, max=-0.5450 | Z=33: mean=-0.2994, std=nan, min=-0.2994, max=-0.2994 | Z=35: mean=-0.0246, std=0.2587, min=-0.4115, max=0.3170 | Z=52: mean=-0.5613, std=0.0591, min=-0.6031, max=-0.5195 | Z=53: mean=-0.0744, std=0.2475, min=-0.2863, max=0.3272 | Z=55: mean=0.0938, std=0.3649, min=-0.3856, max=0.4975 | Z=82: mean=0.0222, std=0.3426, min=-0.4633, max=0.3857
2026-08-28 13:05:30.013 INFO:   Top-10 param grad norms:
2026-08-28 13:05:30.013 INFO:     products.0.symmetric_contractions.weight: 0.122588
2026-08-28 13:05:30.013 INFO:     interactions.0.conv_tp_weights.layer0.weight: 0.106075
2026-08-28 13:05:30.013 INFO:     interactions.0.linear.weight: 0.098429
2026-08-28 13:05:30.013 INFO:     interactions.1.linear.weight: 0.076487
2026-08-28 13:05:30.013 INFO:     products.0.linear.weight: 0.062137
2026-08-28 13:05:30.013 INFO:     products.1.symmetric_contractions.weight: 0.052047
2026-08-28 13:05:30.013 INFO:     charge_embedding.weight: 0.041222
2026-08-28 13:05:30.013 INFO:     products.1.linear.weight: 0.040353
2026-08-28 13:05:30.013 INFO:     interactions.0.conv_tp_weights.layer1.weight: 0.036259
2026-08-28 13:05:30.014 INFO:     interactions.0.conv_tp_weights.layer2.weight: 0.023576
2026-08-28 13:05:30.014 INFO:   All parameters have nonzero gradients ✓
2026-08-28 13:05:30.014 INFO:   Total grad norm (before clip): 0.2371
2026-08-28 13:05:30.014 INFO: --- End gradient diagnostics ---
2026-08-28 13:17:29.123 INFO:   Epoch energy decomposition (mean/atom): E_inter=0.4704 eV, E_QEq=-0.470111 eV
2026-08-28 13:18:21.876 INFO: Epoch 297: head: Default, loss=0.00136678, RMSE_E_per_atom=    2.78 meV, RMSE_F=   14.63 meV / A
2026-08-28 13:18:22.018 INFO: --- Gradient diagnostics (epoch 298, batch 0) ---
2026-08-28 13:18:22.018 INFO:   forces: pred_rms=0.0986 eV/Å, ref_rms=0.0965 eV/Å, err_rms=0.0122 eV/Å
2026-08-28 13:18:22.018 INFO:   energy/atom: pred_mean=-3.0298 eV, ref_mean=-3.0291 eV, err_mean=0.0017 eV
2026-08-28 13:18:22.019 INFO:   energy decomposition (mean/atom): E_inter=0.4630 eV, E_QEq=-0.461747 eV
2026-08-28 13:18:22.021 INFO:   QEq charges per element: Z=7: mean=-0.0860, std=nan, min=-0.0860, max=-0.0860 | Z=15: mean=-0.0015, std=nan, min=-0.0015, max=-0.0015 | Z=17: mean=-0.2326, std=nan, min=-0.2326, max=-0.2326 | Z=33: mean=-0.0693, std=nan, min=-0.0693, max=-0.0693 | Z=35: mean=-0.0287, std=0.2564, min=-0.3054, max=0.3243 | Z=53: mean=0.0860, std=0.2496, min=-0.2921, max=0.3082 | Z=55: mean=-0.0056, std=0.3757, min=-0.4122, max=0.4337 | Z=82: mean=-0.0409, std=0.3562, min=-0.4251, max=0.3636
2026-08-28 13:18:22.022 INFO:   Top-10 param grad norms:
2026-08-28 13:18:22.022 INFO:     products.0.symmetric_contractions.weight: 0.068615
2026-08-28 13:18:22.023 INFO:     interactions.1.linear.weight: 0.047075
2026-08-28 13:18:22.023 INFO:     interactions.0.linear.weight: 0.042966
2026-08-28 13:18:22.023 INFO:     interactions.0.conv_tp_weights.layer0.weight: 0.033308
2026-08-28 13:18:22.023 INFO:     products.0.linear.weight: 0.032101
2026-08-28 13:18:22.023 INFO:     products.1.symmetric_contractions.weight: 0.031769
2026-08-28 13:18:22.023 INFO:     products.1.linear.weight: 0.028689
2026-08-28 13:18:22.023 INFO:     interactions.0.conv_tp_weights.layer1.weight: 0.016764
2026-08-28 13:18:22.023 INFO:     charge_embedding.weight: 0.016286
2026-08-28 13:18:22.023 INFO:     interactions.0.conv_tp_weights.layer3.weight: 0.013187
2026-08-28 13:18:22.023 INFO:   All parameters have nonzero gradients ✓
2026-08-28 13:18:22.023 INFO:   Total grad norm (before clip): 0.1195
2026-08-28 13:18:22.023 INFO: --- End gradient diagnostics ---
2026-08-28 13:30:28.229 INFO:   Epoch energy decomposition (mean/atom): E_inter=0.4708 eV, E_QEq=-0.470465 eV
2026-08-28 13:31:26.071 INFO: Epoch 298: head: Default, loss=0.00135205, RMSE_E_per_atom=    2.80 meV, RMSE_F=   14.55 meV / A
2026-08-28 13:31:26.223 INFO: --- Gradient diagnostics (epoch 299, batch 0) ---
2026-08-28 13:31:26.225 INFO:   forces: pred_rms=0.1253 eV/Å, ref_rms=0.1247 eV/Å, err_rms=0.0128 eV/Å
2026-08-28 13:31:26.226 INFO:   energy/atom: pred_mean=-2.9071 eV, ref_mean=-2.9087 eV, err_mean=0.0027 eV
2026-08-28 13:31:26.226 INFO:   energy decomposition (mean/atom): E_inter=0.4442 eV, E_QEq=-0.454775 eV
2026-08-28 13:31:26.229 INFO:   QEq charges per element: Z=7: mean=0.0260, std=nan, min=0.0260, max=0.0260 | Z=9: mean=-0.3740, std=nan, min=-0.3740, max=-0.3740 | Z=15: mean=-0.4464, std=nan, min=-0.4464, max=-0.4464 | Z=17: mean=0.0089, std=0.3828, min=-0.4105, max=0.3670 | Z=33: mean=-0.1324, std=nan, min=-0.1324, max=-0.1324 | Z=35: mean=0.0937, std=0.2385, min=-0.2712, max=0.3139 | Z=52: mean=-0.3108, std=nan, min=-0.3108, max=-0.3108 | Z=53: mean=0.0497, std=0.2545, min=-0.3748, max=0.3211 | Z=55: mean=-0.0700, std=0.3782, min=-0.4184, max=0.4397 | Z=82: mean=-0.1190, std=0.3379, min=-0.4751, max=0.3805
2026-08-28 13:31:26.230 INFO:   Top-10 param grad norms:
2026-08-28 13:31:26.230 INFO:     products.0.symmetric_contractions.weight: 0.056810
2026-08-28 13:31:26.230 INFO:     interactions.1.linear.weight: 0.046648
2026-08-28 13:31:26.231 INFO:     interactions.0.linear.weight: 0.035913
2026-08-28 13:31:26.231 INFO:     products.0.linear.weight: 0.032199
2026-08-28 13:31:26.231 INFO:     products.1.symmetric_contractions.weight: 0.030426
2026-08-28 13:31:26.231 INFO:     products.1.linear.weight: 0.024768
2026-08-28 13:31:26.231 INFO:     chi_readouts.1.linear_2.weight: 0.016094
2026-08-28 13:31:26.231 INFO:     interactions.0.conv_tp_weights.layer0.weight: 0.014402
2026-08-28 13:31:26.231 INFO:     charge_embedding.weight: 0.013565
2026-08-28 13:31:26.231 INFO:     chi_readouts.0.linear.weight: 0.011282
2026-08-28 13:31:26.231 INFO:   All parameters have nonzero gradients ✓
2026-08-28 13:31:26.231 INFO:   Total grad norm (before clip): 0.1035
2026-08-28 13:31:26.231 INFO: --- End gradient diagnostics ---
2026-08-28 13:43:45.231 INFO:   Epoch energy decomposition (mean/atom): E_inter=0.4709 eV, E_QEq=-0.470592 eV
2026-08-28 13:44:44.375 INFO: Epoch 299: head: Default, loss=0.00137111, RMSE_E_per_atom=    2.80 meV, RMSE_F=   14.65 meV / A
2026-08-28 13:44:44.511 INFO: --- Gradient diagnostics (epoch 300, batch 0) ---
2026-08-28 13:44:44.511 INFO:   forces: pred_rms=0.2682 eV/Å, ref_rms=0.2712 eV/Å, err_rms=0.0197 eV/Å
2026-08-28 13:44:44.512 INFO:   energy/atom: pred_mean=-2.8997 eV, ref_mean=-2.8999 eV, err_mean=0.0018 eV
2026-08-28 13:44:44.512 INFO:   energy decomposition (mean/atom): E_inter=0.5056 eV, E_QEq=-0.499193 eV
2026-08-28 13:44:44.515 INFO:   QEq charges per element: Z=7: mean=-0.1862, std=0.0334, min=-0.2098, max=-0.1626 | Z=9: mean=0.3922, std=nan, min=0.3922, max=0.3922 | Z=15: mean=0.0815, std=nan, min=0.0815, max=0.0815 | Z=16: mean=-0.3510, std=0.2156, min=-0.5651, max=-0.1340 | Z=34: mean=-0.4906, std=nan, min=-0.4906, max=-0.4906 | Z=35: mean=0.2737, std=0.0220, min=0.1485, max=0.3206 | Z=52: mean=-0.3590, std=nan, min=-0.3590, max=-0.3590 | Z=53: mean=0.1250, std=0.2350, min=-0.3578, max=0.3461 | Z=55: mean=-0.2176, std=0.3135, min=-0.4363, max=0.4618 | Z=82: mean=-0.2568, std=0.2776, min=-0.4737, max=0.3723
2026-08-28 13:44:44.517 INFO:   Top-10 param grad norms:
2026-08-28 13:44:44.517 INFO:     products.0.symmetric_contractions.weight: 0.098047
2026-08-28 13:44:44.517 INFO:     interactions.1.linear.weight: 0.088242
2026-08-28 13:44:44.517 INFO:     products.1.symmetric_contractions.weight: 0.076726
2026-08-28 13:44:44.517 INFO:     interactions.0.linear.weight: 0.076209
2026-08-28 13:44:44.517 INFO:     products.0.linear.weight: 0.050275
2026-08-28 13:44:44.517 INFO:     products.1.linear.weight: 0.037004
2026-08-28 13:44:44.517 INFO:     charge_embedding.weight: 0.023539
2026-08-28 13:44:44.517 INFO:     interactions.0.conv_tp_weights.layer3.weight: 0.016818
2026-08-28 13:44:44.517 INFO:     interactions.0.linear_up.weight: 0.016772
2026-08-28 13:44:44.517 INFO:     interactions.0.conv_tp_weights.layer0.weight: 0.015333
2026-08-28 13:44:44.517 INFO:   All parameters have nonzero gradients ✓
2026-08-28 13:44:44.518 INFO:   Total grad norm (before clip): 0.1878
2026-08-28 13:44:44.518 INFO: --- End gradient diagnostics ---
2026-08-28 13:57:20.581 INFO:   Epoch energy decomposition (mean/atom): E_inter=0.4711 eV, E_QEq=-0.470759 eV
2026-08-28 13:58:16.013 INFO: Epoch 300: head: Default, loss=0.00135091, RMSE_E_per_atom=    2.79 meV, RMSE_F=   14.54 meV / A
2026-08-28 13:58:16.170 INFO: --- Gradient diagnostics (epoch 301, batch 0) ---
2026-08-28 13:58:16.170 INFO:   forces: pred_rms=0.0550 eV/Å, ref_rms=0.0539 eV/Å, err_rms=0.0121 eV/Å
2026-08-28 13:58:16.171 INFO:   energy/atom: pred_mean=-2.9540 eV, ref_mean=-2.9545 eV, err_mean=0.0016 eV
2026-08-28 13:58:16.171 INFO:   energy decomposition (mean/atom): E_inter=0.4431 eV, E_QEq=-0.461745 eV
2026-08-28 13:58:16.173 INFO:   QEq charges per element: Z=8: mean=-0.8163, std=nan, min=-0.8163, max=-0.8163 | Z=15: mean=-0.1362, std=0.2531, min=-0.4666, max=0.0881 | Z=16: mean=-0.5094, std=nan, min=-0.5094, max=-0.5094 | Z=33: mean=-0.7770, std=nan, min=-0.7770, max=-0.7770 | Z=35: mean=0.0166, std=0.2585, min=-0.3115, max=0.3074 | Z=52: mean=-0.3480, std=nan, min=-0.3480, max=-0.3480 | Z=53: mean=0.0099, std=0.2681, min=-0.3317, max=0.3212 | Z=55: mean=0.0083, std=0.3802, min=-0.4532, max=0.4599 | Z=82: mean=-0.0403, std=0.3519, min=-0.4397, max=0.4937
2026-08-28 13:58:16.175 INFO:   Top-10 param grad norms:
2026-08-28 13:58:16.175 INFO:     interactions.0.conv_tp_weights.layer0.weight: 0.102530
2026-08-28 13:58:16.175 INFO:     products.0.symmetric_contractions.weight: 0.071180
2026-08-28 13:58:16.175 INFO:     interactions.0.linear.weight: 0.064224
2026-08-28 13:58:16.175 INFO:     interactions.1.linear.weight: 0.057681
2026-08-28 13:58:16.175 INFO:     products.1.symmetric_contractions.weight: 0.047430
2026-08-28 13:58:16.175 INFO:     interactions.0.conv_tp_weights.layer1.weight: 0.034580
2026-08-28 13:58:16.175 INFO:     products.0.linear.weight: 0.033312
2026-08-28 13:58:16.175 INFO:     products.1.linear.weight: 0.027192
2026-08-28 13:58:16.176 INFO:     interactions.0.conv_tp_weights.layer2.weight: 0.021730
2026-08-28 13:58:16.176 INFO:     interactions.0.conv_tp_weights.layer3.weight: 0.017986
2026-08-28 13:58:16.176 INFO:   All parameters have nonzero gradients ✓
2026-08-28 13:58:16.176 INFO:   Total grad norm (before clip): 0.1737
2026-08-28 13:58:16.176 INFO: --- End gradient diagnostics ---
2026-08-28 14:10:22.447 INFO:   Epoch energy decomposition (mean/atom): E_inter=0.4712 eV, E_QEq=-0.470923 eV
2026-08-28 14:11:21.608 INFO: Epoch 301: head: Default, loss=0.00136225, RMSE_E_per_atom=    2.79 meV, RMSE_F=   14.60 meV / A
2026-08-28 14:11:21.768 INFO: --- Gradient diagnostics (epoch 302, batch 0) ---
2026-08-28 14:11:21.768 INFO:   forces: pred_rms=0.2381 eV/Å, ref_rms=0.2382 eV/Å, err_rms=0.0179 eV/Å
2026-08-28 14:11:21.769 INFO:   energy/atom: pred_mean=-2.9132 eV, ref_mean=-2.9141 eV, err_mean=0.0023 eV
2026-08-28 14:11:21.769 INFO:   energy decomposition (mean/atom): E_inter=0.4832 eV, E_QEq=-0.458357 eV
2026-08-28 14:11:21.772 INFO:   QEq charges per element: Z=7: mean=-0.0285, std=nan, min=-0.0285, max=-0.0285 | Z=8: mean=-0.2328, std=nan, min=-0.2328, max=-0.2328 | Z=9: mean=-0.4662, std=nan, min=-0.4662, max=-0.4662 | Z=15: mean=-0.5347, std=nan, min=-0.5347, max=-0.5347 | Z=33: mean=-0.1198, std=0.2849, min=-0.4702, max=0.1209 | Z=35: mean=0.0105, std=0.2610, min=-0.2852, max=0.3603 | Z=53: mean=0.0910, std=0.2484, min=-0.3653, max=0.3522 | Z=55: mean=-0.0803, std=0.3722, min=-0.4161, max=0.4201 | Z=82: mean=-0.1139, std=0.3550, min=-0.4755, max=0.4044
2026-08-28 14:11:21.773 INFO:   Top-10 param grad norms:
2026-08-28 14:11:21.773 INFO:     products.0.symmetric_contractions.weight: 0.087576
2026-08-28 14:11:21.773 INFO:     products.1.symmetric_contractions.weight: 0.078959
2026-08-28 14:11:21.773 INFO:     interactions.1.linear.weight: 0.077263
2026-08-28 14:11:21.773 INFO:     interactions.0.linear.weight: 0.063816
2026-08-28 14:11:21.773 INFO:     products.0.linear.weight: 0.049306
2026-08-28 14:11:21.773 INFO:     products.1.linear.weight: 0.036010
2026-08-28 14:11:21.774 INFO:     charge_embedding.weight: 0.020962
2026-08-28 14:11:21.774 INFO:     chi_readouts.1.linear_2.weight: 0.020351
2026-08-28 14:11:21.774 INFO:     interactions.0.conv_tp_weights.layer0.weight: 0.017726
2026-08-28 14:11:21.774 INFO:     interactions.1.conv_tp_weights.layer0.weight: 0.016287
2026-08-28 14:11:21.774 INFO:   All parameters have nonzero gradients ✓
2026-08-28 14:11:21.774 INFO:   Total grad norm (before clip): 0.1748
2026-08-28 14:11:21.774 INFO: --- End gradient diagnostics ---
2026-08-28 14:23:48.968 INFO:   Epoch energy decomposition (mean/atom): E_inter=0.4712 eV, E_QEq=-0.470871 eV
2026-08-28 14:24:41.550 INFO: Epoch 302: head: Default, loss=0.00136825, RMSE_E_per_atom=    2.80 meV, RMSE_F=   14.64 meV / A
2026-08-28 14:24:41.688 INFO: --- Gradient diagnostics (epoch 303, batch 0) ---
2026-08-28 14:24:41.688 INFO:   forces: pred_rms=0.1292 eV/Å, ref_rms=0.1283 eV/Å, err_rms=0.0154 eV/Å
2026-08-28 14:24:41.688 INFO:   energy/atom: pred_mean=-2.9426 eV, ref_mean=-2.9415 eV, err_mean=0.0019 eV
2026-08-28 14:24:41.689 INFO:   energy decomposition (mean/atom): E_inter=0.4388 eV, E_QEq=-0.443981 eV
2026-08-28 14:24:41.691 INFO:   QEq charges per element: Z=7: mean=-0.3644, std=0.3536, min=-0.6144, max=-0.1143 | Z=9: mean=-0.0309, std=nan, min=-0.0309, max=-0.0309 | Z=15: mean=-0.2618, std=0.0880, min=-0.3240, max=-0.1995 | Z=16: mean=-0.4722, std=0.1109, min=-0.5506, max=-0.3938 | Z=34: mean=-0.3105, std=nan, min=-0.3105, max=-0.3105 | Z=35: mean=0.0085, std=0.2526, min=-0.3310, max=0.3149 | Z=53: mean=0.0113, std=0.2612, min=-0.4098, max=0.3196 | Z=55: mean=0.0093, std=0.3783, min=-0.4169, max=0.4566 | Z=82: mean=-0.0554, std=0.3489, min=-0.4629, max=0.3403
2026-08-28 14:24:41.692 INFO:   Top-10 param grad norms:
2026-08-28 14:24:41.692 INFO:     interactions.0.conv_tp_weights.layer0.weight: 0.088459
2026-08-28 14:24:41.692 INFO:     products.0.symmetric_contractions.weight: 0.084288
2026-08-28 14:24:41.693 INFO:     interactions.1.linear.weight: 0.069122
2026-08-28 14:24:41.693 INFO:     interactions.0.linear.weight: 0.059818
2026-08-28 14:24:41.693 INFO:     products.1.symmetric_contractions.weight: 0.054420
2026-08-28 14:24:41.693 INFO:     products.0.linear.weight: 0.044525
2026-08-28 14:24:41.693 INFO:     products.1.linear.weight: 0.038411
2026-08-28 14:24:41.693 INFO:     interactions.0.conv_tp_weights.layer1.weight: 0.034354
2026-08-28 14:24:41.693 INFO:     interactions.0.conv_tp_weights.layer2.weight: 0.024203
2026-08-28 14:24:41.693 INFO:     interactions.0.conv_tp_weights.layer3.weight: 0.019132
2026-08-28 14:24:41.693 INFO:   All parameters have nonzero gradients ✓
2026-08-28 14:24:41.693 INFO:   Total grad norm (before clip): 0.1810
2026-08-28 14:24:41.693 INFO: --- End gradient diagnostics ---
2026-08-28 14:36:19.364 INFO:   Epoch energy decomposition (mean/atom): E_inter=0.4715 eV, E_QEq=-0.471215 eV
2026-08-28 14:37:11.338 INFO: Epoch 303: head: Default, loss=0.00135107, RMSE_E_per_atom=    2.79 meV, RMSE_F=   14.54 meV / A
2026-08-28 14:37:11.476 INFO: --- Gradient diagnostics (epoch 304, batch 0) ---
2026-08-28 14:37:11.476 INFO:   forces: pred_rms=0.1197 eV/Å, ref_rms=0.1174 eV/Å, err_rms=0.0142 eV/Å
2026-08-28 14:37:11.476 INFO:   energy/atom: pred_mean=-2.9933 eV, ref_mean=-2.9949 eV, err_mean=0.0033 eV
2026-08-28 14:37:11.477 INFO:   energy decomposition (mean/atom): E_inter=0.4873 eV, E_QEq=-0.508606 eV
2026-08-28 14:37:11.479 INFO:   QEq charges per element: Z=7: mean=-0.0966, std=nan, min=-0.0966, max=-0.0966 | Z=15: mean=-0.5191, std=0.0254, min=-0.5371, max=-0.5012 | Z=17: mean=-0.0114, std=nan, min=-0.0114, max=-0.0114 | Z=33: mean=-0.0777, std=nan, min=-0.0777, max=-0.0777 | Z=34: mean=-0.5824, std=nan, min=-0.5824, max=-0.5824 | Z=35: mean=0.0622, std=0.2559, min=-0.3436, max=0.3735 | Z=53: mean=0.2703, std=0.0257, min=0.0479, max=0.3275 | Z=55: mean=-0.2099, std=0.3138, min=-0.4283, max=0.4982 | Z=82: mean=-0.2520, std=0.2745, min=-0.4631, max=0.3139
2026-08-28 14:37:11.481 INFO:   Top-10 param grad norms:
2026-08-28 14:37:11.481 INFO:     products.0.symmetric_contractions.weight: 0.102879
2026-08-28 14:37:11.481 INFO:     interactions.1.linear.weight: 0.099290
2026-08-28 14:37:11.481 INFO:     interactions.0.linear.weight: 0.088406
2026-08-28 14:37:11.481 INFO:     products.0.linear.weight: 0.062819
2026-08-28 14:37:11.481 INFO:     products.1.symmetric_contractions.weight: 0.060615
2026-08-28 14:37:11.481 INFO:     products.1.linear.weight: 0.050964
2026-08-28 14:37:11.481 INFO:     interactions.0.conv_tp_weights.layer0.weight: 0.044377
2026-08-28 14:37:11.481 INFO:     charge_embedding.weight: 0.026934
2026-08-28 14:37:11.481 INFO:     interactions.0.conv_tp_weights.layer3.weight: 0.026415
2026-08-28 14:37:11.482 INFO:     interactions.0.linear_up.weight: 0.020450
2026-08-28 14:37:11.482 INFO:   All parameters have nonzero gradients ✓
2026-08-28 14:37:11.482 INFO:   Total grad norm (before clip): 0.2111
2026-08-28 14:37:11.482 INFO: --- End gradient diagnostics ---
2026-08-28 14:48:57.960 INFO:   Epoch energy decomposition (mean/atom): E_inter=0.4718 eV, E_QEq=-0.471484 eV
2026-08-28 14:49:51.846 INFO: Epoch 304: head: Default, loss=0.00135166, RMSE_E_per_atom=    2.77 meV, RMSE_F=   14.55 meV / A
2026-08-28 14:49:51.987 INFO: --- Gradient diagnostics (epoch 305, batch 0) ---
2026-08-28 14:49:51.987 INFO:   forces: pred_rms=0.1248 eV/Å, ref_rms=0.1219 eV/Å, err_rms=0.0136 eV/Å
2026-08-28 14:49:51.988 INFO:   energy/atom: pred_mean=-2.9792 eV, ref_mean=-2.9787 eV, err_mean=0.0011 eV
2026-08-28 14:49:51.988 INFO:   energy decomposition (mean/atom): E_inter=0.4613 eV, E_QEq=-0.473311 eV
2026-08-28 14:49:51.991 INFO:   QEq charges per element: Z=7: mean=0.0776, std=nan, min=0.0776, max=0.0776 | Z=9: mean=0.4220, std=nan, min=0.4220, max=0.4220 | Z=16: mean=-0.3144, std=0.2017, min=-0.5074, max=-0.1050 | Z=33: mean=0.1230, std=nan, min=0.1230, max=0.1230 | Z=34: mean=-0.2901, std=0.0223, min=-0.3058, max=-0.2743 | Z=35: mean=0.0642, std=0.2515, min=-0.2665, max=0.3681 | Z=53: mean=0.0692, std=0.2571, min=-0.3665, max=0.3166 | Z=55: mean=-0.0653, std=0.3726, min=-0.3816, max=0.4558 | Z=82: mean=-0.1184, std=0.3381, min=-0.5069, max=0.3205
2026-08-28 14:49:51.993 INFO:   Top-10 param grad norms:
2026-08-28 14:49:51.993 INFO:     products.0.symmetric_contractions.weight: 0.085256
2026-08-28 14:49:51.993 INFO:     interactions.0.conv_tp_weights.layer0.weight: 0.079486
2026-08-28 14:49:51.993 INFO:     interactions.0.linear.weight: 0.068888
2026-08-28 14:49:51.993 INFO:     interactions.1.linear.weight: 0.064888
2026-08-28 14:49:51.993 INFO:     products.1.symmetric_contractions.weight: 0.050202
2026-08-28 14:49:51.993 INFO:     products.0.linear.weight: 0.045374
2026-08-28 14:49:51.993 INFO:     interactions.0.conv_tp_weights.layer1.weight: 0.031504
2026-08-28 14:49:51.993 INFO:     charge_embedding.weight: 0.025177
2026-08-28 14:49:51.993 INFO:     interactions.0.conv_tp_weights.layer2.weight: 0.024887
2026-08-28 14:49:51.994 INFO:     products.1.linear.weight: 0.022345
2026-08-28 14:49:51.994 INFO:   All parameters have nonzero gradients ✓
2026-08-28 14:49:51.994 INFO:   Total grad norm (before clip): 0.1763
2026-08-28 14:49:51.994 INFO: --- End gradient diagnostics ---
2026-08-28 15:01:51.865 INFO:   Epoch energy decomposition (mean/atom): E_inter=0.4725 eV, E_QEq=-0.472161 eV
2026-08-28 15:02:43.940 INFO: Epoch 305: head: Default, loss=0.00136104, RMSE_E_per_atom=    2.79 meV, RMSE_F=   14.60 meV / A
2026-08-28 15:02:44.075 INFO: --- Gradient diagnostics (epoch 306, batch 0) ---
2026-08-28 15:02:44.075 INFO:   forces: pred_rms=0.1057 eV/Å, ref_rms=0.1022 eV/Å, err_rms=0.0131 eV/Å
2026-08-28 15:02:44.076 INFO:   energy/atom: pred_mean=-2.9466 eV, ref_mean=-2.9475 eV, err_mean=0.0038 eV
2026-08-28 15:02:44.076 INFO:   energy decomposition (mean/atom): E_inter=0.4761 eV, E_QEq=-0.490777 eV
2026-08-28 15:02:44.078 INFO:   QEq charges per element: Z=7: mean=-0.0316, std=nan, min=-0.0316, max=-0.0316 | Z=16: mean=-0.3519, std=nan, min=-0.3519, max=-0.3519 | Z=33: mean=-0.3425, std=0.2710, min=-0.5342, max=-0.1509 | Z=34: mean=-0.0049, std=nan, min=-0.0049, max=-0.0049 | Z=35: mean=0.1446, std=0.2242, min=-0.2560, max=0.2973 | Z=53: mean=0.0923, std=0.2517, min=-0.3438, max=0.3489 | Z=55: mean=-0.1441, std=0.3446, min=-0.4550, max=0.5076 | Z=82: mean=-0.1786, std=0.3185, min=-0.4413, max=0.3343
2026-08-28 15:02:44.080 INFO:   Top-10 param grad norms:
2026-08-28 15:02:44.080 INFO:     interactions.0.conv_tp_weights.layer0.weight: 0.096774
2026-08-28 15:02:44.080 INFO:     products.0.symmetric_contractions.weight: 0.063099
2026-08-28 15:02:44.080 INFO:     interactions.1.linear.weight: 0.054505
2026-08-28 15:02:44.080 INFO:     interactions.0.linear.weight: 0.052933
2026-08-28 15:02:44.080 INFO:     products.1.symmetric_contractions.weight: 0.040353
2026-08-28 15:02:44.080 INFO:     products.0.linear.weight: 0.038611
2026-08-28 15:02:44.080 INFO:     interactions.0.conv_tp_weights.layer1.weight: 0.033709
2026-08-28 15:02:44.080 INFO:     products.1.linear.weight: 0.026859
2026-08-28 15:02:44.080 INFO:     interactions.0.conv_tp_weights.layer2.weight: 0.021624
2026-08-28 15:02:44.080 INFO:     charge_embedding.weight: 0.013621
2026-08-28 15:02:44.080 INFO:   All parameters have nonzero gradients ✓
2026-08-28 15:02:44.081 INFO:   Total grad norm (before clip): 0.1594
2026-08-28 15:02:44.081 INFO: --- End gradient diagnostics ---
2026-08-28 15:14:32.261 INFO:   Epoch energy decomposition (mean/atom): E_inter=0.4723 eV, E_QEq=-0.471973 eV
2026-08-28 15:15:29.398 INFO: Epoch 306: head: Default, loss=0.00134038, RMSE_E_per_atom=    2.76 meV, RMSE_F=   14.49 meV / A
2026-08-28 15:15:29.588 INFO: --- Gradient diagnostics (epoch 307, batch 0) ---
2026-08-28 15:15:29.589 INFO:   forces: pred_rms=0.1266 eV/Å, ref_rms=0.1246 eV/Å, err_rms=0.0127 eV/Å
2026-08-28 15:15:29.589 INFO:   energy/atom: pred_mean=-2.9915 eV, ref_mean=-2.9934 eV, err_mean=0.0035 eV
2026-08-28 15:15:29.589 INFO:   energy decomposition (mean/atom): E_inter=0.4985 eV, E_QEq=-0.512998 eV
2026-08-28 15:15:29.592 INFO:   QEq charges per element: Z=7: mean=-0.5187, std=0.3319, min=-0.7534, max=-0.2840 | Z=15: mean=0.0629, std=nan, min=0.0629, max=0.0629 | Z=16: mean=0.3541, std=nan, min=0.3541, max=0.3541 | Z=17: mean=0.3151, std=nan, min=0.3151, max=0.3151 | Z=33: mean=-0.2169, std=0.1460, min=-0.3202, max=-0.1136 | Z=35: mean=0.2738, std=0.0173, min=0.1656, max=0.3237 | Z=53: mean=0.0595, std=0.2538, min=-0.2851, max=0.3181 | Z=55: mean=-0.2123, std=0.3004, min=-0.4228, max=0.4373 | Z=82: mean=-0.2622, std=0.2778, min=-0.4830, max=0.3331
2026-08-28 15:15:29.593 INFO:   Top-10 param grad norms:
2026-08-28 15:15:29.593 INFO:     products.0.symmetric_contractions.weight: 0.097372
2026-08-28 15:15:29.593 INFO:     products.1.symmetric_contractions.weight: 0.070307
2026-08-28 15:15:29.593 INFO:     interactions.1.linear.weight: 0.066846
2026-08-28 15:15:29.593 INFO:     interactions.0.linear.weight: 0.065207
2026-08-28 15:15:29.594 INFO:     products.0.linear.weight: 0.058823
2026-08-28 15:15:29.594 INFO:     products.1.linear.weight: 0.033824
2026-08-28 15:15:29.594 INFO:     interactions.0.conv_tp_weights.layer0.weight: 0.028845
2026-08-28 15:15:29.594 INFO:     chi_readouts.0.linear.weight: 0.021190
2026-08-28 15:15:29.594 INFO:     charge_embedding.weight: 0.019428
2026-08-28 15:15:29.594 INFO:     interactions.0.skip_tp.weight: 0.016317
2026-08-28 15:15:29.594 INFO:   All parameters have nonzero gradients ✓
2026-08-28 15:15:29.594 INFO:   Total grad norm (before clip): 0.1772
2026-08-28 15:15:29.594 INFO: --- End gradient diagnostics ---
2026-08-28 15:27:11.172 INFO:   Epoch energy decomposition (mean/atom): E_inter=0.4726 eV, E_QEq=-0.472259 eV
2026-08-28 15:28:04.376 INFO: Epoch 307: head: Default, loss=0.00135673, RMSE_E_per_atom=    2.77 meV, RMSE_F=   14.58 meV / A
2026-08-28 15:28:04.520 INFO: --- Gradient diagnostics (epoch 308, batch 0) ---
2026-08-28 15:28:04.520 INFO:   forces: pred_rms=0.1218 eV/Å, ref_rms=0.1201 eV/Å, err_rms=0.0150 eV/Å
2026-08-28 15:28:04.521 INFO:   energy/atom: pred_mean=-3.0278 eV, ref_mean=-3.0258 eV, err_mean=0.0022 eV
2026-08-28 15:28:04.521 INFO:   energy decomposition (mean/atom): E_inter=0.4775 eV, E_QEq=-0.468906 eV
2026-08-28 15:28:04.524 INFO:   QEq charges per element: Z=7: mean=-0.3460, std=nan, min=-0.3460, max=-0.3460 | Z=15: mean=-0.1218, std=nan, min=-0.1218, max=-0.1218 | Z=16: mean=0.2036, std=nan, min=0.2036, max=0.2036 | Z=17: mean=-0.1976, std=nan, min=-0.1976, max=-0.1976 | Z=33: mean=-0.0813, std=nan, min=-0.0813, max=-0.0813 | Z=35: mean=0.1107, std=0.2340, min=-0.2960, max=0.3255 | Z=52: mean=0.3614, std=nan, min=0.3614, max=0.3614 | Z=53: mean=0.0908, std=0.2437, min=-0.2701, max=0.3150 | Z=55: mean=-0.1684, std=0.3300, min=-0.4095, max=0.3790 | Z=82: mean=-0.1821, std=0.3297, min=-0.4613, max=0.3534
2026-08-28 15:28:04.525 INFO:   Top-10 param grad norms:
2026-08-28 15:28:04.525 INFO:     products.0.symmetric_contractions.weight: 0.077755
2026-08-28 15:28:04.525 INFO:     interactions.0.conv_tp_weights.layer0.weight: 0.070959
2026-08-28 15:28:04.525 INFO:     interactions.1.linear.weight: 0.064361
2026-08-28 15:28:04.525 INFO:     interactions.0.linear.weight: 0.061842
2026-08-28 15:28:04.526 INFO:     products.0.linear.weight: 0.054294
2026-08-28 15:28:04.526 INFO:     products.1.symmetric_contractions.weight: 0.048385
2026-08-28 15:28:04.526 INFO:     products.1.linear.weight: 0.039747
2026-08-28 15:28:04.526 INFO:     interactions.0.conv_tp_weights.layer1.weight: 0.029245
2026-08-28 15:28:04.526 INFO:     chi_readouts.1.linear_2.weight: 0.023852
2026-08-28 15:28:04.526 INFO:     interactions.0.conv_tp_weights.layer2.weight: 0.021501
2026-08-28 15:28:04.526 INFO:   All parameters have nonzero gradients ✓
2026-08-28 15:28:04.526 INFO:   Total grad norm (before clip): 0.1725
2026-08-28 15:28:04.526 INFO: --- End gradient diagnostics ---
2026-08-28 15:39:57.869 INFO:   Epoch energy decomposition (mean/atom): E_inter=0.4725 eV, E_QEq=-0.472206 eV
2026-08-28 15:40:53.532 INFO: Epoch 308: head: Default, loss=0.00135471, RMSE_E_per_atom=    2.77 meV, RMSE_F=   14.57 meV / A
2026-08-28 15:40:53.689 INFO: --- Gradient diagnostics (epoch 309, batch 0) ---
2026-08-28 15:40:53.689 INFO:   forces: pred_rms=0.4923 eV/Å, ref_rms=0.4899 eV/Å, err_rms=0.0237 eV/Å
2026-08-28 15:40:53.690 INFO:   energy/atom: pred_mean=-2.9474 eV, ref_mean=-2.9471 eV, err_mean=0.0034 eV
2026-08-28 15:40:53.690 INFO:   energy decomposition (mean/atom): E_inter=0.5256 eV, E_QEq=-0.468341 eV
2026-08-28 15:40:53.693 INFO:   QEq charges per element: Z=7: mean=-0.6401, std=nan, min=-0.6401, max=-0.6401 | Z=8: mean=0.3668, std=nan, min=0.3668, max=0.3668 | Z=15: mean=0.3194, std=nan, min=0.3194, max=0.3194 | Z=16: mean=-0.2384, std=nan, min=-0.2384, max=-0.2384 | Z=17: mean=0.0775, std=nan, min=0.0775, max=0.0775 | Z=35: mean=0.0934, std=0.2416, min=-0.2625, max=0.4340 | Z=52: mean=-0.3629, std=0.1706, min=-0.4836, max=-0.2423 | Z=53: mean=0.0136, std=0.2660, min=-0.2944, max=0.3407 | Z=55: mean=-0.0646, std=0.3681, min=-0.4293, max=0.4250 | Z=82: mean=-0.1221, std=0.3475, min=-0.5206, max=0.3473
2026-08-28 15:40:53.695 INFO:   Top-10 param grad norms:
2026-08-28 15:40:53.695 INFO:     products.0.symmetric_contractions.weight: 0.338277
2026-08-28 15:40:53.695 INFO:     interactions.0.linear.weight: 0.224161
2026-08-28 15:40:53.695 INFO:     interactions.1.linear.weight: 0.202511
2026-08-28 15:40:53.695 INFO:     products.1.symmetric_contractions.weight: 0.149838
2026-08-28 15:40:53.695 INFO:     products.0.linear.weight: 0.132361
2026-08-28 15:40:53.695 INFO:     products.1.linear.weight: 0.120813
2026-08-28 15:40:53.695 INFO:     interactions.0.conv_tp_weights.layer0.weight: 0.093881
2026-08-28 15:40:53.695 INFO:     charge_embedding.weight: 0.090932
2026-08-28 15:40:53.695 INFO:     interactions.0.linear_up.weight: 0.057006
2026-08-28 15:40:53.695 INFO:     interactions.0.conv_tp_weights.layer3.weight: 0.051211
2026-08-28 15:40:53.696 INFO:   All parameters have nonzero gradients ✓
2026-08-28 15:40:53.696 INFO:   Total grad norm (before clip): 0.5430
2026-08-28 15:40:53.696 INFO: --- End gradient diagnostics ---
2026-08-28 15:53:08.510 INFO:   Epoch energy decomposition (mean/atom): E_inter=0.4727 eV, E_QEq=-0.472398 eV
2026-08-28 15:54:02.190 INFO: Epoch 309: head: Default, loss=0.00135267, RMSE_E_per_atom=    2.78 meV, RMSE_F=   14.55 meV / A
2026-08-28 15:54:02.341 INFO: --- Gradient diagnostics (epoch 310, batch 0) ---
2026-08-28 15:54:02.341 INFO:   forces: pred_rms=0.1902 eV/Å, ref_rms=0.1897 eV/Å, err_rms=0.0165 eV/Å
2026-08-28 15:54:02.341 INFO:   energy/atom: pred_mean=-2.9537 eV, ref_mean=-2.9526 eV, err_mean=0.0016 eV
2026-08-28 15:54:02.342 INFO:   energy decomposition (mean/atom): E_inter=0.4645 eV, E_QEq=-0.446777 eV
2026-08-28 15:54:02.344 INFO:   QEq charges per element: Z=7: mean=-0.1011, std=nan, min=-0.1011, max=-0.1011 | Z=9: mean=-0.0347, std=nan, min=-0.0347, max=-0.0347 | Z=15: mean=-0.2280, std=0.1284, min=-0.3189, max=-0.1372 | Z=16: mean=0.2561, std=nan, min=0.2561, max=0.2561 | Z=33: mean=-0.4938, std=0.1943, min=-0.6312, max=-0.3564 | Z=34: mean=-0.1368, std=nan, min=-0.1368, max=-0.1368 | Z=35: mean=-0.0373, std=0.2574, min=-0.3365, max=0.3339 | Z=53: mean=0.0599, std=0.2517, min=-0.2789, max=0.3331 | Z=55: mean=0.0022, std=0.3756, min=-0.4196, max=0.4348 | Z=82: mean=-0.0527, std=0.3541, min=-0.4674, max=0.3307
2026-08-28 15:54:02.346 INFO:   Top-10 param grad norms:
2026-08-28 15:54:02.346 INFO:     products.0.symmetric_contractions.weight: 0.080575
2026-08-28 15:54:02.346 INFO:     interactions.1.linear.weight: 0.069143
2026-08-28 15:54:02.346 INFO:     interactions.0.linear.weight: 0.063019
2026-08-28 15:54:02.346 INFO:     products.1.symmetric_contractions.weight: 0.057860
2026-08-28 15:54:02.346 INFO:     interactions.0.conv_tp_weights.layer0.weight: 0.054924
2026-08-28 15:54:02.346 INFO:     products.0.linear.weight: 0.046433
2026-08-28 15:54:02.346 INFO:     products.1.linear.weight: 0.040403
2026-08-28 15:54:02.347 INFO:     interactions.0.conv_tp_weights.layer1.weight: 0.020811
2026-08-28 15:54:02.347 INFO:     interactions.0.conv_tp_weights.layer3.weight: 0.017239
2026-08-28 15:54:02.347 INFO:     interactions.0.conv_tp_weights.layer2.weight: 0.015512
2026-08-28 15:54:02.347 INFO:   All parameters have nonzero gradients ✓
2026-08-28 15:54:02.347 INFO:   Total grad norm (before clip): 0.1657
2026-08-28 15:54:02.347 INFO: --- End gradient diagnostics ---
2026-08-28 16:05:40.241 INFO:   Epoch energy decomposition (mean/atom): E_inter=0.4728 eV, E_QEq=-0.472484 eV
2026-08-28 16:06:33.267 INFO: Epoch 310: head: Default, loss=0.00136698, RMSE_E_per_atom=    2.78 meV, RMSE_F=   14.63 meV / A
2026-08-28 16:06:33.412 INFO: --- Gradient diagnostics (epoch 311, batch 0) ---
2026-08-28 16:06:33.413 INFO:   forces: pred_rms=0.2026 eV/Å, ref_rms=0.1989 eV/Å, err_rms=0.0178 eV/Å
2026-08-28 16:06:33.413 INFO:   energy/atom: pred_mean=-3.0483 eV, ref_mean=-3.0493 eV, err_mean=0.0020 eV
2026-08-28 16:06:33.413 INFO:   energy decomposition (mean/atom): E_inter=0.4818 eV, E_QEq=-0.455659 eV
2026-08-28 16:06:33.416 INFO:   QEq charges per element: Z=7: mean=-0.6876, std=nan, min=-0.6876, max=-0.6876 | Z=9: mean=0.0327, std=nan, min=0.0327, max=0.0327 | Z=15: mean=-0.1376, std=nan, min=-0.1376, max=-0.1376 | Z=33: mean=-0.2347, std=0.2174, min=-0.3884, max=-0.0810 | Z=34: mean=0.0411, std=nan, min=0.0411, max=0.0411 | Z=35: mean=0.0045, std=0.2576, min=-0.3259, max=0.3542 | Z=52: mean=-0.1561, std=0.0024, min=-0.1578, max=-0.1544 | Z=53: mean=0.0139, std=0.2568, min=-0.2914, max=0.2880 | Z=55: mean=-0.0022, std=0.3702, min=-0.4245, max=0.4395 | Z=82: mean=-0.0457, std=0.3565, min=-0.4828, max=0.3975
2026-08-28 16:06:33.418 INFO:   Top-10 param grad norms:
2026-08-28 16:06:33.418 INFO:     products.0.symmetric_contractions.weight: 0.331087
2026-08-28 16:06:33.418 INFO:     interactions.1.linear.weight: 0.249749
2026-08-28 16:06:33.418 INFO:     interactions.0.linear.weight: 0.171642
2026-08-28 16:06:33.418 INFO:     interactions.0.conv_tp_weights.layer0.weight: 0.161943
2026-08-28 16:06:33.418 INFO:     products.1.symmetric_contractions.weight: 0.160069
2026-08-28 16:06:33.418 INFO:     products.0.linear.weight: 0.137055
2026-08-28 16:06:33.418 INFO:     products.1.linear.weight: 0.078931
2026-08-28 16:06:33.418 INFO:     interactions.0.conv_tp_weights.layer1.weight: 0.055622
2026-08-28 16:06:33.418 INFO:     interactions.0.conv_tp_weights.layer3.weight: 0.045423
2026-08-28 16:06:33.418 INFO:     interactions.0.conv_tp_weights.layer2.weight: 0.040298
2026-08-28 16:06:33.418 INFO:   All parameters have nonzero gradients ✓
2026-08-28 16:06:33.419 INFO:   Total grad norm (before clip): 0.5396
2026-08-28 16:06:33.419 INFO: --- End gradient diagnostics ---
2026-08-28 16:18:14.165 INFO:   Epoch energy decomposition (mean/atom): E_inter=0.4730 eV, E_QEq=-0.472643 eV
2026-08-28 16:19:11.640 INFO: Epoch 311: head: Default, loss=0.00135705, RMSE_E_per_atom=    2.76 meV, RMSE_F=   14.58 meV / A
2026-08-28 16:19:11.782 INFO: --- Gradient diagnostics (epoch 312, batch 0) ---
2026-08-28 16:19:11.783 INFO:   forces: pred_rms=0.1035 eV/Å, ref_rms=0.1017 eV/Å, err_rms=0.0137 eV/Å
2026-08-28 16:19:11.783 INFO:   energy/atom: pred_mean=-2.9832 eV, ref_mean=-2.9843 eV, err_mean=0.0031 eV
2026-08-28 16:19:11.784 INFO:   energy decomposition (mean/atom): E_inter=0.4710 eV, E_QEq=-0.487746 eV
2026-08-28 16:19:11.787 INFO:   QEq charges per element: Z=7: mean=-0.2113, std=nan, min=-0.2113, max=-0.2113 | Z=8: mean=-0.2234, std=nan, min=-0.2234, max=-0.2234 | Z=15: mean=-0.6296, std=nan, min=-0.6296, max=-0.6296 | Z=16: mean=0.2904, std=nan, min=0.2904, max=0.2904 | Z=33: mean=-0.1048, std=nan, min=-0.1048, max=-0.1048 | Z=35: mean=0.0623, std=0.2539, min=-0.3680, max=0.3221 | Z=52: mean=-0.0997, std=nan, min=-0.0997, max=-0.0997 | Z=53: mean=0.1654, std=0.2134, min=-0.2743, max=0.3410 | Z=55: mean=-0.1428, std=0.3517, min=-0.4141, max=0.4436 | Z=82: mean=-0.1914, std=0.3207, min=-0.5258, max=0.3456
2026-08-28 16:19:11.789 INFO:   Top-10 param grad norms:
2026-08-28 16:19:11.789 INFO:     products.0.symmetric_contractions.weight: 0.072505
2026-08-28 16:19:11.789 INFO:     interactions.1.linear.weight: 0.055793
2026-08-28 16:19:11.789 INFO:     interactions.0.linear.weight: 0.053317
2026-08-28 16:19:11.789 INFO:     products.0.linear.weight: 0.050171
2026-08-28 16:19:11.789 INFO:     products.1.symmetric_contractions.weight: 0.047483
2026-08-28 16:19:11.789 INFO:     interactions.0.conv_tp_weights.layer0.weight: 0.035300
2026-08-28 16:19:11.789 INFO:     products.1.linear.weight: 0.027309
2026-08-28 16:19:11.789 INFO:     chi_readouts.0.linear.weight: 0.018586
2026-08-28 16:19:11.789 INFO:     interactions.0.conv_tp_weights.layer1.weight: 0.017907
2026-08-28 16:19:11.790 INFO:     charge_embedding.weight: 0.017287
2026-08-28 16:19:11.790 INFO:   All parameters have nonzero gradients ✓
2026-08-28 16:19:11.790 INFO:   Total grad norm (before clip): 0.1418
2026-08-28 16:19:11.790 INFO: --- End gradient diagnostics ---
2026-08-28 16:31:30.360 INFO:   Epoch energy decomposition (mean/atom): E_inter=0.4728 eV, E_QEq=-0.472522 eV
2026-08-28 16:32:27.713 INFO: Epoch 312: head: Default, loss=0.00134837, RMSE_E_per_atom=    2.78 meV, RMSE_F=   14.53 meV / A
2026-08-28 16:32:27.861 INFO: --- Gradient diagnostics (epoch 313, batch 0) ---
2026-08-28 16:32:27.862 INFO:   forces: pred_rms=0.2394 eV/Å, ref_rms=0.2389 eV/Å, err_rms=0.0182 eV/Å
2026-08-28 16:32:27.862 INFO:   energy/atom: pred_mean=-3.0003 eV, ref_mean=-2.9997 eV, err_mean=0.0011 eV
2026-08-28 16:32:27.862 INFO:   energy decomposition (mean/atom): E_inter=0.5012 eV, E_QEq=-0.492538 eV
2026-08-28 16:32:27.865 INFO:   QEq charges per element: Z=7: mean=-0.1159, std=nan, min=-0.1159, max=-0.1159 | Z=9: mean=-0.2138, std=0.3295, min=-0.4468, max=0.0192 | Z=15: mean=-0.2337, std=0.3973, min=-0.5085, max=0.2218 | Z=16: mean=-0.2817, std=nan, min=-0.2817, max=-0.2817 | Z=34: mean=-0.1014, std=nan, min=-0.1014, max=-0.1014 | Z=35: mean=0.0111, std=0.2609, min=-0.3394, max=0.3486 | Z=52: mean=0.1108, std=0.1107, min=0.0325, max=0.1892 | Z=53: mean=0.2702, std=0.0347, min=-0.0322, max=0.3319 | Z=55: mean=-0.1484, std=0.3456, min=-0.4189, max=0.4350 | Z=82: mean=-0.1842, std=0.3212, min=-0.4916, max=0.3845
2026-08-28 16:32:27.867 INFO:   Top-10 param grad norms:
2026-08-28 16:32:27.867 INFO:     products.0.symmetric_contractions.weight: 0.129728
2026-08-28 16:32:27.867 INFO:     interactions.1.linear.weight: 0.096330
2026-08-28 16:32:27.867 INFO:     products.1.symmetric_contractions.weight: 0.090541
2026-08-28 16:32:27.868 INFO:     interactions.0.linear.weight: 0.073179
2026-08-28 16:32:27.868 INFO:     interactions.0.conv_tp_weights.layer0.weight: 0.063550
2026-08-28 16:32:27.868 INFO:     products.0.linear.weight: 0.058971
2026-08-28 16:32:27.868 INFO:     products.1.linear.weight: 0.043566
2026-08-28 16:32:27.868 INFO:     charge_embedding.weight: 0.026391
2026-08-28 16:32:27.868 INFO:     interactions.0.conv_tp_weights.layer1.weight: 0.020606
2026-08-28 16:32:27.868 INFO:     interactions.1.conv_tp_weights.layer0.weight: 0.019231
2026-08-28 16:32:27.868 INFO:   All parameters have nonzero gradients ✓
2026-08-28 16:32:27.868 INFO:   Total grad norm (before clip): 0.2283
2026-08-28 16:32:27.868 INFO: --- End gradient diagnostics ---
2026-08-28 16:44:19.192 INFO:   Epoch energy decomposition (mean/atom): E_inter=0.4731 eV, E_QEq=-0.472745 eV
2026-08-28 16:45:13.236 INFO: Epoch 313: head: Default, loss=0.00134724, RMSE_E_per_atom=    2.78 meV, RMSE_F=   14.52 meV / A
2026-08-28 16:45:13.371 INFO: --- Gradient diagnostics (epoch 314, batch 0) ---
2026-08-28 16:45:13.371 INFO:   forces: pred_rms=0.1246 eV/Å, ref_rms=0.1218 eV/Å, err_rms=0.0149 eV/Å
2026-08-28 16:45:13.371 INFO:   energy/atom: pred_mean=-2.9941 eV, ref_mean=-2.9925 eV, err_mean=0.0024 eV
2026-08-28 16:45:13.371 INFO:   energy decomposition (mean/atom): E_inter=0.4815 eV, E_QEq=-0.504423 eV
2026-08-28 16:45:13.374 INFO:   QEq charges per element: Z=7: mean=-0.3871, std=nan, min=-0.3871, max=-0.3871 | Z=9: mean=-0.4432, std=nan, min=-0.4432, max=-0.4432 | Z=15: mean=-0.4745, std=nan, min=-0.4745, max=-0.4745 | Z=33: mean=-0.4666, std=nan, min=-0.4666, max=-0.4666 | Z=35: mean=0.2736, std=0.0503, min=-0.2213, max=0.3714 | Z=52: mean=-0.1077, std=0.1577, min=-0.2192, max=0.0038 | Z=53: mean=-0.0382, std=0.2570, min=-0.3265, max=0.3014 | Z=55: mean=-0.1224, std=0.3378, min=-0.3752, max=0.4349 | Z=82: mean=-0.1778, std=0.3135, min=-0.4930, max=0.4313
2026-08-28 16:45:13.375 INFO:   Top-10 param grad norms:
2026-08-28 16:45:13.375 INFO:     interactions.0.conv_tp_weights.layer0.weight: 0.098905
2026-08-28 16:45:13.376 INFO:     products.0.symmetric_contractions.weight: 0.093263
2026-08-28 16:45:13.376 INFO:     interactions.1.linear.weight: 0.078192
2026-08-28 16:45:13.376 INFO:     products.1.symmetric_contractions.weight: 0.067668
2026-08-28 16:45:13.376 INFO:     interactions.0.linear.weight: 0.067496
2026-08-28 16:45:13.376 INFO:     products.0.linear.weight: 0.050627
2026-08-28 16:45:13.376 INFO:     products.1.linear.weight: 0.038620
2026-08-28 16:45:13.376 INFO:     interactions.0.conv_tp_weights.layer1.weight: 0.034400
2026-08-28 16:45:13.376 INFO:     interactions.0.conv_tp_weights.layer2.weight: 0.023008
2026-08-28 16:45:13.376 INFO:     chi_readouts.1.linear_2.weight: 0.021062
2026-08-28 16:45:13.376 INFO:   All parameters have nonzero gradients ✓
2026-08-28 16:45:13.376 INFO:   Total grad norm (before clip): 0.2042
2026-08-28 16:45:13.376 INFO: --- End gradient diagnostics ---
2026-08-28 16:56:49.709 INFO:   Epoch energy decomposition (mean/atom): E_inter=0.4735 eV, E_QEq=-0.473156 eV
2026-08-28 16:57:41.800 INFO: Epoch 314: head: Default, loss=0.00135227, RMSE_E_per_atom=    2.77 meV, RMSE_F=   14.55 meV / A
2026-08-28 16:57:41.946 INFO: --- Gradient diagnostics (epoch 315, batch 0) ---
2026-08-28 16:57:41.947 INFO:   forces: pred_rms=0.1175 eV/Å, ref_rms=0.1156 eV/Å, err_rms=0.0135 eV/Å
2026-08-28 16:57:41.947 INFO:   energy/atom: pred_mean=-3.0200 eV, ref_mean=-3.0198 eV, err_mean=0.0011 eV
2026-08-28 16:57:41.948 INFO:   energy decomposition (mean/atom): E_inter=0.4458 eV, E_QEq=-0.455597 eV
2026-08-28 16:57:41.951 INFO:   QEq charges per element: Z=7: mean=-0.0538, std=0.0808, min=-0.1110, max=0.0033 | Z=8: mean=-0.6766, std=nan, min=-0.6766, max=-0.6766 | Z=9: mean=-0.3734, std=nan, min=-0.3734, max=-0.3734 | Z=15: mean=-0.6299, std=nan, min=-0.6299, max=-0.6299 | Z=16: mean=-0.0207, std=0.2899, min=-0.3377, max=0.2308 | Z=35: mean=0.0106, std=0.2588, min=-0.3569, max=0.3268 | Z=52: mean=0.1112, std=nan, min=0.1112, max=0.1112 | Z=53: mean=0.0139, std=0.2598, min=-0.2939, max=0.3143 | Z=55: mean=0.0158, std=0.3822, min=-0.4007, max=0.4309 | Z=82: mean=-0.0472, std=0.3476, min=-0.4298, max=0.3934
2026-08-28 16:57:41.953 INFO:   Top-10 param grad norms:
2026-08-28 16:57:41.953 INFO:     products.0.symmetric_contractions.weight: 0.089283
2026-08-28 16:57:41.953 INFO:     interactions.0.linear.weight: 0.060914
2026-08-28 16:57:41.953 INFO:     interactions.1.linear.weight: 0.058945
2026-08-28 16:57:41.953 INFO:     products.1.symmetric_contractions.weight: 0.044234
2026-08-28 16:57:41.953 INFO:     products.0.linear.weight: 0.042098
2026-08-28 16:57:41.953 INFO:     products.1.linear.weight: 0.030875
2026-08-28 16:57:41.953 INFO:     interactions.0.conv_tp_weights.layer0.weight: 0.025575
2026-08-28 16:57:41.953 INFO:     charge_embedding.weight: 0.019196
2026-08-28 16:57:41.953 INFO:     interactions.0.conv_tp_weights.layer3.weight: 0.015618
2026-08-28 16:57:41.954 INFO:     interactions.0.linear_up.weight: 0.014720
2026-08-28 16:57:41.954 INFO:   All parameters have nonzero gradients ✓
2026-08-28 16:57:41.954 INFO:   Total grad norm (before clip): 0.1486
2026-08-28 16:57:41.954 INFO: --- End gradient diagnostics ---
2026-08-28 17:09:29.748 INFO:   Epoch energy decomposition (mean/atom): E_inter=0.4735 eV, E_QEq=-0.473202 eV
2026-08-28 17:10:23.667 INFO: Epoch 315: head: Default, loss=0.00135347, RMSE_E_per_atom=    2.76 meV, RMSE_F=   14.56 meV / A
2026-08-28 17:10:23.807 INFO: --- Gradient diagnostics (epoch 316, batch 0) ---
2026-08-28 17:10:23.808 INFO:   forces: pred_rms=0.1230 eV/Å, ref_rms=0.1221 eV/Å, err_rms=0.0142 eV/Å
2026-08-28 17:10:23.808 INFO:   energy/atom: pred_mean=-2.9435 eV, ref_mean=-2.9436 eV, err_mean=0.0020 eV
2026-08-28 17:10:23.808 INFO:   energy decomposition (mean/atom): E_inter=0.4481 eV, E_QEq=-0.457470 eV
2026-08-28 17:10:23.811 INFO:   QEq charges per element: Z=9: mean=-0.3076, std=nan, min=-0.3076, max=-0.3076 | Z=15: mean=-0.4901, std=nan, min=-0.4901, max=-0.4901 | Z=16: mean=-0.1876, std=nan, min=-0.1876, max=-0.1876 | Z=17: mean=0.1936, std=nan, min=0.1936, max=0.1936 | Z=33: mean=0.0317, std=0.1287, min=-0.0593, max=0.1228 | Z=34: mean=-0.5755, std=nan, min=-0.5755, max=-0.5755 | Z=35: mean=-0.1167, std=0.2229, min=-0.3074, max=0.2924 | Z=52: mean=0.0171, std=nan, min=0.0171, max=0.0171 | Z=53: mean=0.0917, std=0.2476, min=-0.4028, max=0.3311 | Z=55: mean=-0.0030, std=0.3763, min=-0.4215, max=0.4271 | Z=82: mean=-0.0411, std=0.3517, min=-0.4411, max=0.3804
2026-08-28 17:10:23.813 INFO:   Top-10 param grad norms:
2026-08-28 17:10:23.813 INFO:     products.0.symmetric_contractions.weight: 0.043540
2026-08-28 17:10:23.813 INFO:     interactions.1.linear.weight: 0.039760
2026-08-28 17:10:23.813 INFO:     products.1.symmetric_contractions.weight: 0.036491
2026-08-28 17:10:23.813 INFO:     interactions.0.linear.weight: 0.027088
2026-08-28 17:10:23.813 INFO:     products.0.linear.weight: 0.024509
2026-08-28 17:10:23.813 INFO:     products.1.linear.weight: 0.013104
2026-08-28 17:10:23.813 INFO:     interactions.0.conv_tp_weights.layer0.weight: 0.012230
2026-08-28 17:10:23.813 INFO:     charge_embedding.weight: 0.009509
2026-08-28 17:10:23.813 INFO:     interactions.0.linear_up.weight: 0.006306
2026-08-28 17:10:23.813 INFO:     interactions.1.linear_up.weight: 0.005749
2026-08-28 17:10:23.814 INFO:   All parameters have nonzero gradients ✓
2026-08-28 17:10:23.814 INFO:   Total grad norm (before clip): 0.0825
2026-08-28 17:10:23.814 INFO: --- End gradient diagnostics ---
2026-08-28 17:22:09.279 INFO:   Epoch energy decomposition (mean/atom): E_inter=0.4739 eV, E_QEq=-0.473557 eV
2026-08-28 17:23:01.699 INFO: Epoch 316: head: Default, loss=0.00133961, RMSE_E_per_atom=    2.76 meV, RMSE_F=   14.48 meV / A
2026-08-28 17:23:02.033 INFO: --- Gradient diagnostics (epoch 317, batch 0) ---
2026-08-28 17:23:02.033 INFO:   forces: pred_rms=0.1622 eV/Å, ref_rms=0.1590 eV/Å, err_rms=0.0174 eV/Å
2026-08-28 17:23:02.034 INFO:   energy/atom: pred_mean=-2.9940 eV, ref_mean=-2.9940 eV, err_mean=0.0026 eV
2026-08-28 17:23:02.034 INFO:   energy decomposition (mean/atom): E_inter=0.4530 eV, E_QEq=-0.449814 eV
2026-08-28 17:23:02.037 INFO:   QEq charges per element: Z=8: mean=-0.3043, std=nan, min=-0.3043, max=-0.3043 | Z=15: mean=-0.4770, std=nan, min=-0.4770, max=-0.4770 | Z=16: mean=-0.3531, std=nan, min=-0.3531, max=-0.3531 | Z=33: mean=-0.5011, std=nan, min=-0.5011, max=-0.5011 | Z=35: mean=0.0988, std=0.2393, min=-0.2724, max=0.3302 | Z=52: mean=-0.3754, std=0.1801, min=-0.5028, max=-0.2481 | Z=53: mean=-0.1192, std=0.2285, min=-0.3556, max=0.3027 | Z=55: mean=0.0235, std=0.3849, min=-0.4135, max=0.5019 | Z=82: mean=-0.0570, std=0.3462, min=-0.4810, max=0.3162
2026-08-28 17:23:02.038 INFO:   Top-10 param grad norms:
2026-08-28 17:23:02.038 INFO:     products.0.symmetric_contractions.weight: 0.112499
2026-08-28 17:23:02.038 INFO:     interactions.0.linear.weight: 0.087570
2026-08-28 17:23:02.038 INFO:     interactions.1.linear.weight: 0.082125
2026-08-28 17:23:02.039 INFO:     products.1.symmetric_contractions.weight: 0.061203
2026-08-28 17:23:02.039 INFO:     products.0.linear.weight: 0.057036
2026-08-28 17:23:02.039 INFO:     products.1.linear.weight: 0.040896
2026-08-28 17:23:02.039 INFO:     interactions.0.conv_tp_weights.layer0.weight: 0.039083
2026-08-28 17:23:02.039 INFO:     charge_embedding.weight: 0.030618
2026-08-28 17:23:02.039 INFO:     interactions.0.conv_tp_weights.layer3.weight: 0.022050
2026-08-28 17:23:02.039 INFO:     interactions.0.linear_up.weight: 0.020041
2026-08-28 17:23:02.039 INFO:   All parameters have nonzero gradients ✓
2026-08-28 17:23:02.039 INFO:   Total grad norm (before clip): 0.2012
2026-08-28 17:23:02.039 INFO: --- End gradient diagnostics ---
2026-08-28 17:34:47.578 INFO:   Epoch energy decomposition (mean/atom): E_inter=0.4737 eV, E_QEq=-0.473363 eV
2026-08-28 17:35:40.393 INFO: Epoch 317: head: Default, loss=0.00135092, RMSE_E_per_atom=    2.77 meV, RMSE_F=   14.54 meV / A
2026-08-28 17:35:40.524 INFO: --- Gradient diagnostics (epoch 318, batch 0) ---
2026-08-28 17:35:40.524 INFO:   forces: pred_rms=0.0328 eV/Å, ref_rms=0.0303 eV/Å, err_rms=0.0113 eV/Å
2026-08-28 17:35:40.524 INFO:   energy/atom: pred_mean=-3.0101 eV, ref_mean=-3.0077 eV, err_mean=0.0036 eV
2026-08-28 17:35:40.525 INFO:   energy decomposition (mean/atom): E_inter=0.4000 eV, E_QEq=-0.406266 eV
2026-08-28 17:35:40.527 INFO:   QEq charges per element: Z=7: mean=-0.0677, std=nan, min=-0.0677, max=-0.0677 | Z=8: mean=-0.0422, std=nan, min=-0.0422, max=-0.0422 | Z=16: mean=-0.1190, std=nan, min=-0.1190, max=-0.1190 | Z=33: mean=-0.8538, std=nan, min=-0.8538, max=-0.8538 | Z=35: mean=-0.0708, std=0.2435, min=-0.3246, max=0.3048 | Z=52: mean=-0.2859, std=nan, min=-0.2859, max=-0.2859 | Z=53: mean=-0.2497, std=0.0194, min=-0.2776, max=-0.0490 | Z=55: mean=0.2354, std=0.3008, min=-0.4064, max=0.4389 | Z=82: mean=0.1553, std=0.2794, min=-0.4359, max=0.3410
2026-08-28 17:35:40.529 INFO:   Top-10 param grad norms:
2026-08-28 17:35:40.529 INFO:     products.0.symmetric_contractions.weight: 0.112933
2026-08-28 17:35:40.529 INFO:     interactions.0.linear.weight: 0.084992
2026-08-28 17:35:40.529 INFO:     interactions.0.conv_tp_weights.layer0.weight: 0.063550
2026-08-28 17:35:40.529 INFO:     products.0.linear.weight: 0.062165
2026-08-28 17:35:40.529 INFO:     interactions.1.linear.weight: 0.058859
2026-08-28 17:35:40.529 INFO:     products.1.linear.weight: 0.047083
2026-08-28 17:35:40.529 INFO:     products.1.symmetric_contractions.weight: 0.035823
2026-08-28 17:35:40.529 INFO:     charge_embedding.weight: 0.034118
2026-08-28 17:35:40.529 INFO:     interactions.0.conv_tp_weights.layer1.weight: 0.025747
2026-08-28 17:35:40.529 INFO:     interactions.0.conv_tp_weights.layer3.weight: 0.025263
2026-08-28 17:35:40.529 INFO:   All parameters have nonzero gradients ✓
2026-08-28 17:35:40.529 INFO:   Total grad norm (before clip): 0.2005
2026-08-28 17:35:40.530 INFO: --- End gradient diagnostics ---
2026-08-28 17:47:16.524 INFO:   Epoch energy decomposition (mean/atom): E_inter=0.4739 eV, E_QEq=-0.473580 eV
2026-08-28 17:48:10.995 INFO: Epoch 318: head: Default, loss=0.00134437, RMSE_E_per_atom=    2.76 meV, RMSE_F=   14.51 meV / A
2026-08-28 17:48:11.130 INFO: --- Gradient diagnostics (epoch 319, batch 0) ---
2026-08-28 17:48:11.131 INFO:   forces: pred_rms=0.3340 eV/Å, ref_rms=0.3343 eV/Å, err_rms=0.0208 eV/Å
2026-08-28 17:48:11.131 INFO:   energy/atom: pred_mean=-2.9258 eV, ref_mean=-2.9245 eV, err_mean=0.0024 eV
2026-08-28 17:48:11.131 INFO:   energy decomposition (mean/atom): E_inter=0.4689 eV, E_QEq=-0.431568 eV
2026-08-28 17:48:11.133 INFO:   QEq charges per element: Z=7: mean=-0.4800, std=nan, min=-0.4800, max=-0.4800 | Z=15: mean=-0.0629, std=0.1301, min=-0.2086, max=0.0417 | Z=35: mean=-0.1471, std=0.2086, min=-0.3498, max=0.2942 | Z=52: mean=0.0680, std=0.0999, min=-0.0027, max=0.1387 | Z=53: mean=0.0589, std=0.2483, min=-0.3303, max=0.3673 | Z=55: mean=0.0841, std=0.3756, min=-0.4121, max=0.4283 | Z=82: mean=0.0205, std=0.3406, min=-0.4570, max=0.4075
2026-08-28 17:48:11.135 INFO:   Top-10 param grad norms:
2026-08-28 17:48:11.135 INFO:     products.0.symmetric_contractions.weight: 0.143970
2026-08-28 17:48:11.135 INFO:     interactions.1.linear.weight: 0.119609
2026-08-28 17:48:11.135 INFO:     interactions.0.linear.weight: 0.093812
2026-08-28 17:48:11.135 INFO:     interactions.0.conv_tp_weights.layer0.weight: 0.086552
2026-08-28 17:48:11.135 INFO:     products.1.symmetric_contractions.weight: 0.081082
2026-08-28 17:48:11.135 INFO:     products.0.linear.weight: 0.080015
2026-08-28 17:48:11.135 INFO:     products.1.linear.weight: 0.053071
2026-08-28 17:48:11.136 INFO:     interactions.0.conv_tp_weights.layer1.weight: 0.029827
2026-08-28 17:48:11.136 INFO:     charge_embedding.weight: 0.022254
2026-08-28 17:48:11.136 INFO:     interactions.0.conv_tp_weights.layer3.weight: 0.020409
2026-08-28 17:48:11.136 INFO:   All parameters have nonzero gradients ✓
2026-08-28 17:48:11.136 INFO:   Total grad norm (before clip): 0.2667
2026-08-28 17:48:11.136 INFO: --- End gradient diagnostics ---
2026-08-28 18:00:00.199 INFO:   Epoch energy decomposition (mean/atom): E_inter=0.4742 eV, E_QEq=-0.473881 eV
2026-08-28 18:00:59.046 INFO: Epoch 319: head: Default, loss=0.00134394, RMSE_E_per_atom=    2.76 meV, RMSE_F=   14.51 meV / A
2026-08-28 18:00:59.204 INFO: --- Gradient diagnostics (epoch 320, batch 0) ---
2026-08-28 18:00:59.204 INFO:   forces: pred_rms=0.0590 eV/Å, ref_rms=0.0577 eV/Å, err_rms=0.0119 eV/Å
2026-08-28 18:00:59.205 INFO:   energy/atom: pred_mean=-3.1040 eV, ref_mean=-3.1067 eV, err_mean=0.0028 eV
2026-08-28 18:00:59.205 INFO:   energy decomposition (mean/atom): E_inter=0.4669 eV, E_QEq=-0.490072 eV
2026-08-28 18:00:59.207 INFO:   QEq charges per element: Z=7: mean=-0.2707, std=nan, min=-0.2707, max=-0.2707 | Z=15: mean=-0.2828, std=nan, min=-0.2828, max=-0.2828 | Z=16: mean=-0.3593, std=0.1503, min=-0.4656, max=-0.2531 | Z=33: mean=-0.1690, std=0.2234, min=-0.3523, max=0.0798 | Z=35: mean=0.0771, std=0.2546, min=-0.3439, max=0.3615 | Z=53: mean=0.0201, std=0.2690, min=-0.2554, max=0.3168 | Z=55: mean=-0.0473, std=0.3604, min=-0.3796, max=0.4946 | Z=82: mean=-0.1214, std=0.3389, min=-0.4395, max=0.3466
2026-08-28 18:00:59.209 INFO:   Top-10 param grad norms:
2026-08-28 18:00:59.209 INFO:     products.0.symmetric_contractions.weight: 0.090842
2026-08-28 18:00:59.209 INFO:     interactions.1.linear.weight: 0.073107
2026-08-28 18:00:59.209 INFO:     interactions.0.linear.weight: 0.064959
2026-08-28 18:00:59.209 INFO:     products.1.symmetric_contractions.weight: 0.055238
2026-08-28 18:00:59.209 INFO:     products.0.linear.weight: 0.054744
2026-08-28 18:00:59.209 INFO:     products.1.linear.weight: 0.045168
2026-08-28 18:00:59.209 INFO:     interactions.0.conv_tp_weights.layer0.weight: 0.027055
2026-08-28 18:00:59.209 INFO:     charge_embedding.weight: 0.023742
2026-08-28 18:00:59.209 INFO:     chi_readouts.0.linear.weight: 0.019490
2026-08-28 18:00:59.209 INFO:     chi_readouts.1.linear_2.weight: 0.018174
2026-08-28 18:00:59.209 INFO:   All parameters have nonzero gradients ✓
2026-08-28 18:00:59.210 INFO:   Total grad norm (before clip): 0.1726
2026-08-28 18:00:59.210 INFO: --- End gradient diagnostics ---
2026-08-28 18:12:33.000 INFO:   Epoch energy decomposition (mean/atom): E_inter=0.4743 eV, E_QEq=-0.473941 eV
2026-08-28 18:13:23.277 INFO: Epoch 320: head: Default, loss=0.00134340, RMSE_E_per_atom=    2.75 meV, RMSE_F=   14.50 meV / A
2026-08-28 18:13:23.410 INFO: --- Gradient diagnostics (epoch 321, batch 0) ---
2026-08-28 18:13:23.411 INFO:   forces: pred_rms=0.2498 eV/Å, ref_rms=0.2483 eV/Å, err_rms=0.0157 eV/Å
2026-08-28 18:13:23.411 INFO:   energy/atom: pred_mean=-2.9721 eV, ref_mean=-2.9724 eV, err_mean=0.0014 eV
2026-08-28 18:13:23.411 INFO:   energy decomposition (mean/atom): E_inter=0.4730 eV, E_QEq=-0.468433 eV
2026-08-28 18:13:23.414 INFO:   QEq charges per element: Z=7: mean=-0.3627, std=0.2902, min=-0.5679, max=-0.1575 | Z=8: mean=-0.3110, std=nan, min=-0.3110, max=-0.3110 | Z=15: mean=-0.1446, std=nan, min=-0.1446, max=-0.1446 | Z=16: mean=-0.0717, std=nan, min=-0.0717, max=-0.0717 | Z=33: mean=-0.3082, std=nan, min=-0.3082, max=-0.3082 | Z=34: mean=0.0145, std=nan, min=0.0145, max=0.0145 | Z=35: mean=0.1632, std=0.2045, min=-0.2527, max=0.3783 | Z=52: mean=-0.0977, std=nan, min=-0.0977, max=-0.0977 | Z=53: mean=-0.0345, std=0.2591, min=-0.3797, max=0.3201 | Z=55: mean=-0.0570, std=0.3698, min=-0.3928, max=0.4426 | Z=82: mean=-0.1153, std=0.3349, min=-0.4639, max=0.3204
2026-08-28 18:13:23.416 INFO:   Top-10 param grad norms:
2026-08-28 18:13:23.416 INFO:     products.0.symmetric_contractions.weight: 0.139280
2026-08-28 18:13:23.416 INFO:     interactions.0.conv_tp_weights.layer0.weight: 0.115167
2026-08-28 18:13:23.416 INFO:     interactions.0.linear.weight: 0.095774
2026-08-28 18:13:23.416 INFO:     interactions.1.linear.weight: 0.094279
2026-08-28 18:13:23.416 INFO:     products.1.symmetric_contractions.weight: 0.079728
2026-08-28 18:13:23.417 INFO:     products.0.linear.weight: 0.059189
2026-08-28 18:13:23.417 INFO:     interactions.0.conv_tp_weights.layer1.weight: 0.041933
2026-08-28 18:13:23.417 INFO:     products.1.linear.weight: 0.030324
2026-08-28 18:13:23.417 INFO:     interactions.0.conv_tp_weights.layer2.weight: 0.026907
2026-08-28 18:13:23.417 INFO:     charge_embedding.weight: 0.025681
2026-08-28 18:13:23.417 INFO:   All parameters have nonzero gradients ✓
2026-08-28 18:13:23.417 INFO:   Total grad norm (before clip): 0.2581
2026-08-28 18:13:23.417 INFO: --- End gradient diagnostics ---
2026-08-28 18:25:00.117 INFO:   Epoch energy decomposition (mean/atom): E_inter=0.4744 eV, E_QEq=-0.474034 eV
2026-08-28 18:25:53.093 INFO: Epoch 321: head: Default, loss=0.00134277, RMSE_E_per_atom=    2.75 meV, RMSE_F=   14.50 meV / A
2026-08-28 18:25:53.246 INFO: --- Gradient diagnostics (epoch 322, batch 0) ---
2026-08-28 18:25:53.246 INFO:   forces: pred_rms=0.0239 eV/Å, ref_rms=0.0209 eV/Å, err_rms=0.0105 eV/Å
2026-08-28 18:25:53.247 INFO:   energy/atom: pred_mean=-2.8944 eV, ref_mean=-2.8964 eV, err_mean=0.0022 eV
2026-08-28 18:25:53.247 INFO:   energy decomposition (mean/atom): E_inter=0.4276 eV, E_QEq=-0.456406 eV
2026-08-28 18:25:53.250 INFO:   QEq charges per element: Z=7: mean=0.0815, std=nan, min=0.0815, max=0.0815 | Z=15: mean=-0.5574, std=0.1513, min=-0.6963, max=-0.3962 | Z=16: mean=-0.2843, std=nan, min=-0.2843, max=-0.2843 | Z=33: mean=-0.2763, std=nan, min=-0.2763, max=-0.2763 | Z=35: mean=0.0029, std=0.2511, min=-0.2635, max=0.2719 | Z=53: mean=0.0172, std=0.2662, min=-0.2929, max=0.3296 | Z=55: mean=0.0150, std=0.3767, min=-0.3783, max=0.4388 | Z=82: mean=-0.0446, std=0.3419, min=-0.4354, max=0.3326
2026-08-28 18:25:53.251 INFO:   Top-10 param grad norms:
2026-08-28 18:25:53.251 INFO:     products.0.symmetric_contractions.weight: 0.054336
2026-08-28 18:25:53.251 INFO:     interactions.1.linear.weight: 0.048182
2026-08-28 18:25:53.251 INFO:     interactions.0.linear.weight: 0.044258
2026-08-28 18:25:53.251 INFO:     products.1.symmetric_contractions.weight: 0.041179
2026-08-28 18:25:53.251 INFO:     products.0.linear.weight: 0.038320
2026-08-28 18:25:53.252 INFO:     products.1.linear.weight: 0.029871
2026-08-28 18:25:53.252 INFO:     interactions.0.conv_tp_weights.layer0.weight: 0.021737
2026-08-28 18:25:53.252 INFO:     interactions.0.conv_tp_weights.layer3.weight: 0.016082
2026-08-28 18:25:53.252 INFO:     chi_readouts.1.linear_2.weight: 0.013734
2026-08-28 18:25:53.252 INFO:     charge_embedding.weight: 0.013327
2026-08-28 18:25:53.252 INFO:   All parameters have nonzero gradients ✓
2026-08-28 18:25:53.252 INFO:   Total grad norm (before clip): 0.1164
2026-08-28 18:25:53.252 INFO: --- End gradient diagnostics ---
2026-08-28 18:37:39.122 INFO:   Epoch energy decomposition (mean/atom): E_inter=0.4748 eV, E_QEq=-0.474425 eV
2026-08-28 18:38:32.092 INFO: Epoch 322: head: Default, loss=0.00134153, RMSE_E_per_atom=    2.76 meV, RMSE_F=   14.49 meV / A
2026-08-28 18:38:32.236 INFO: --- Gradient diagnostics (epoch 323, batch 0) ---
2026-08-28 18:38:32.237 INFO:   forces: pred_rms=0.1388 eV/Å, ref_rms=0.1350 eV/Å, err_rms=0.0167 eV/Å
2026-08-28 18:38:32.237 INFO:   energy/atom: pred_mean=-2.9507 eV, ref_mean=-2.9514 eV, err_mean=0.0028 eV
2026-08-28 18:38:32.237 INFO:   energy decomposition (mean/atom): E_inter=0.4432 eV, E_QEq=-0.457677 eV
2026-08-28 18:38:32.240 INFO:   QEq charges per element: Z=7: mean=-0.1884, std=0.3901, min=-0.5923, max=0.1861 | Z=9: mean=-0.0285, std=0.6188, min=-0.4661, max=0.4091 | Z=17: mean=-0.3833, std=0.0378, min=-0.4100, max=-0.3566 | Z=34: mean=-0.3737, std=nan, min=-0.3737, max=-0.3737 | Z=35: mean=-0.1191, std=0.2215, min=-0.2919, max=0.2998 | Z=53: mean=0.1005, std=0.2489, min=-0.3380, max=0.3448 | Z=55: mean=0.0057, std=0.3804, min=-0.4174, max=0.4497 | Z=82: mean=-0.0412, std=0.3477, min=-0.4795, max=0.3911
2026-08-28 18:38:32.241 INFO:   Top-10 param grad norms:
2026-08-28 18:38:32.241 INFO:     products.0.symmetric_contractions.weight: 0.092805
2026-08-28 18:38:32.242 INFO:     interactions.1.linear.weight: 0.083461
2026-08-28 18:38:32.242 INFO:     products.1.symmetric_contractions.weight: 0.070808
2026-08-28 18:38:32.243 INFO:     interactions.0.linear.weight: 0.069078
2026-08-28 18:38:32.243 INFO:     interactions.0.conv_tp_weights.layer0.weight: 0.068275
2026-08-28 18:38:32.243 INFO:     products.0.linear.weight: 0.052625
2026-08-28 18:38:32.243 INFO:     products.1.linear.weight: 0.032750
2026-08-28 18:38:32.243 INFO:     interactions.0.conv_tp_weights.layer1.weight: 0.027479
2026-08-28 18:38:32.243 INFO:     interactions.0.conv_tp_weights.layer2.weight: 0.019350
2026-08-28 18:38:32.243 INFO:     charge_embedding.weight: 0.018736
2026-08-28 18:38:32.243 INFO:   All parameters have nonzero gradients ✓
2026-08-28 18:38:32.243 INFO:   Total grad norm (before clip): 0.1912
2026-08-28 18:38:32.243 INFO: --- End gradient diagnostics ---
2026-08-28 18:50:17.247 INFO:   Epoch energy decomposition (mean/atom): E_inter=0.4746 eV, E_QEq=-0.474310 eV
2026-08-28 18:51:10.662 INFO: Epoch 323: head: Default, loss=0.00133425, RMSE_E_per_atom=    2.77 meV, RMSE_F=   14.45 meV / A
2026-08-28 18:51:10.835 INFO: --- Gradient diagnostics (epoch 324, batch 0) ---
2026-08-28 18:51:10.836 INFO:   forces: pred_rms=0.0820 eV/Å, ref_rms=0.0794 eV/Å, err_rms=0.0137 eV/Å
2026-08-28 18:51:10.836 INFO:   energy/atom: pred_mean=-2.8208 eV, ref_mean=-2.8216 eV, err_mean=0.0011 eV
2026-08-28 18:51:10.836 INFO:   energy decomposition (mean/atom): E_inter=0.4539 eV, E_QEq=-0.482026 eV
2026-08-28 18:51:10.838 INFO:   QEq charges per element: Z=7: mean=-0.3324, std=0.0833, min=-0.3913, max=-0.2735 | Z=16: mean=-0.2248, std=nan, min=-0.2248, max=-0.2248 | Z=17: mean=-0.3690, std=nan, min=-0.3690, max=-0.3690 | Z=33: mean=-0.3529, std=0.0495, min=-0.3879, max=-0.3179 | Z=52: mean=-0.2826, std=nan, min=-0.2826, max=-0.2826 | Z=53: mean=0.0721, std=0.2639, min=-0.3041, max=0.3308 | Z=55: mean=-0.0665, std=0.3653, min=-0.4079, max=0.4279 | Z=82: mean=-0.1180, std=0.3413, min=-0.5118, max=0.3666
2026-08-28 18:51:10.840 INFO:   Top-10 param grad norms:
2026-08-28 18:51:10.840 INFO:     interactions.1.linear.weight: 0.038770
2026-08-28 18:51:10.840 INFO:     products.0.symmetric_contractions.weight: 0.037293
2026-08-28 18:51:10.840 INFO:     interactions.0.conv_tp_weights.layer0.weight: 0.031943
2026-08-28 18:51:10.840 INFO:     products.1.symmetric_contractions.weight: 0.030213
2026-08-28 18:51:10.840 INFO:     interactions.0.linear.weight: 0.027034
2026-08-28 18:51:10.840 INFO:     products.0.linear.weight: 0.023038
2026-08-28 18:51:10.840 INFO:     products.1.linear.weight: 0.015774
2026-08-28 18:51:10.840 INFO:     charge_embedding.weight: 0.010544
2026-08-28 18:51:10.841 INFO:     interactions.0.conv_tp_weights.layer1.weight: 0.010337
2026-08-28 18:51:10.841 INFO:     chi_readouts.0.linear.weight: 0.007076
2026-08-28 18:51:10.841 INFO:   All parameters have nonzero gradients ✓
2026-08-28 18:51:10.841 INFO:   Total grad norm (before clip): 0.0833
2026-08-28 18:51:10.841 INFO: --- End gradient diagnostics ---
2026-08-28 19:02:56.554 INFO:   Epoch energy decomposition (mean/atom): E_inter=0.4746 eV, E_QEq=-0.474295 eV
2026-08-28 19:03:51.201 INFO: Epoch 324: head: Default, loss=0.00134000, RMSE_E_per_atom=    2.76 meV, RMSE_F=   14.49 meV / A
2026-08-28 19:03:51.352 INFO: --- Gradient diagnostics (epoch 325, batch 0) ---
2026-08-28 19:03:51.353 INFO:   forces: pred_rms=0.0875 eV/Å, ref_rms=0.0877 eV/Å, err_rms=0.0135 eV/Å
2026-08-28 19:03:51.353 INFO:   energy/atom: pred_mean=-3.0537 eV, ref_mean=-3.0552 eV, err_mean=0.0024 eV
2026-08-28 19:03:51.353 INFO:   energy decomposition (mean/atom): E_inter=0.4509 eV, E_QEq=-0.460824 eV
2026-08-28 19:03:51.356 INFO:   QEq charges per element: Z=7: mean=-0.6012, std=nan, min=-0.6012, max=-0.6012 | Z=9: mean=-0.1303, std=0.7754, min=-0.6786, max=0.4180 | Z=17: mean=-0.1380, std=0.0631, min=-0.1826, max=-0.0934 | Z=33: mean=-0.0001, std=0.1615, min=-0.1143, max=0.1141 | Z=35: mean=0.1137, std=0.2361, min=-0.2956, max=0.2901 | Z=53: mean=-0.2419, std=0.0452, min=-0.3281, max=0.0932 | Z=55: mean=0.0163, std=0.3702, min=-0.3743, max=0.4495 | Z=82: mean=-0.0511, std=0.3502, min=-0.4486, max=0.3947
2026-08-28 19:03:51.357 INFO:   Top-10 param grad norms:
2026-08-28 19:03:51.357 INFO:     products.0.symmetric_contractions.weight: 0.083851
2026-08-28 19:03:51.357 INFO:     interactions.1.linear.weight: 0.071624
2026-08-28 19:03:51.357 INFO:     products.1.symmetric_contractions.weight: 0.067651
2026-08-28 19:03:51.358 INFO:     interactions.0.linear.weight: 0.059626
2026-08-28 19:03:51.358 INFO:     products.0.linear.weight: 0.050486
2026-08-28 19:03:51.358 INFO:     products.1.linear.weight: 0.044119
2026-08-28 19:03:51.358 INFO:     charge_embedding.weight: 0.019803
2026-08-28 19:03:51.358 INFO:     interactions.0.conv_tp_weights.layer0.weight: 0.015397
2026-08-28 19:03:51.358 INFO:     chi_readouts.1.linear_2.weight: 0.014510
2026-08-28 19:03:51.358 INFO:     interactions.0.conv_tp_weights.layer3.weight: 0.013706
2026-08-28 19:03:51.358 INFO:   All parameters have nonzero gradients ✓
2026-08-28 19:03:51.358 INFO:   Total grad norm (before clip): 0.1638
2026-08-28 19:03:51.358 INFO: --- End gradient diagnostics ---
2026-08-28 19:15:30.821 INFO:   Epoch energy decomposition (mean/atom): E_inter=0.4752 eV, E_QEq=-0.474852 eV
2026-08-28 19:16:24.099 INFO: Epoch 325: head: Default, loss=0.00135328, RMSE_E_per_atom=    2.76 meV, RMSE_F=   14.56 meV / A
2026-08-28 19:16:24.239 INFO: --- Gradient diagnostics (epoch 326, batch 0) ---
2026-08-28 19:16:24.239 INFO:   forces: pred_rms=0.2447 eV/Å, ref_rms=0.2448 eV/Å, err_rms=0.0161 eV/Å
2026-08-28 19:16:24.240 INFO:   energy/atom: pred_mean=-2.9378 eV, ref_mean=-2.9383 eV, err_mean=0.0028 eV
2026-08-28 19:16:24.240 INFO:   energy decomposition (mean/atom): E_inter=0.4429 eV, E_QEq=-0.422459 eV
2026-08-28 19:16:24.242 INFO:   QEq charges per element: Z=7: mean=-0.4584, std=nan, min=-0.4584, max=-0.4584 | Z=15: mean=-0.4717, std=nan, min=-0.4717, max=-0.4717 | Z=16: mean=-0.4402, std=0.0374, min=-0.4666, max=-0.4137 | Z=34: mean=-0.0284, std=0.3901, min=-0.3043, max=0.2474 | Z=35: mean=-0.0387, std=0.2555, min=-0.3121, max=0.3072 | Z=53: mean=-0.1493, std=0.2062, min=-0.3282, max=0.3844 | Z=55: mean=0.1577, std=0.3434, min=-0.4367, max=0.4439 | Z=82: mean=0.0896, std=0.3230, min=-0.5030, max=0.3606
2026-08-28 19:16:24.244 INFO:   Top-10 param grad norms:
2026-08-28 19:16:24.244 INFO:     interactions.0.conv_tp_weights.layer0.weight: 0.175226
2026-08-28 19:16:24.244 INFO:     products.0.symmetric_contractions.weight: 0.150975
2026-08-28 19:16:24.244 INFO:     interactions.0.linear.weight: 0.132161
2026-08-28 19:16:24.244 INFO:     interactions.1.linear.weight: 0.106513
2026-08-28 19:16:24.244 INFO:     products.0.linear.weight: 0.083049
2026-08-28 19:16:24.244 INFO:     products.1.symmetric_contractions.weight: 0.070450
2026-08-28 19:16:24.244 INFO:     interactions.0.conv_tp_weights.layer1.weight: 0.065203
2026-08-28 19:16:24.244 INFO:     products.1.linear.weight: 0.053015
2026-08-28 19:16:24.245 INFO:     interactions.0.conv_tp_weights.layer2.weight: 0.044937
2026-08-28 19:16:24.245 INFO:     charge_embedding.weight: 0.038282
2026-08-28 19:16:24.245 INFO:   All parameters have nonzero gradients ✓
2026-08-28 19:16:24.245 INFO:   Total grad norm (before clip): 0.3290
2026-08-28 19:16:24.245 INFO: --- End gradient diagnostics ---
2026-08-28 19:28:22.200 INFO:   Epoch energy decomposition (mean/atom): E_inter=0.4752 eV, E_QEq=-0.474851 eV
2026-08-28 19:29:14.403 INFO: Epoch 326: head: Default, loss=0.00133127, RMSE_E_per_atom=    2.76 meV, RMSE_F=   14.44 meV / A
2026-08-28 19:29:14.578 INFO: --- Gradient diagnostics (epoch 327, batch 0) ---
2026-08-28 19:29:14.579 INFO:   forces: pred_rms=0.0847 eV/Å, ref_rms=0.0832 eV/Å, err_rms=0.0121 eV/Å
2026-08-28 19:29:14.579 INFO:   energy/atom: pred_mean=-3.0704 eV, ref_mean=-3.0716 eV, err_mean=0.0016 eV
2026-08-28 19:29:14.579 INFO:   energy decomposition (mean/atom): E_inter=0.4549 eV, E_QEq=-0.476236 eV
2026-08-28 19:29:14.582 INFO:   QEq charges per element: Z=7: mean=-0.3532, std=0.3412, min=-0.5944, max=-0.1119 | Z=9: mean=0.4227, std=0.0462, min=0.3900, max=0.4553 | Z=16: mean=-0.3122, std=nan, min=-0.3122, max=-0.3122 | Z=33: mean=-0.0272, std=nan, min=-0.0272, max=-0.0272 | Z=34: mean=-0.4778, std=nan, min=-0.4778, max=-0.4778 | Z=35: mean=-0.1014, std=0.2332, min=-0.3007, max=0.2977 | Z=52: mean=-0.3986, std=nan, min=-0.3986, max=-0.3986 | Z=53: mean=0.2775, std=0.0248, min=0.0876, max=0.3322 | Z=55: mean=-0.0104, std=0.3695, min=-0.4436, max=0.4360 | Z=82: mean=-0.0422, std=0.3538, min=-0.4452, max=0.3597
2026-08-28 19:29:14.583 INFO:   Top-10 param grad norms:
2026-08-28 19:29:14.583 INFO:     products.0.symmetric_contractions.weight: 0.061031
2026-08-28 19:29:14.583 INFO:     interactions.0.linear.weight: 0.050164
2026-08-28 19:29:14.583 INFO:     interactions.0.conv_tp_weights.layer0.weight: 0.045292
2026-08-28 19:29:14.584 INFO:     interactions.1.linear.weight: 0.039216
2026-08-28 19:29:14.584 INFO:     products.0.linear.weight: 0.038709
2026-08-28 19:29:14.584 INFO:     products.1.symmetric_contractions.weight: 0.034030
2026-08-28 19:29:14.584 INFO:     products.1.linear.weight: 0.017986
2026-08-28 19:29:14.584 INFO:     interactions.0.conv_tp_weights.layer1.weight: 0.017554
2026-08-28 19:29:14.584 INFO:     interactions.0.conv_tp_weights.layer2.weight: 0.012534
2026-08-28 19:29:14.584 INFO:     interactions.0.conv_tp_weights.layer3.weight: 0.012333
2026-08-28 19:29:14.584 INFO:   All parameters have nonzero gradients ✓
2026-08-28 19:29:14.584 INFO:   Total grad norm (before clip): 0.1186
2026-08-28 19:29:14.584 INFO: --- End gradient diagnostics ---
2026-08-28 19:40:54.302 INFO:   Epoch energy decomposition (mean/atom): E_inter=0.4752 eV, E_QEq=-0.474900 eV
2026-08-28 19:41:46.783 INFO: Epoch 327: head: Default, loss=0.00135567, RMSE_E_per_atom=    2.76 meV, RMSE_F=   14.57 meV / A
2026-08-28 19:41:46.920 INFO: --- Gradient diagnostics (epoch 328, batch 0) ---
2026-08-28 19:41:46.920 INFO:   forces: pred_rms=0.0769 eV/Å, ref_rms=0.0765 eV/Å, err_rms=0.0117 eV/Å
2026-08-28 19:41:46.921 INFO:   energy/atom: pred_mean=-3.0718 eV, ref_mean=-3.0718 eV, err_mean=0.0012 eV
2026-08-28 19:41:46.921 INFO:   energy decomposition (mean/atom): E_inter=0.4633 eV, E_QEq=-0.486361 eV
2026-08-28 19:41:46.924 INFO:   QEq charges per element: Z=7: mean=-0.1048, std=0.0791, min=-0.1607, max=-0.0488 | Z=8: mean=-0.1266, std=nan, min=-0.1266, max=-0.1266 | Z=15: mean=0.0503, std=nan, min=0.0503, max=0.0503 | Z=17: mean=-0.3157, std=nan, min=-0.3157, max=-0.3157 | Z=33: mean=-0.3133, std=0.1098, min=-0.4397, max=-0.2418 | Z=34: mean=-0.3078, std=nan, min=-0.3078, max=-0.3078 | Z=35: mean=0.0513, std=0.2534, min=-0.2633, max=0.3023 | Z=52: mean=-0.0226, std=nan, min=-0.0226, max=-0.0226 | Z=53: mean=0.1033, std=0.2492, min=-0.3018, max=0.3399 | Z=55: mean=-0.0574, std=0.3684, min=-0.4015, max=0.4336 | Z=82: mean=-0.1206, std=0.3351, min=-0.4640, max=0.3331
2026-08-28 19:41:46.925 INFO:   Top-10 param grad norms:
2026-08-28 19:41:46.925 INFO:     products.0.symmetric_contractions.weight: 0.052201
2026-08-28 19:41:46.925 INFO:     interactions.1.linear.weight: 0.043064
2026-08-28 19:41:46.926 INFO:     products.1.symmetric_contractions.weight: 0.037296
2026-08-28 19:41:46.926 INFO:     interactions.0.conv_tp_weights.layer0.weight: 0.031673
2026-08-28 19:41:46.926 INFO:     interactions.0.linear.weight: 0.027207
2026-08-28 19:41:46.926 INFO:     products.0.linear.weight: 0.024878
2026-08-28 19:41:46.926 INFO:     products.1.linear.weight: 0.015061
2026-08-28 19:41:46.926 INFO:     interactions.0.conv_tp_weights.layer1.weight: 0.010736
2026-08-28 19:41:46.926 INFO:     charge_embedding.weight: 0.007696
2026-08-28 19:41:46.926 INFO:     interactions.0.conv_tp_weights.layer2.weight: 0.007094
2026-08-28 19:41:46.926 INFO:   All parameters have nonzero gradients ✓
2026-08-28 19:41:46.926 INFO:   Total grad norm (before clip): 0.0949
2026-08-28 19:41:46.926 INFO: --- End gradient diagnostics ---
2026-08-28 19:53:32.352 INFO:   Epoch energy decomposition (mean/atom): E_inter=0.4754 eV, E_QEq=-0.475118 eV
2026-08-28 19:54:24.352 INFO: Epoch 328: head: Default, loss=0.00132666, RMSE_E_per_atom=    2.77 meV, RMSE_F=   14.41 meV / A
2026-08-28 19:54:24.538 INFO: --- Gradient diagnostics (epoch 329, batch 0) ---
2026-08-28 19:54:24.538 INFO:   forces: pred_rms=0.1020 eV/Å, ref_rms=0.1012 eV/Å, err_rms=0.0141 eV/Å
2026-08-28 19:54:24.539 INFO:   energy/atom: pred_mean=-3.0337 eV, ref_mean=-3.0329 eV, err_mean=0.0037 eV
2026-08-28 19:54:24.539 INFO:   energy decomposition (mean/atom): E_inter=0.4882 eV, E_QEq=-0.514611 eV
2026-08-28 19:54:24.541 INFO:   QEq charges per element: Z=7: mean=-0.2136, std=nan, min=-0.2136, max=-0.2136 | Z=15: mean=-0.2558, std=nan, min=-0.2558, max=-0.2558 | Z=35: mean=0.1837, std=0.1908, min=-0.3189, max=0.3212 | Z=52: mean=-0.3742, std=0.1976, min=-0.5967, max=-0.2191 | Z=53: mean=0.1469, std=0.2283, min=-0.2902, max=0.3315 | Z=55: mean=-0.2006, std=0.2999, min=-0.3888, max=0.4273 | Z=82: mean=-0.2505, std=0.2680, min=-0.4598, max=0.3117
2026-08-28 19:54:24.542 INFO:   Top-10 param grad norms:
2026-08-28 19:54:24.542 INFO:     products.0.symmetric_contractions.weight: 0.063803
2026-08-28 19:54:24.543 INFO:     interactions.1.linear.weight: 0.062854
2026-08-28 19:54:24.543 INFO:     interactions.0.linear.weight: 0.047523
2026-08-28 19:54:24.543 INFO:     products.1.symmetric_contractions.weight: 0.041391
2026-08-28 19:54:24.543 INFO:     products.0.linear.weight: 0.037633
2026-08-28 19:54:24.543 INFO:     products.1.linear.weight: 0.035356
2026-08-28 19:54:24.543 INFO:     interactions.0.conv_tp_weights.layer0.weight: 0.029373
2026-08-28 19:54:24.543 INFO:     charge_embedding.weight: 0.020381
2026-08-28 19:54:24.543 INFO:     interactions.0.conv_tp_weights.layer1.weight: 0.013407
2026-08-28 19:54:24.543 INFO:     chi_readouts.1.linear_2.weight: 0.013196
2026-08-28 19:54:24.543 INFO:   All parameters have nonzero gradients ✓
2026-08-28 19:54:24.543 INFO:   Total grad norm (before clip): 0.1316
2026-08-28 19:54:24.543 INFO: --- End gradient diagnostics ---
2026-08-28 20:06:03.547 INFO:   Epoch energy decomposition (mean/atom): E_inter=0.4756 eV, E_QEq=-0.475245 eV
2026-08-28 20:06:56.198 INFO: Epoch 329: head: Default, loss=0.00133338, RMSE_E_per_atom=    2.76 meV, RMSE_F=   14.45 meV / A
2026-08-28 20:06:56.334 INFO: --- Gradient diagnostics (epoch 330, batch 0) ---
2026-08-28 20:06:56.335 INFO:   forces: pred_rms=0.1183 eV/Å, ref_rms=0.1182 eV/Å, err_rms=0.0157 eV/Å
2026-08-28 20:06:56.335 INFO:   energy/atom: pred_mean=-2.9678 eV, ref_mean=-2.9693 eV, err_mean=0.0028 eV
2026-08-28 20:06:56.335 INFO:   energy decomposition (mean/atom): E_inter=0.4532 eV, E_QEq=-0.449180 eV
2026-08-28 20:06:56.337 INFO:   QEq charges per element: Z=7: mean=-0.5485, std=0.1762, min=-0.6645, max=-0.3457 | Z=33: mean=-0.2484, std=nan, min=-0.2484, max=-0.2484 | Z=34: mean=-0.2515, std=nan, min=-0.2515, max=-0.2515 | Z=35: mean=-0.0462, std=0.2512, min=-0.3379, max=0.2873 | Z=52: mean=-0.1850, std=nan, min=-0.1850, max=-0.1850 | Z=53: mean=-0.0468, std=0.2621, min=-0.3069, max=0.3466 | Z=55: mean=0.0754, std=0.3541, min=-0.3839, max=0.4860 | Z=82: mean=0.0288, std=0.3433, min=-0.4317, max=0.3521
2026-08-28 20:06:56.339 INFO:   Top-10 param grad norms:
2026-08-28 20:06:56.339 INFO:     products.1.symmetric_contractions.weight: 0.099945
2026-08-28 20:06:56.339 INFO:     products.0.symmetric_contractions.weight: 0.093082
2026-08-28 20:06:56.339 INFO:     interactions.1.linear.weight: 0.082161
2026-08-28 20:06:56.339 INFO:     interactions.0.linear.weight: 0.066967
2026-08-28 20:06:56.339 INFO:     products.0.linear.weight: 0.044251
2026-08-28 20:06:56.339 INFO:     interactions.0.conv_tp_weights.layer0.weight: 0.039902
2026-08-28 20:06:56.339 INFO:     products.1.linear.weight: 0.030559
2026-08-28 20:06:56.339 INFO:     charge_embedding.weight: 0.021979
2026-08-28 20:06:56.339 INFO:     chi_readouts.1.linear_2.weight: 0.020231
2026-08-28 20:06:56.340 INFO:     interactions.0.conv_tp_weights.layer1.weight: 0.016477
2026-08-28 20:06:56.340 INFO:   All parameters have nonzero gradients ✓
2026-08-28 20:06:56.340 INFO:   Total grad norm (before clip): 0.1923
2026-08-28 20:06:56.340 INFO: --- End gradient diagnostics ---
2026-08-28 20:18:59.920 INFO:   Epoch energy decomposition (mean/atom): E_inter=0.4755 eV, E_QEq=-0.475157 eV
2026-08-28 20:19:56.255 INFO: Epoch 330: head: Default, loss=0.00132859, RMSE_E_per_atom=    2.75 meV, RMSE_F=   14.42 meV / A
2026-08-28 20:19:56.399 INFO: --- Gradient diagnostics (epoch 331, batch 0) ---
2026-08-28 20:19:56.399 INFO:   forces: pred_rms=0.2491 eV/Å, ref_rms=0.2466 eV/Å, err_rms=0.0194 eV/Å
2026-08-28 20:19:56.399 INFO:   energy/atom: pred_mean=-2.9103 eV, ref_mean=-2.9096 eV, err_mean=0.0021 eV
2026-08-28 20:19:56.400 INFO:   energy decomposition (mean/atom): E_inter=0.5051 eV, E_QEq=-0.486319 eV
2026-08-28 20:19:56.402 INFO:   QEq charges per element: Z=7: mean=-0.0155, std=0.1354, min=-0.1113, max=0.0802 | Z=15: mean=-0.2410, std=nan, min=-0.2410, max=-0.2410 | Z=16: mean=-0.3638, std=0.0049, min=-0.3673, max=-0.3604 | Z=17: mean=-0.2470, std=nan, min=-0.2470, max=-0.2470 | Z=33: mean=0.0990, std=nan, min=0.0990, max=0.0990 | Z=35: mean=0.2687, std=0.0230, min=0.1070, max=0.2967 | Z=53: mean=0.0082, std=0.2617, min=-0.3130, max=0.3694 | Z=55: mean=-0.1344, std=0.3456, min=-0.4196, max=0.4274 | Z=82: mean=-0.1835, std=0.3167, min=-0.4838, max=0.3640
2026-08-28 20:19:56.404 INFO:   Top-10 param grad norms:
2026-08-28 20:19:56.404 INFO:     interactions.1.linear.weight: 0.135879
2026-08-28 20:19:56.404 INFO:     interactions.0.conv_tp_weights.layer0.weight: 0.115367
2026-08-28 20:19:56.404 INFO:     products.0.symmetric_contractions.weight: 0.108823
2026-08-28 20:19:56.404 INFO:     interactions.0.linear.weight: 0.101190
2026-08-28 20:19:56.404 INFO:     products.1.symmetric_contractions.weight: 0.074362
2026-08-28 20:19:56.404 INFO:     products.0.linear.weight: 0.069204
2026-08-28 20:19:56.404 INFO:     interactions.0.conv_tp_weights.layer1.weight: 0.048498
2026-08-28 20:19:56.404 INFO:     products.1.linear.weight: 0.036933
2026-08-28 20:19:56.404 INFO:     interactions.0.conv_tp_weights.layer2.weight: 0.033977
2026-08-28 20:19:56.404 INFO:     charge_embedding.weight: 0.027711
2026-08-28 20:19:56.404 INFO:   All parameters have nonzero gradients ✓
2026-08-28 20:19:56.405 INFO:   Total grad norm (before clip): 0.2681
2026-08-28 20:19:56.405 INFO: --- End gradient diagnostics ---
2026-08-28 20:31:39.083 INFO:   Epoch energy decomposition (mean/atom): E_inter=0.4759 eV, E_QEq=-0.475555 eV
2026-08-28 20:32:32.744 INFO: Epoch 331: head: Default, loss=0.00133195, RMSE_E_per_atom=    2.77 meV, RMSE_F=   14.44 meV / A
2026-08-28 20:32:32.874 INFO: --- Gradient diagnostics (epoch 332, batch 0) ---
2026-08-28 20:32:32.875 INFO:   forces: pred_rms=0.1357 eV/Å, ref_rms=0.1359 eV/Å, err_rms=0.0137 eV/Å
2026-08-28 20:32:32.876 INFO:   energy/atom: pred_mean=-2.9345 eV, ref_mean=-2.9346 eV, err_mean=0.0010 eV
2026-08-28 20:32:32.876 INFO:   energy decomposition (mean/atom): E_inter=0.4518 eV, E_QEq=-0.455424 eV
2026-08-28 20:32:32.878 INFO:   QEq charges per element: Z=7: mean=-0.1075, std=0.0922, min=-0.2092, max=-0.0293 | Z=9: mean=-0.3682, std=nan, min=-0.3682, max=-0.3682 | Z=17: mean=-0.2804, std=nan, min=-0.2804, max=-0.2804 | Z=34: mean=-0.2059, std=nan, min=-0.2059, max=-0.2059 | Z=35: mean=-0.1205, std=0.2315, min=-0.3065, max=0.3196 | Z=53: mean=0.0985, std=0.2414, min=-0.3172, max=0.3695 | Z=55: mean=-0.0002, std=0.3720, min=-0.4146, max=0.4230 | Z=82: mean=-0.0381, std=0.3512, min=-0.4725, max=0.3766
2026-08-28 20:32:32.880 INFO:   Top-10 param grad norms:
2026-08-28 20:32:32.880 INFO:     products.0.symmetric_contractions.weight: 0.089727
2026-08-28 20:32:32.880 INFO:     interactions.1.linear.weight: 0.079471
2026-08-28 20:32:32.880 INFO:     products.1.symmetric_contractions.weight: 0.077856
2026-08-28 20:32:32.880 INFO:     interactions.0.linear.weight: 0.057582
2026-08-28 20:32:32.880 INFO:     products.0.linear.weight: 0.047334
2026-08-28 20:32:32.880 INFO:     interactions.0.conv_tp_weights.layer0.weight: 0.043310
2026-08-28 20:32:32.880 INFO:     products.1.linear.weight: 0.031140
2026-08-28 20:32:32.880 INFO:     charge_embedding.weight: 0.019006
2026-08-28 20:32:32.880 INFO:     interactions.0.conv_tp_weights.layer1.weight: 0.017996
2026-08-28 20:32:32.881 INFO:     interactions.0.conv_tp_weights.layer2.weight: 0.015055
2026-08-28 20:32:32.881 INFO:   All parameters have nonzero gradients ✓
2026-08-28 20:32:32.881 INFO:   Total grad norm (before clip): 0.1749
2026-08-28 20:32:32.881 INFO: --- End gradient diagnostics ---
2026-08-28 20:44:05.604 INFO:   Epoch energy decomposition (mean/atom): E_inter=0.4761 eV, E_QEq=-0.475806 eV
2026-08-28 20:44:58.500 INFO: Epoch 332: head: Default, loss=0.00132581, RMSE_E_per_atom=    2.74 meV, RMSE_F=   14.41 meV / A
2026-08-28 20:44:58.703 INFO: --- Gradient diagnostics (epoch 333, batch 0) ---
2026-08-28 20:44:58.704 INFO:   forces: pred_rms=0.0753 eV/Å, ref_rms=0.0716 eV/Å, err_rms=0.0141 eV/Å
2026-08-28 20:44:58.704 INFO:   energy/atom: pred_mean=-3.1253 eV, ref_mean=-3.1239 eV, err_mean=0.0023 eV
2026-08-28 20:44:58.704 INFO:   energy decomposition (mean/atom): E_inter=0.4574 eV, E_QEq=-0.471385 eV
2026-08-28 20:44:58.707 INFO:   QEq charges per element: Z=8: mean=0.2752, std=nan, min=0.2752, max=0.2752 | Z=15: mean=-0.5218, std=nan, min=-0.5218, max=-0.5218 | Z=33: mean=-0.0683, std=nan, min=-0.0683, max=-0.0683 | Z=34: mean=-0.3667, std=0.0859, min=-0.4940, max=-0.3146 | Z=35: mean=-0.0159, std=0.2543, min=-0.2637, max=0.3312 | Z=52: mean=0.2637, std=nan, min=0.2637, max=0.2637 | Z=53: mean=0.2732, std=0.0175, min=0.1804, max=0.3059 | Z=55: mean=0.0053, std=0.3736, min=-0.3922, max=0.4452 | Z=82: mean=-0.0534, std=0.3472, min=-0.4476, max=0.3280
2026-08-28 20:44:58.708 INFO:   Top-10 param grad norms:
2026-08-28 20:44:58.709 INFO:     products.0.symmetric_contractions.weight: 0.122759
2026-08-28 20:44:58.709 INFO:     interactions.1.linear.weight: 0.094938
2026-08-28 20:44:58.709 INFO:     interactions.0.linear.weight: 0.080131
2026-08-28 20:44:58.709 INFO:     products.1.symmetric_contractions.weight: 0.079554
2026-08-28 20:44:58.709 INFO:     products.0.linear.weight: 0.061304
2026-08-28 20:44:58.709 INFO:     products.1.linear.weight: 0.044286
2026-08-28 20:44:58.709 INFO:     interactions.0.conv_tp_weights.layer0.weight: 0.038102
2026-08-28 20:44:58.709 INFO:     charge_embedding.weight: 0.027532
2026-08-28 20:44:58.709 INFO:     interactions.0.conv_tp_weights.layer3.weight: 0.023775
2026-08-28 20:44:58.710 INFO:     interactions.0.conv_tp_weights.layer1.weight: 0.019387
2026-08-28 20:44:58.710 INFO:   All parameters have nonzero gradients ✓
2026-08-28 20:44:58.710 INFO:   Total grad norm (before clip): 0.2178
2026-08-28 20:44:58.710 INFO: --- End gradient diagnostics ---
2026-08-28 20:56:26.847 INFO:   Epoch energy decomposition (mean/atom): E_inter=0.4762 eV, E_QEq=-0.475880 eV
2026-08-28 20:57:18.305 INFO: Epoch 333: head: Default, loss=0.00133762, RMSE_E_per_atom=    2.75 meV, RMSE_F=   14.47 meV / A
2026-08-28 20:57:18.440 INFO: --- Gradient diagnostics (epoch 334, batch 0) ---
2026-08-28 20:57:18.441 INFO:   forces: pred_rms=0.1850 eV/Å, ref_rms=0.1833 eV/Å, err_rms=0.0168 eV/Å
2026-08-28 20:57:18.441 INFO:   energy/atom: pred_mean=-3.0379 eV, ref_mean=-3.0385 eV, err_mean=0.0032 eV
2026-08-28 20:57:18.441 INFO:   energy decomposition (mean/atom): E_inter=0.4777 eV, E_QEq=-0.467218 eV
2026-08-28 20:57:18.443 INFO:   QEq charges per element: Z=8: mean=-0.1767, std=0.1008, min=-0.2480, max=-0.1054 | Z=15: mean=-0.1651, std=0.2860, min=-0.4890, max=0.0526 | Z=16: mean=-0.3264, std=nan, min=-0.3264, max=-0.3264 | Z=35: mean=-0.0302, std=0.2604, min=-0.3434, max=0.3989 | Z=53: mean=0.1057, std=0.2493, min=-0.2631, max=0.3312 | Z=55: mean=-0.0138, std=0.3621, min=-0.4081, max=0.3943 | Z=82: mean=-0.0462, std=0.3584, min=-0.4992, max=0.3829
2026-08-28 20:57:18.445 INFO:   Top-10 param grad norms:
2026-08-28 20:57:18.445 INFO:     products.0.symmetric_contractions.weight: 0.115064
2026-08-28 20:57:18.445 INFO:     interactions.1.linear.weight: 0.082322
2026-08-28 20:57:18.445 INFO:     interactions.0.linear.weight: 0.073374
2026-08-28 20:57:18.445 INFO:     products.1.symmetric_contractions.weight: 0.062790
2026-08-28 20:57:18.445 INFO:     products.0.linear.weight: 0.056677
2026-08-28 20:57:18.445 INFO:     products.1.linear.weight: 0.032848
2026-08-28 20:57:18.445 INFO:     interactions.0.conv_tp_weights.layer0.weight: 0.029033
2026-08-28 20:57:18.445 INFO:     charge_embedding.weight: 0.020853
2026-08-28 20:57:18.445 INFO:     interactions.0.conv_tp_weights.layer3.weight: 0.018630
2026-08-28 20:57:18.445 INFO:     interactions.0.linear_up.weight: 0.017292
2026-08-28 20:57:18.446 INFO:   All parameters have nonzero gradients ✓
2026-08-28 20:57:18.446 INFO:   Total grad norm (before clip): 0.1920
2026-08-28 20:57:18.446 INFO: --- End gradient diagnostics ---
2026-08-28 21:08:44.559 INFO:   Epoch energy decomposition (mean/atom): E_inter=0.4763 eV, E_QEq=-0.475952 eV
2026-08-28 21:09:37.297 INFO: Epoch 334: head: Default, loss=0.00132972, RMSE_E_per_atom=    2.75 meV, RMSE_F=   14.43 meV / A
2026-08-28 21:09:37.436 INFO: --- Gradient diagnostics (epoch 335, batch 0) ---
2026-08-28 21:09:37.436 INFO:   forces: pred_rms=0.0917 eV/Å, ref_rms=0.0916 eV/Å, err_rms=0.0148 eV/Å
2026-08-28 21:09:37.437 INFO:   energy/atom: pred_mean=-2.9280 eV, ref_mean=-2.9286 eV, err_mean=0.0017 eV
2026-08-28 21:09:37.437 INFO:   energy decomposition (mean/atom): E_inter=0.4517 eV, E_QEq=-0.453548 eV
2026-08-28 21:09:37.439 INFO:   QEq charges per element: Z=7: mean=-0.0109, std=0.0754, min=-0.0642, max=0.0425 | Z=9: mean=-0.0089, std=nan, min=-0.0089, max=-0.0089 | Z=17: mean=-0.4548, std=nan, min=-0.4548, max=-0.4548 | Z=34: mean=-0.5413, std=nan, min=-0.5413, max=-0.5413 | Z=35: mean=0.1357, std=0.2294, min=-0.2718, max=0.3025 | Z=52: mean=-0.0529, std=0.3344, min=-0.2893, max=0.1835 | Z=53: mean=-0.0823, std=0.2416, min=-0.3416, max=0.3084 | Z=55: mean=0.0007, std=0.3746, min=-0.4176, max=0.4554 | Z=82: mean=-0.0390, std=0.3596, min=-0.4352, max=0.3777
2026-08-28 21:09:37.441 INFO:   Top-10 param grad norms:
2026-08-28 21:09:37.441 INFO:     products.0.symmetric_contractions.weight: 0.076675
2026-08-28 21:09:37.441 INFO:     interactions.1.linear.weight: 0.069362
2026-08-28 21:09:37.441 INFO:     products.1.symmetric_contractions.weight: 0.065020
2026-08-28 21:09:37.441 INFO:     interactions.0.conv_tp_weights.layer0.weight: 0.061966
2026-08-28 21:09:37.441 INFO:     interactions.0.linear.weight: 0.055864
2026-08-28 21:09:37.441 INFO:     products.0.linear.weight: 0.039890
2026-08-28 21:09:37.441 INFO:     products.1.linear.weight: 0.030788
2026-08-28 21:09:37.441 INFO:     interactions.0.conv_tp_weights.layer1.weight: 0.021891
2026-08-28 21:09:37.441 INFO:     charge_embedding.weight: 0.016663
2026-08-28 21:09:37.442 INFO:     interactions.0.conv_tp_weights.layer3.weight: 0.015556
2026-08-28 21:09:37.442 INFO:   All parameters have nonzero gradients ✓
2026-08-28 21:09:37.442 INFO:   Total grad norm (before clip): 0.1621
2026-08-28 21:09:37.442 INFO: --- End gradient diagnostics ---
2026-08-28 21:21:05.833 INFO:   Epoch energy decomposition (mean/atom): E_inter=0.4762 eV, E_QEq=-0.475888 eV
2026-08-28 21:21:58.603 INFO: Epoch 335: head: Default, loss=0.00133527, RMSE_E_per_atom=    2.75 meV, RMSE_F=   14.46 meV / A
2026-08-28 21:21:58.747 INFO: --- Gradient diagnostics (epoch 336, batch 0) ---
2026-08-28 21:21:58.748 INFO:   forces: pred_rms=0.0255 eV/Å, ref_rms=0.0208 eV/Å, err_rms=0.0114 eV/Å
2026-08-28 21:21:58.748 INFO:   energy/atom: pred_mean=-3.0953 eV, ref_mean=-3.0972 eV, err_mean=0.0026 eV
2026-08-28 21:21:58.748 INFO:   energy decomposition (mean/atom): E_inter=0.4553 eV, E_QEq=-0.476779 eV
2026-08-28 21:21:58.751 INFO:   QEq charges per element: Z=7: mean=-0.2982, std=nan, min=-0.2982, max=-0.2982 | Z=8: mean=-0.6693, std=nan, min=-0.6693, max=-0.6693 | Z=15: mean=-0.2638, std=nan, min=-0.2638, max=-0.2638 | Z=17: mean=0.3164, std=nan, min=0.3164, max=0.3164 | Z=33: mean=-0.3251, std=0.2974, min=-0.5355, max=-0.1148 | Z=35: mean=0.0728, std=0.2527, min=-0.4216, max=0.3229 | Z=52: mean=-0.3475, std=nan, min=-0.3475, max=-0.3475 | Z=53: mean=-0.2484, std=0.0386, min=-0.2713, max=0.1152 | Z=55: mean=0.0161, std=0.3741, min=-0.3793, max=0.4398 | Z=82: mean=-0.0540, std=0.3595, min=-0.4594, max=0.3948
2026-08-28 21:21:58.752 INFO:   Top-10 param grad norms:
2026-08-28 21:21:58.752 INFO:     interactions.0.conv_tp_weights.layer0.weight: 0.089308
2026-08-28 21:21:58.752 INFO:     products.0.symmetric_contractions.weight: 0.077987
2026-08-28 21:21:58.752 INFO:     interactions.0.linear.weight: 0.065511
2026-08-28 21:21:58.752 INFO:     interactions.1.linear.weight: 0.051473
2026-08-28 21:21:58.753 INFO:     products.0.linear.weight: 0.045349
2026-08-28 21:21:58.753 INFO:     products.1.symmetric_contractions.weight: 0.034456
2026-08-28 21:21:58.753 INFO:     interactions.0.conv_tp_weights.layer1.weight: 0.033147
2026-08-28 21:21:58.753 INFO:     products.1.linear.weight: 0.031602
2026-08-28 21:21:58.753 INFO:     interactions.0.conv_tp_weights.layer3.weight: 0.026902
2026-08-28 21:21:58.753 INFO:     interactions.0.conv_tp_weights.layer2.weight: 0.024312
2026-08-28 21:21:58.753 INFO:   All parameters have nonzero gradients ✓
2026-08-28 21:21:58.753 INFO:   Total grad norm (before clip): 0.1710
2026-08-28 21:21:58.753 INFO: --- End gradient diagnostics ---
2026-08-28 21:33:26.420 INFO:   Epoch energy decomposition (mean/atom): E_inter=0.4767 eV, E_QEq=-0.476390 eV
2026-08-28 21:34:20.644 INFO: Epoch 336: head: Default, loss=0.00132616, RMSE_E_per_atom=    2.75 meV, RMSE_F=   14.41 meV / A
2026-08-28 21:34:20.783 INFO: --- Gradient diagnostics (epoch 337, batch 0) ---
2026-08-28 21:34:20.783 INFO:   forces: pred_rms=0.2060 eV/Å, ref_rms=0.2055 eV/Å, err_rms=0.0163 eV/Å
2026-08-28 21:34:20.784 INFO:   energy/atom: pred_mean=-3.0035 eV, ref_mean=-3.0038 eV, err_mean=0.0020 eV
2026-08-28 21:34:20.784 INFO:   energy decomposition (mean/atom): E_inter=0.4963 eV, E_QEq=-0.497876 eV
2026-08-28 21:34:20.786 INFO:   QEq charges per element: Z=8: mean=0.2338, std=0.1838, min=0.1039, max=0.3638 | Z=16: mean=-0.3239, std=0.0527, min=-0.3582, max=-0.2632 | Z=17: mean=0.1835, std=nan, min=0.1835, max=0.1835 | Z=34: mean=-0.2957, std=0.1297, min=-0.3874, max=-0.2040 | Z=35: mean=0.2735, std=0.0231, min=0.1723, max=0.3202 | Z=52: mean=-0.0360, std=nan, min=-0.0360, max=-0.0360 | Z=53: mean=-0.1143, std=0.2253, min=-0.3185, max=0.3033 | Z=55: mean=-0.1252, std=0.3439, min=-0.4233, max=0.4384 | Z=82: mean=-0.1938, std=0.3156, min=-0.5717, max=0.3764
2026-08-28 21:34:20.788 INFO:   Top-10 param grad norms:
2026-08-28 21:34:20.788 INFO:     products.0.symmetric_contractions.weight: 0.116823
2026-08-28 21:34:20.788 INFO:     interactions.1.linear.weight: 0.093494
2026-08-28 21:34:20.788 INFO:     products.1.symmetric_contractions.weight: 0.080973
2026-08-28 21:34:20.788 INFO:     interactions.0.linear.weight: 0.073072
2026-08-28 21:34:20.788 INFO:     interactions.0.conv_tp_weights.layer0.weight: 0.068849
2026-08-28 21:34:20.788 INFO:     products.0.linear.weight: 0.065393
2026-08-28 21:34:20.788 INFO:     products.1.linear.weight: 0.041405
2026-08-28 21:34:20.788 INFO:     charge_embedding.weight: 0.024248
2026-08-28 21:34:20.788 INFO:     interactions.0.conv_tp_weights.layer1.weight: 0.023864
2026-08-28 21:34:20.788 INFO:     interactions.0.linear_up.weight: 0.017698
2026-08-28 21:34:20.789 INFO:   All parameters have nonzero gradients ✓
2026-08-28 21:34:20.789 INFO:   Total grad norm (before clip): 0.2190
2026-08-28 21:34:20.789 INFO: --- End gradient diagnostics ---
2026-08-28 21:46:31.000 INFO:   Epoch energy decomposition (mean/atom): E_inter=0.4768 eV, E_QEq=-0.476477 eV
2026-08-28 21:47:27.208 INFO: Epoch 337: head: Default, loss=0.00132591, RMSE_E_per_atom=    2.76 meV, RMSE_F=   14.41 meV / A
2026-08-28 21:47:27.348 INFO: --- Gradient diagnostics (epoch 338, batch 0) ---
2026-08-28 21:47:27.348 INFO:   forces: pred_rms=0.1739 eV/Å, ref_rms=0.1723 eV/Å, err_rms=0.0159 eV/Å
2026-08-28 21:47:27.349 INFO:   energy/atom: pred_mean=-3.0364 eV, ref_mean=-3.0361 eV, err_mean=0.0015 eV
2026-08-28 21:47:27.349 INFO:   energy decomposition (mean/atom): E_inter=0.4964 eV, E_QEq=-0.492112 eV
2026-08-28 21:47:27.352 INFO:   QEq charges per element: Z=7: mean=0.0767, std=nan, min=0.0767, max=0.0767 | Z=15: mean=-0.1897, std=nan, min=-0.1897, max=-0.1897 | Z=16: mean=-0.4141, std=0.2782, min=-0.6108, max=-0.2174 | Z=33: mean=0.1267, std=nan, min=0.1267, max=0.1267 | Z=34: mean=-0.2683, std=0.1489, min=-0.4684, max=-0.1341 | Z=35: mean=0.1204, std=0.2348, min=-0.2771, max=0.3682 | Z=53: mean=0.0927, std=0.2410, min=-0.2634, max=0.3227 | Z=55: mean=-0.1351, std=0.3449, min=-0.4441, max=0.4447 | Z=82: mean=-0.1864, std=0.3223, min=-0.4928, max=0.3493
2026-08-28 21:47:27.354 INFO:   Top-10 param grad norms:
2026-08-28 21:47:27.354 INFO:     products.0.symmetric_contractions.weight: 0.201366
2026-08-28 21:47:27.354 INFO:     interactions.1.linear.weight: 0.148852
2026-08-28 21:47:27.354 INFO:     interactions.0.linear.weight: 0.142236
2026-08-28 21:47:27.354 INFO:     products.1.symmetric_contractions.weight: 0.111289
2026-08-28 21:47:27.355 INFO:     interactions.0.conv_tp_weights.layer0.weight: 0.098671
2026-08-28 21:47:27.355 INFO:     products.0.linear.weight: 0.089345
2026-08-28 21:47:27.355 INFO:     products.1.linear.weight: 0.070343
2026-08-28 21:47:27.355 INFO:     charge_embedding.weight: 0.041694
2026-08-28 21:47:27.355 INFO:     interactions.0.conv_tp_weights.layer3.weight: 0.041633
2026-08-28 21:47:27.355 INFO:     interactions.0.conv_tp_weights.layer1.weight: 0.039787
2026-08-28 21:47:27.355 INFO:   All parameters have nonzero gradients ✓
2026-08-28 21:47:27.355 INFO:   Total grad norm (before clip): 0.3591
2026-08-28 21:47:27.355 INFO: --- End gradient diagnostics ---
2026-08-28 21:59:51.202 INFO:   Epoch energy decomposition (mean/atom): E_inter=0.4769 eV, E_QEq=-0.476548 eV
2026-08-28 22:00:48.174 INFO: Epoch 338: head: Default, loss=0.00134704, RMSE_E_per_atom=    2.75 meV, RMSE_F=   14.53 meV / A
2026-08-28 22:00:48.321 INFO: --- Gradient diagnostics (epoch 339, batch 0) ---
2026-08-28 22:00:48.322 INFO:   forces: pred_rms=0.1356 eV/Å, ref_rms=0.1346 eV/Å, err_rms=0.0130 eV/Å
2026-08-28 22:00:48.322 INFO:   energy/atom: pred_mean=-3.0482 eV, ref_mean=-3.0474 eV, err_mean=0.0014 eV
2026-08-28 22:00:48.322 INFO:   energy decomposition (mean/atom): E_inter=0.5079 eV, E_QEq=-0.518941 eV
2026-08-28 22:00:48.325 INFO:   QEq charges per element: Z=7: mean=-0.0940, std=nan, min=-0.0940, max=-0.0940 | Z=9: mean=0.2407, std=nan, min=0.2407, max=0.2407 | Z=17: mean=0.3068, std=0.0134, min=0.2974, max=0.3163 | Z=34: mean=-0.2973, std=0.0027, min=-0.2992, max=-0.2953 | Z=35: mean=0.1175, std=0.2386, min=-0.3323, max=0.3222 | Z=52: mean=0.0807, std=0.0881, min=0.0184, max=0.1429 | Z=53: mean=0.2671, std=0.0171, min=0.0979, max=0.2934 | Z=55: mean=-0.2235, std=0.2934, min=-0.4340, max=0.3727 | Z=82: mean=-0.2582, std=0.2848, min=-0.4509, max=0.3704
2026-08-28 22:00:48.327 INFO:   Top-10 param grad norms:
2026-08-28 22:00:48.327 INFO:     products.0.symmetric_contractions.weight: 0.054282
2026-08-28 22:00:48.327 INFO:     interactions.1.linear.weight: 0.046298
2026-08-28 22:00:48.327 INFO:     interactions.0.conv_tp_weights.layer0.weight: 0.046192
2026-08-28 22:00:48.327 INFO:     products.1.symmetric_contractions.weight: 0.038773
2026-08-28 22:00:48.327 INFO:     interactions.0.linear.weight: 0.035827
2026-08-28 22:00:48.327 INFO:     products.0.linear.weight: 0.031438
2026-08-28 22:00:48.327 INFO:     products.1.linear.weight: 0.017286
2026-08-28 22:00:48.327 INFO:     interactions.0.conv_tp_weights.layer1.weight: 0.016657
2026-08-28 22:00:48.327 INFO:     interactions.0.conv_tp_weights.layer2.weight: 0.011898
2026-08-28 22:00:48.327 INFO:     interactions.0.conv_tp_weights.layer3.weight: 0.010677
2026-08-28 22:00:48.327 INFO:   All parameters have nonzero gradients ✓
2026-08-28 22:00:48.327 INFO:   Total grad norm (before clip): 0.1113
2026-08-28 22:00:48.328 INFO: --- End gradient diagnostics ---
2026-08-28 22:12:53.066 INFO:   Epoch energy decomposition (mean/atom): E_inter=0.4768 eV, E_QEq=-0.476514 eV
2026-08-28 22:13:44.581 INFO: Epoch 339: head: Default, loss=0.00132555, RMSE_E_per_atom=    2.75 meV, RMSE_F=   14.41 meV / A
2026-08-28 22:13:44.758 INFO: --- Gradient diagnostics (epoch 340, batch 0) ---
2026-08-28 22:13:44.759 INFO:   forces: pred_rms=0.0649 eV/Å, ref_rms=0.0635 eV/Å, err_rms=0.0120 eV/Å
2026-08-28 22:13:44.759 INFO:   energy/atom: pred_mean=-2.9139 eV, ref_mean=-2.9150 eV, err_mean=0.0013 eV
2026-08-28 22:13:44.759 INFO:   energy decomposition (mean/atom): E_inter=0.4426 eV, E_QEq=-0.464589 eV
2026-08-28 22:13:44.762 INFO:   QEq charges per element: Z=9: mean=-0.3798, std=0.1892, min=-0.5085, max=-0.1626 | Z=15: mean=-0.4075, std=nan, min=-0.4075, max=-0.4075 | Z=16: mean=-0.0559, std=nan, min=-0.0559, max=-0.0559 | Z=33: mean=-0.4865, std=0.0896, min=-0.5498, max=-0.4231 | Z=34: mean=-0.3541, std=nan, min=-0.3541, max=-0.3541 | Z=35: mean=0.2752, std=0.0214, min=0.1698, max=0.3036 | Z=52: mean=-0.5276, std=nan, min=-0.5276, max=-0.5276 | Z=53: mean=-0.0958, std=0.2372, min=-0.3534, max=0.3090 | Z=55: mean=0.0130, std=0.3730, min=-0.3961, max=0.4273 | Z=82: mean=-0.0389, std=0.3495, min=-0.4390, max=0.4338
2026-08-28 22:13:44.763 INFO:   Top-10 param grad norms:
2026-08-28 22:13:44.764 INFO:     products.0.symmetric_contractions.weight: 0.072841
2026-08-28 22:13:44.764 INFO:     interactions.1.linear.weight: 0.066395
2026-08-28 22:13:44.764 INFO:     products.1.symmetric_contractions.weight: 0.065861
2026-08-28 22:13:44.764 INFO:     interactions.0.conv_tp_weights.layer0.weight: 0.055514
2026-08-28 22:13:44.764 INFO:     products.0.linear.weight: 0.045620
2026-08-28 22:13:44.764 INFO:     interactions.0.linear.weight: 0.045218
2026-08-28 22:13:44.764 INFO:     products.1.linear.weight: 0.023120
2026-08-28 22:13:44.764 INFO:     interactions.0.conv_tp_weights.layer1.weight: 0.020415
2026-08-28 22:13:44.764 INFO:     charge_embedding.weight: 0.014734
2026-08-28 22:13:44.764 INFO:     interactions.0.conv_tp_weights.layer2.weight: 0.014051
2026-08-28 22:13:44.764 INFO:   All parameters have nonzero gradients ✓
2026-08-28 22:13:44.764 INFO:   Total grad norm (before clip): 0.1535
2026-08-28 22:13:44.764 INFO: --- End gradient diagnostics ---
2026-08-28 22:25:19.259 INFO:   Epoch energy decomposition (mean/atom): E_inter=0.4772 eV, E_QEq=-0.476831 eV
2026-08-28 22:26:12.121 INFO: Epoch 340: head: Default, loss=0.00134076, RMSE_E_per_atom=    2.73 meV, RMSE_F=   14.49 meV / A
2026-08-28 22:26:12.254 INFO: --- Gradient diagnostics (epoch 341, batch 0) ---
2026-08-28 22:26:12.254 INFO:   forces: pred_rms=0.0937 eV/Å, ref_rms=0.0917 eV/Å, err_rms=0.0109 eV/Å
2026-08-28 22:26:12.255 INFO:   energy/atom: pred_mean=-2.9930 eV, ref_mean=-2.9942 eV, err_mean=0.0020 eV
2026-08-28 22:26:12.255 INFO:   energy decomposition (mean/atom): E_inter=0.4963 eV, E_QEq=-0.518201 eV
2026-08-28 22:26:12.258 INFO:   QEq charges per element: Z=7: mean=-0.1099, std=0.0672, min=-0.1575, max=-0.0624 | Z=15: mean=-0.4718, std=nan, min=-0.4718, max=-0.4718 | Z=16: mean=-0.1938, std=nan, min=-0.1938, max=-0.1938 | Z=33: mean=-0.4214, std=nan, min=-0.4214, max=-0.4214 | Z=34: mean=0.0678, std=nan, min=0.0678, max=0.0678 | Z=35: mean=0.2635, std=0.0269, min=0.1442, max=0.3241 | Z=52: mean=-0.0034, std=nan, min=-0.0034, max=-0.0034 | Z=53: mean=0.1671, std=0.2079, min=-0.2564, max=0.3084 | Z=55: mean=-0.2946, std=0.2258, min=-0.4187, max=0.4063 | Z=82: mean=-0.3172, std=0.2133, min=-0.4735, max=0.3135
2026-08-28 22:26:12.259 INFO:   Top-10 param grad norms:
2026-08-28 22:26:12.259 INFO:     products.0.symmetric_contractions.weight: 0.042766
2026-08-28 22:26:12.259 INFO:     interactions.0.linear.weight: 0.034412
2026-08-28 22:26:12.259 INFO:     interactions.1.linear.weight: 0.030286
2026-08-28 22:26:12.259 INFO:     products.0.linear.weight: 0.028933
2026-08-28 22:26:12.259 INFO:     products.1.symmetric_contractions.weight: 0.025032
2026-08-28 22:26:12.259 INFO:     interactions.0.conv_tp_weights.layer0.weight: 0.024055
2026-08-28 22:26:12.260 INFO:     products.1.linear.weight: 0.021797
2026-08-28 22:26:12.260 INFO:     chi_readouts.1.linear_2.weight: 0.013210
2026-08-28 22:26:12.260 INFO:     interactions.0.conv_tp_weights.layer1.weight: 0.011492
2026-08-28 22:26:12.260 INFO:     charge_embedding.weight: 0.010262
2026-08-28 22:26:12.260 INFO:   All parameters have nonzero gradients ✓
2026-08-28 22:26:12.260 INFO:   Total grad norm (before clip): 0.0860
2026-08-28 22:26:12.260 INFO: --- End gradient diagnostics ---
2026-08-28 22:37:41.684 INFO:   Epoch energy decomposition (mean/atom): E_inter=0.4774 eV, E_QEq=-0.477046 eV
2026-08-28 22:38:33.611 INFO: Epoch 341: head: Default, loss=0.00132630, RMSE_E_per_atom=    2.73 meV, RMSE_F=   14.41 meV / A
2026-08-28 22:38:33.744 INFO: --- Gradient diagnostics (epoch 342, batch 0) ---
2026-08-28 22:38:33.744 INFO:   forces: pred_rms=0.1036 eV/Å, ref_rms=0.1009 eV/Å, err_rms=0.0140 eV/Å
2026-08-28 22:38:33.745 INFO:   energy/atom: pred_mean=-2.9434 eV, ref_mean=-2.9445 eV, err_mean=0.0023 eV
2026-08-28 22:38:33.745 INFO:   energy decomposition (mean/atom): E_inter=0.4759 eV, E_QEq=-0.492529 eV
2026-08-28 22:38:33.747 INFO:   QEq charges per element: Z=7: mean=-0.2317, std=0.1983, min=-0.3719, max=-0.0916 | Z=15: mean=-0.4006, std=nan, min=-0.4006, max=-0.4006 | Z=16: mean=-0.3602, std=0.1300, min=-0.4521, max=-0.2683 | Z=35: mean=0.2703, std=0.0263, min=0.0457, max=0.3771 | Z=52: mean=-0.2548, std=nan, min=-0.2548, max=-0.2548 | Z=53: mean=0.0221, std=0.2670, min=-0.3240, max=0.3439 | Z=55: mean=-0.1374, std=0.3528, min=-0.4584, max=0.4274 | Z=82: mean=-0.1918, std=0.3113, min=-0.4306, max=0.3232
2026-08-28 22:38:33.749 INFO:   Top-10 param grad norms:
2026-08-28 22:38:33.749 INFO:     products.0.symmetric_contractions.weight: 0.090432
2026-08-28 22:38:33.749 INFO:     interactions.1.linear.weight: 0.089519
2026-08-28 22:38:33.749 INFO:     products.1.symmetric_contractions.weight: 0.073379
2026-08-28 22:38:33.749 INFO:     interactions.0.conv_tp_weights.layer0.weight: 0.065001
2026-08-28 22:38:33.749 INFO:     interactions.0.linear.weight: 0.057785
2026-08-28 22:38:33.749 INFO:     products.0.linear.weight: 0.053612
2026-08-28 22:38:33.749 INFO:     products.1.linear.weight: 0.030919
2026-08-28 22:38:33.749 INFO:     interactions.0.conv_tp_weights.layer1.weight: 0.021056
2026-08-28 22:38:33.749 INFO:     charge_embedding.weight: 0.020578
2026-08-28 22:38:33.749 INFO:     interactions.0.conv_tp_weights.layer2.weight: 0.012126
2026-08-28 22:38:33.749 INFO:   All parameters have nonzero gradients ✓
2026-08-28 22:38:33.749 INFO:   Total grad norm (before clip): 0.1876
2026-08-28 22:38:33.750 INFO: --- End gradient diagnostics ---
2026-08-28 22:50:21.468 INFO:   Epoch energy decomposition (mean/atom): E_inter=0.4773 eV, E_QEq=-0.476980 eV
2026-08-28 22:51:18.397 INFO: Epoch 342: head: Default, loss=0.00132692, RMSE_E_per_atom=    2.75 meV, RMSE_F=   14.41 meV / A
2026-08-28 22:51:18.544 INFO: --- Gradient diagnostics (epoch 343, batch 0) ---
2026-08-28 22:51:18.545 INFO:   forces: pred_rms=0.0926 eV/Å, ref_rms=0.0922 eV/Å, err_rms=0.0127 eV/Å
2026-08-28 22:51:18.545 INFO:   energy/atom: pred_mean=-3.0570 eV, ref_mean=-3.0571 eV, err_mean=0.0011 eV
2026-08-28 22:51:18.545 INFO:   energy decomposition (mean/atom): E_inter=0.4922 eV, E_QEq=-0.509175 eV
2026-08-28 22:51:18.548 INFO:   QEq charges per element: Z=7: mean=-0.2657, std=0.0753, min=-0.3449, max=-0.1950 | Z=17: mean=-0.3537, std=nan, min=-0.3537, max=-0.3537 | Z=33: mean=-0.0580, std=0.2582, min=-0.2406, max=0.1246 | Z=34: mean=-0.1770, std=0.0134, min=-0.1865, max=-0.1676 | Z=35: mean=0.1184, std=0.2353, min=-0.3103, max=0.3341 | Z=52: mean=-0.2226, std=nan, min=-0.2226, max=-0.2226 | Z=53: mean=0.2631, std=0.0319, min=0.0992, max=0.2984 | Z=55: mean=-0.2228, std=0.2983, min=-0.4058, max=0.4059 | Z=82: mean=-0.2533, std=0.2839, min=-0.4628, max=0.3607
2026-08-28 22:51:18.550 INFO:   Top-10 param grad norms:
2026-08-28 22:51:18.550 INFO:     products.0.symmetric_contractions.weight: 0.068907
2026-08-28 22:51:18.550 INFO:     interactions.0.conv_tp_weights.layer0.weight: 0.055680
2026-08-28 22:51:18.550 INFO:     interactions.1.linear.weight: 0.047807
2026-08-28 22:51:18.550 INFO:     products.1.symmetric_contractions.weight: 0.046736
2026-08-28 22:51:18.550 INFO:     interactions.0.linear.weight: 0.040937
2026-08-28 22:51:18.550 INFO:     products.0.linear.weight: 0.033375
2026-08-28 22:51:18.550 INFO:     products.1.linear.weight: 0.022510
2026-08-28 22:51:18.550 INFO:     interactions.0.conv_tp_weights.layer1.weight: 0.019626
2026-08-28 22:51:18.550 INFO:     interactions.0.conv_tp_weights.layer2.weight: 0.013495
2026-08-28 22:51:18.550 INFO:     interactions.0.conv_tp_weights.layer3.weight: 0.011516
2026-08-28 22:51:18.550 INFO:   All parameters have nonzero gradients ✓
2026-08-28 22:51:18.550 INFO:   Total grad norm (before clip): 0.1295
2026-08-28 22:51:18.551 INFO: --- End gradient diagnostics ---
2026-08-28 23:03:01.184 INFO:   Epoch energy decomposition (mean/atom): E_inter=0.4776 eV, E_QEq=-0.477252 eV
2026-08-28 23:03:55.054 INFO: Epoch 343: head: Default, loss=0.00132495, RMSE_E_per_atom=    2.74 meV, RMSE_F=   14.40 meV / A
2026-08-28 23:03:55.246 INFO: --- Gradient diagnostics (epoch 344, batch 0) ---
2026-08-28 23:03:55.246 INFO:   forces: pred_rms=0.0797 eV/Å, ref_rms=0.0797 eV/Å, err_rms=0.0118 eV/Å
2026-08-28 23:03:55.246 INFO:   energy/atom: pred_mean=-3.0337 eV, ref_mean=-3.0357 eV, err_mean=0.0035 eV
2026-08-28 23:03:55.247 INFO:   energy decomposition (mean/atom): E_inter=0.4449 eV, E_QEq=-0.470398 eV
2026-08-28 23:03:55.249 INFO:   QEq charges per element: Z=7: mean=-0.7029, std=nan, min=-0.7029, max=-0.7029 | Z=8: mean=-0.6453, std=nan, min=-0.6453, max=-0.6453 | Z=9: mean=0.0529, std=0.5458, min=-0.3330, max=0.4389 | Z=17: mean=0.3830, std=nan, min=0.3830, max=0.3830 | Z=33: mean=-0.4438, std=nan, min=-0.4438, max=-0.4438 | Z=35: mean=-0.0769, std=0.2381, min=-0.3117, max=0.3024 | Z=52: mean=0.2683, std=nan, min=0.2683, max=0.2683 | Z=53: mean=0.1438, std=0.2281, min=-0.2996, max=0.3071 | Z=55: mean=0.0028, std=0.3792, min=-0.4357, max=0.4330 | Z=82: mean=-0.0499, std=0.3495, min=-0.4736, max=0.3794
2026-08-28 23:03:55.251 INFO:   Top-10 param grad norms:
2026-08-28 23:03:55.251 INFO:     products.0.symmetric_contractions.weight: 0.084605
2026-08-28 23:03:55.251 INFO:     interactions.0.linear.weight: 0.074668
2026-08-28 23:03:55.251 INFO:     interactions.1.linear.weight: 0.067300
2026-08-28 23:03:55.251 INFO:     products.0.linear.weight: 0.067295
2026-08-28 23:03:55.251 INFO:     products.1.symmetric_contractions.weight: 0.060389
2026-08-28 23:03:55.251 INFO:     interactions.0.conv_tp_weights.layer0.weight: 0.053002
2026-08-28 23:03:55.251 INFO:     products.1.linear.weight: 0.042446
2026-08-28 23:03:55.251 INFO:     chi_readouts.1.linear_2.weight: 0.025636
2026-08-28 23:03:55.251 INFO:     chi_readouts.0.linear.weight: 0.024200
2026-08-28 23:03:55.251 INFO:     interactions.0.conv_tp_weights.layer1.weight: 0.022818
2026-08-28 23:03:55.252 INFO:   All parameters have nonzero gradients ✓
2026-08-28 23:03:55.252 INFO:   Total grad norm (before clip): 0.1849
2026-08-28 23:03:55.252 INFO: --- End gradient diagnostics ---
2026-08-28 23:15:29.086 INFO:   Epoch energy decomposition (mean/atom): E_inter=0.4775 eV, E_QEq=-0.477164 eV
2026-08-28 23:16:24.045 INFO: Epoch 344: head: Default, loss=0.00132796, RMSE_E_per_atom=    2.74 meV, RMSE_F=   14.42 meV / A
2026-08-28 23:16:24.179 INFO: --- Gradient diagnostics (epoch 345, batch 0) ---
2026-08-28 23:16:24.179 INFO:   forces: pred_rms=0.0754 eV/Å, ref_rms=0.0735 eV/Å, err_rms=0.0134 eV/Å
2026-08-28 23:16:24.179 INFO:   energy/atom: pred_mean=-2.9347 eV, ref_mean=-2.9337 eV, err_mean=0.0020 eV
2026-08-28 23:16:24.180 INFO:   energy decomposition (mean/atom): E_inter=0.4472 eV, E_QEq=-0.449491 eV
2026-08-28 23:16:24.182 INFO:   QEq charges per element: Z=7: mean=-0.0785, std=0.0107, min=-0.0860, max=-0.0709 | Z=8: mean=-0.1108, std=nan, min=-0.1108, max=-0.1108 | Z=15: mean=-0.1065, std=nan, min=-0.1065, max=-0.1065 | Z=33: mean=-0.0780, std=0.0946, min=-0.1448, max=-0.0111 | Z=34: mean=-0.0441, std=nan, min=-0.0441, max=-0.0441 | Z=35: mean=0.1391, std=0.2211, min=-0.2503, max=0.2994 | Z=52: mean=-0.3990, std=0.1588, min=-0.5113, max=-0.2867 | Z=53: mean=-0.0784, std=0.2459, min=-0.2871, max=0.3462 | Z=55: mean=0.0056, std=0.3754, min=-0.4232, max=0.4241 | Z=82: mean=-0.0481, std=0.3557, min=-0.4646, max=0.3463
2026-08-28 23:16:24.184 INFO:   Top-10 param grad norms:
2026-08-28 23:16:24.184 INFO:     interactions.1.linear.weight: 0.128935
2026-08-28 23:16:24.184 INFO:     products.0.symmetric_contractions.weight: 0.113158
2026-08-28 23:16:24.184 INFO:     interactions.0.conv_tp_weights.layer0.weight: 0.100946
2026-08-28 23:16:24.184 INFO:     interactions.0.linear.weight: 0.095552
2026-08-28 23:16:24.184 INFO:     products.1.symmetric_contractions.weight: 0.086595
2026-08-28 23:16:24.184 INFO:     products.0.linear.weight: 0.082092
2026-08-28 23:16:24.184 INFO:     products.1.linear.weight: 0.048401
2026-08-28 23:16:24.184 INFO:     charge_embedding.weight: 0.038568
2026-08-28 23:16:24.184 INFO:     interactions.0.conv_tp_weights.layer1.weight: 0.032357
2026-08-28 23:16:24.184 INFO:     interactions.0.linear_up.weight: 0.024267
2026-08-28 23:16:24.184 INFO:   All parameters have nonzero gradients ✓
2026-08-28 23:16:24.185 INFO:   Total grad norm (before clip): 0.2674
2026-08-28 23:16:24.185 INFO: --- End gradient diagnostics ---
2026-08-28 23:27:52.125 INFO:   Epoch energy decomposition (mean/atom): E_inter=0.4778 eV, E_QEq=-0.477471 eV
2026-08-28 23:28:44.158 INFO: Epoch 345: head: Default, loss=0.00132847, RMSE_E_per_atom=    2.74 meV, RMSE_F=   14.42 meV / A
2026-08-28 23:28:44.291 INFO: --- Gradient diagnostics (epoch 346, batch 0) ---
2026-08-28 23:28:44.291 INFO:   forces: pred_rms=0.1925 eV/Å, ref_rms=0.1910 eV/Å, err_rms=0.0181 eV/Å
2026-08-28 23:28:44.292 INFO:   energy/atom: pred_mean=-2.9921 eV, ref_mean=-2.9920 eV, err_mean=0.0018 eV
2026-08-28 23:28:44.292 INFO:   energy decomposition (mean/atom): E_inter=0.4930 eV, E_QEq=-0.483689 eV
2026-08-28 23:28:44.295 INFO:   QEq charges per element: Z=7: mean=-0.1686, std=nan, min=-0.1686, max=-0.1686 | Z=8: mean=-0.2120, std=nan, min=-0.2120, max=-0.2120 | Z=15: mean=-0.2080, std=0.2538, min=-0.3874, max=-0.0285 | Z=16: mean=-0.2864, std=0.0652, min=-0.3325, max=-0.2403 | Z=33: mean=-0.2450, std=nan, min=-0.2450, max=-0.2450 | Z=35: mean=0.1815, std=0.1918, min=-0.2587, max=0.3638 | Z=52: mean=-0.1415, std=nan, min=-0.1415, max=-0.1415 | Z=53: mean=0.0034, std=0.2580, min=-0.3053, max=0.2853 | Z=55: mean=-0.1460, std=0.3442, min=-0.4150, max=0.4248 | Z=82: mean=-0.1886, std=0.3269, min=-0.5120, max=0.3541
2026-08-28 23:28:44.296 INFO:   Top-10 param grad norms:
2026-08-28 23:28:44.296 INFO:     interactions.1.linear.weight: 0.087732
2026-08-28 23:28:44.296 INFO:     products.0.symmetric_contractions.weight: 0.083945
2026-08-28 23:28:44.296 INFO:     products.1.symmetric_contractions.weight: 0.079487
2026-08-28 23:28:44.296 INFO:     products.0.linear.weight: 0.048789
2026-08-28 23:28:44.296 INFO:     interactions.0.linear.weight: 0.040328
2026-08-28 23:28:44.296 INFO:     products.1.linear.weight: 0.035580
2026-08-28 23:28:44.297 INFO:     interactions.0.conv_tp_weights.layer0.weight: 0.026589
2026-08-28 23:28:44.297 INFO:     charge_embedding.weight: 0.012675
2026-08-28 23:28:44.297 INFO:     chi_readouts.1.linear_2.weight: 0.012181
2026-08-28 23:28:44.297 INFO:     interactions.0.conv_tp_weights.layer1.weight: 0.009386
2026-08-28 23:28:44.297 INFO:   All parameters have nonzero gradients ✓
2026-08-28 23:28:44.297 INFO:   Total grad norm (before clip): 0.1678
2026-08-28 23:28:44.297 INFO: --- End gradient diagnostics ---
2026-08-28 23:40:10.942 INFO:   Epoch energy decomposition (mean/atom): E_inter=0.4778 eV, E_QEq=-0.477462 eV
2026-08-28 23:41:02.216 INFO: Epoch 346: head: Default, loss=0.00133331, RMSE_E_per_atom=    2.73 meV, RMSE_F=   14.45 meV / A
2026-08-28 23:41:02.351 INFO: --- Gradient diagnostics (epoch 347, batch 0) ---
2026-08-28 23:41:02.352 INFO:   forces: pred_rms=0.0618 eV/Å, ref_rms=0.0604 eV/Å, err_rms=0.0124 eV/Å
2026-08-28 23:41:02.352 INFO:   energy/atom: pred_mean=-2.9911 eV, ref_mean=-2.9908 eV, err_mean=0.0026 eV
2026-08-28 23:41:02.352 INFO:   energy decomposition (mean/atom): E_inter=0.4926 eV, E_QEq=-0.516766 eV
2026-08-28 23:41:02.355 INFO:   QEq charges per element: Z=7: mean=-0.2243, std=nan, min=-0.2243, max=-0.2243 | Z=15: mean=-0.1481, std=nan, min=-0.1481, max=-0.1481 | Z=16: mean=0.0574, std=nan, min=0.0574, max=0.0574 | Z=33: mean=0.1275, std=nan, min=0.1275, max=0.1275 | Z=34: mean=-0.5383, std=nan, min=-0.5383, max=-0.5383 | Z=35: mean=0.1551, std=0.2082, min=-0.2746, max=0.3034 | Z=52: mean=-0.4342, std=nan, min=-0.4342, max=-0.4342 | Z=53: mean=0.2685, std=0.0184, min=0.1027, max=0.3692 | Z=55: mean=-0.3009, std=0.2192, min=-0.4530, max=0.3794 | Z=82: mean=-0.3203, std=0.2172, min=-0.4677, max=0.3570
2026-08-28 23:41:02.356 INFO:   Top-10 param grad norms:
2026-08-28 23:41:02.356 INFO:     products.0.symmetric_contractions.weight: 0.134098
2026-08-28 23:41:02.356 INFO:     interactions.1.linear.weight: 0.133269
2026-08-28 23:41:02.357 INFO:     products.1.symmetric_contractions.weight: 0.082368
2026-08-28 23:41:02.357 INFO:     interactions.0.linear.weight: 0.067564
2026-08-28 23:41:02.357 INFO:     products.0.linear.weight: 0.062065
2026-08-28 23:41:02.357 INFO:     interactions.0.conv_tp_weights.layer0.weight: 0.058886
2026-08-28 23:41:02.357 INFO:     products.1.linear.weight: 0.036653
2026-08-28 23:41:02.357 INFO:     interactions.0.conv_tp_weights.layer1.weight: 0.021010
2026-08-28 23:41:02.357 INFO:     charge_embedding.weight: 0.015652
2026-08-28 23:41:02.357 INFO:     interactions.0.conv_tp_weights.layer3.weight: 0.014694
2026-08-28 23:41:02.357 INFO:   All parameters have nonzero gradients ✓
2026-08-28 23:41:02.357 INFO:   Total grad norm (before clip): 0.2401
2026-08-28 23:41:02.357 INFO: --- End gradient diagnostics ---
2026-08-28 23:52:36.311 INFO:   Epoch energy decomposition (mean/atom): E_inter=0.4780 eV, E_QEq=-0.477716 eV
2026-08-28 23:53:27.548 INFO: Epoch 347: head: Default, loss=0.00132313, RMSE_E_per_atom=    2.75 meV, RMSE_F=   14.39 meV / A
2026-08-28 23:53:27.719 INFO: --- Gradient diagnostics (epoch 348, batch 0) ---
2026-08-28 23:53:27.720 INFO:   forces: pred_rms=0.2574 eV/Å, ref_rms=0.2547 eV/Å, err_rms=0.0179 eV/Å
2026-08-28 23:53:27.720 INFO:   energy/atom: pred_mean=-2.9664 eV, ref_mean=-2.9669 eV, err_mean=0.0012 eV
2026-08-28 23:53:27.720 INFO:   energy decomposition (mean/atom): E_inter=0.5261 eV, E_QEq=-0.518482 eV
2026-08-28 23:53:27.723 INFO:   QEq charges per element: Z=7: mean=-0.1941, std=0.0478, min=-0.2279, max=-0.1603 | Z=9: mean=-0.2280, std=nan, min=-0.2280, max=-0.2280 | Z=15: mean=-0.1950, std=0.0814, min=-0.2526, max=-0.1375 | Z=17: mean=0.3155, std=nan, min=0.3155, max=0.3155 | Z=33: mean=-0.3166, std=nan, min=-0.3166, max=-0.3166 | Z=35: mean=0.1680, std=0.2086, min=-0.3405, max=0.3571 | Z=52: mean=-0.2595, std=0.3775, min=-0.5265, max=0.0074 | Z=53: mean=0.1699, std=0.2094, min=-0.2792, max=0.3547 | Z=55: mean=-0.2017, std=0.3074, min=-0.4129, max=0.4365 | Z=82: mean=-0.2631, std=0.2695, min=-0.4831, max=0.3851
2026-08-28 23:53:27.724 INFO:   Top-10 param grad norms:
2026-08-28 23:53:27.724 INFO:     interactions.0.conv_tp_weights.layer0.weight: 0.192506
2026-08-28 23:53:27.724 INFO:     products.0.symmetric_contractions.weight: 0.153335
2026-08-28 23:53:27.724 INFO:     interactions.1.linear.weight: 0.114035
2026-08-28 23:53:27.724 INFO:     interactions.0.linear.weight: 0.101972
2026-08-28 23:53:27.725 INFO:     products.1.symmetric_contractions.weight: 0.098692
2026-08-28 23:53:27.725 INFO:     interactions.0.conv_tp_weights.layer1.weight: 0.064469
2026-08-28 23:53:27.725 INFO:     products.0.linear.weight: 0.062375
2026-08-28 23:53:27.725 INFO:     products.1.linear.weight: 0.044495
2026-08-28 23:53:27.725 INFO:     interactions.0.conv_tp_weights.layer2.weight: 0.039527
2026-08-28 23:53:27.725 INFO:     interactions.0.conv_tp_weights.layer3.weight: 0.031128
2026-08-28 23:53:27.725 INFO:   All parameters have nonzero gradients ✓
2026-08-28 23:53:27.725 INFO:   Total grad norm (before clip): 0.3290
2026-08-28 23:53:27.725 INFO: --- End gradient diagnostics ---
2026-08-29 00:04:59.128 INFO:   Epoch energy decomposition (mean/atom): E_inter=0.4780 eV, E_QEq=-0.477667 eV
2026-08-29 00:05:52.862 INFO: Epoch 348: head: Default, loss=0.00132552, RMSE_E_per_atom=    2.74 meV, RMSE_F=   14.41 meV / A
2026-08-29 00:05:52.996 INFO: --- Gradient diagnostics (epoch 349, batch 0) ---
2026-08-29 00:05:52.997 INFO:   forces: pred_rms=0.2543 eV/Å, ref_rms=0.2540 eV/Å, err_rms=0.0183 eV/Å
2026-08-29 00:05:52.997 INFO:   energy/atom: pred_mean=-2.9964 eV, ref_mean=-2.9953 eV, err_mean=0.0020 eV
2026-08-29 00:05:52.997 INFO:   energy decomposition (mean/atom): E_inter=0.5059 eV, E_QEq=-0.486986 eV
2026-08-29 00:05:53.000 INFO:   QEq charges per element: Z=7: mean=0.3257, std=nan, min=0.3257, max=0.3257 | Z=8: mean=-0.2359, std=nan, min=-0.2359, max=-0.2359 | Z=15: mean=-0.2910, std=0.1469, min=-0.3948, max=-0.1871 | Z=16: mean=0.2291, std=nan, min=0.2291, max=0.2291 | Z=33: mean=-0.2382, std=0.2421, min=-0.5007, max=-0.0235 | Z=35: mean=0.0997, std=0.2481, min=-0.2999, max=0.3279 | Z=53: mean=0.0124, std=0.2616, min=-0.3312, max=0.3239 | Z=55: mean=-0.0586, std=0.3586, min=-0.4176, max=0.4257 | Z=82: mean=-0.1181, std=0.3413, min=-0.4495, max=0.3634
2026-08-29 00:05:53.001 INFO:   Top-10 param grad norms:
2026-08-29 00:05:53.001 INFO:     interactions.0.conv_tp_weights.layer0.weight: 0.111602
2026-08-29 00:05:53.002 INFO:     interactions.0.linear.weight: 0.093280
2026-08-29 00:05:53.002 INFO:     products.0.symmetric_contractions.weight: 0.092023
2026-08-29 00:05:53.002 INFO:     interactions.1.linear.weight: 0.082398
2026-08-29 00:05:53.002 INFO:     products.0.linear.weight: 0.059528
2026-08-29 00:05:53.002 INFO:     products.1.symmetric_contractions.weight: 0.056310
2026-08-29 00:05:53.002 INFO:     products.1.linear.weight: 0.041277
2026-08-29 00:05:53.002 INFO:     interactions.0.conv_tp_weights.layer1.weight: 0.040057
2026-08-29 00:05:53.002 INFO:     interactions.0.conv_tp_weights.layer2.weight: 0.027619
2026-08-29 00:05:53.002 INFO:     interactions.0.conv_tp_weights.layer3.weight: 0.026270
2026-08-29 00:05:53.002 INFO:   All parameters have nonzero gradients ✓
2026-08-29 00:05:53.002 INFO:   Total grad norm (before clip): 0.2223
2026-08-29 00:05:53.002 INFO: --- End gradient diagnostics ---
2026-08-29 00:17:26.617 INFO:   Epoch energy decomposition (mean/atom): E_inter=0.4782 eV, E_QEq=-0.477851 eV
2026-08-29 00:18:19.031 INFO: Epoch 349: head: Default, loss=0.00132196, RMSE_E_per_atom=    2.75 meV, RMSE_F=   14.39 meV / A
2026-08-29 00:18:19.218 INFO: --- Gradient diagnostics (epoch 350, batch 0) ---
2026-08-29 00:18:19.218 INFO:   forces: pred_rms=0.1578 eV/Å, ref_rms=0.1578 eV/Å, err_rms=0.0143 eV/Å
2026-08-29 00:18:19.218 INFO:   energy/atom: pred_mean=-2.9041 eV, ref_mean=-2.9045 eV, err_mean=0.0019 eV
2026-08-29 00:18:19.219 INFO:   energy decomposition (mean/atom): E_inter=0.4767 eV, E_QEq=-0.480103 eV
2026-08-29 00:18:19.221 INFO:   QEq charges per element: Z=7: mean=-0.1214, std=0.1222, min=-0.2078, max=-0.0350 | Z=15: mean=-0.2729, std=nan, min=-0.2729, max=-0.2729 | Z=16: mean=-0.2527, std=0.2632, min=-0.4388, max=-0.0666 | Z=33: mean=-0.2493, std=0.1697, min=-0.3693, max=-0.1294 | Z=35: mean=0.0955, std=0.2492, min=-0.2702, max=0.3847 | Z=52: mean=-0.0065, std=nan, min=-0.0065, max=-0.0065 | Z=53: mean=0.0502, std=0.2607, min=-0.2973, max=0.3376 | Z=55: mean=-0.0736, std=0.3596, min=-0.4002, max=0.4320 | Z=82: mean=-0.1107, std=0.3447, min=-0.4658, max=0.3550
2026-08-29 00:18:19.223 INFO:   Top-10 param grad norms:
2026-08-29 00:18:19.223 INFO:     products.0.symmetric_contractions.weight: 0.070967
2026-08-29 00:18:19.223 INFO:     interactions.1.linear.weight: 0.061668
2026-08-29 00:18:19.223 INFO:     products.1.symmetric_contractions.weight: 0.053107
2026-08-29 00:18:19.223 INFO:     interactions.0.linear.weight: 0.052573
2026-08-29 00:18:19.223 INFO:     products.0.linear.weight: 0.041579
2026-08-29 00:18:19.223 INFO:     products.1.linear.weight: 0.034849
2026-08-29 00:18:19.223 INFO:     charge_embedding.weight: 0.018893
2026-08-29 00:18:19.223 INFO:     chi_readouts.1.linear_2.weight: 0.012636
2026-08-29 00:18:19.223 INFO:     interactions.0.linear_up.weight: 0.011902
2026-08-29 00:18:19.223 INFO:     chi_readouts.0.linear.weight: 0.009197
2026-08-29 00:18:19.223 INFO:   All parameters have nonzero gradients ✓
2026-08-29 00:18:19.224 INFO:   Total grad norm (before clip): 0.1366
2026-08-29 00:18:19.224 INFO: --- End gradient diagnostics ---
2026-08-29 00:29:46.421 INFO:   Epoch energy decomposition (mean/atom): E_inter=0.4783 eV, E_QEq=-0.477992 eV
2026-08-29 00:30:39.405 INFO: Epoch 350: head: Default, loss=0.00131908, RMSE_E_per_atom=    2.74 meV, RMSE_F=   14.37 meV / A
2026-08-29 00:30:39.578 INFO: --- Gradient diagnostics (epoch 351, batch 0) ---
2026-08-29 00:30:39.578 INFO:   forces: pred_rms=0.2434 eV/Å, ref_rms=0.2405 eV/Å, err_rms=0.0164 eV/Å
2026-08-29 00:30:39.579 INFO:   energy/atom: pred_mean=-2.9679 eV, ref_mean=-2.9668 eV, err_mean=0.0023 eV
2026-08-29 00:30:39.579 INFO:   energy decomposition (mean/atom): E_inter=0.5119 eV, E_QEq=-0.502681 eV
2026-08-29 00:30:39.581 INFO:   QEq charges per element: Z=8: mean=0.2729, std=nan, min=0.2729, max=0.2729 | Z=15: mean=-0.2865, std=nan, min=-0.2865, max=-0.2865 | Z=16: mean=-0.2338, std=0.0845, min=-0.2936, max=-0.1741 | Z=17: mean=0.1683, std=nan, min=0.1683, max=0.1683 | Z=33: mean=-0.1921, std=0.0986, min=-0.2531, max=-0.0783 | Z=35: mean=0.2676, std=0.0251, min=0.1399, max=0.3405 | Z=53: mean=0.0617, std=0.2545, min=-0.3488, max=0.4194 | Z=55: mean=-0.2107, std=0.2916, min=-0.4124, max=0.4151 | Z=82: mean=-0.2530, std=0.2756, min=-0.4879, max=0.3209
2026-08-29 00:30:39.583 INFO:   Top-10 param grad norms:
2026-08-29 00:30:39.583 INFO:     products.0.symmetric_contractions.weight: 0.078310
2026-08-29 00:30:39.583 INFO:     interactions.0.conv_tp_weights.layer0.weight: 0.071255
2026-08-29 00:30:39.583 INFO:     interactions.1.linear.weight: 0.068410
2026-08-29 00:30:39.583 INFO:     products.1.symmetric_contractions.weight: 0.054193
2026-08-29 00:30:39.583 INFO:     interactions.0.linear.weight: 0.052415
2026-08-29 00:30:39.583 INFO:     products.0.linear.weight: 0.045932
2026-08-29 00:30:39.583 INFO:     products.1.linear.weight: 0.041449
2026-08-29 00:30:39.583 INFO:     interactions.0.conv_tp_weights.layer1.weight: 0.023065
2026-08-29 00:30:39.583 INFO:     charge_embedding.weight: 0.021867
2026-08-29 00:30:39.583 INFO:     chi_readouts.1.linear_2.weight: 0.020208
2026-08-29 00:30:39.583 INFO:   All parameters have nonzero gradients ✓
2026-08-29 00:30:39.584 INFO:   Total grad norm (before clip): 0.1684
2026-08-29 00:30:39.584 INFO: --- End gradient diagnostics ---
2026-08-29 00:42:10.343 INFO:   Epoch energy decomposition (mean/atom): E_inter=0.4785 eV, E_QEq=-0.478191 eV
2026-08-29 00:43:03.635 INFO: Epoch 351: head: Default, loss=0.00131927, RMSE_E_per_atom=    2.73 meV, RMSE_F=   14.37 meV / A
2026-08-29 00:43:03.773 INFO: --- Gradient diagnostics (epoch 352, batch 0) ---
2026-08-29 00:43:03.774 INFO:   forces: pred_rms=0.1958 eV/Å, ref_rms=0.1956 eV/Å, err_rms=0.0145 eV/Å
2026-08-29 00:43:03.774 INFO:   energy/atom: pred_mean=-2.9474 eV, ref_mean=-2.9471 eV, err_mean=0.0014 eV
2026-08-29 00:43:03.774 INFO:   energy decomposition (mean/atom): E_inter=0.4752 eV, E_QEq=-0.454241 eV
2026-08-29 00:43:03.777 INFO:   QEq charges per element: Z=7: mean=0.0214, std=nan, min=0.0214, max=0.0214 | Z=8: mean=-0.2465, std=nan, min=-0.2465, max=-0.2465 | Z=15: mean=0.0151, std=0.0985, min=-0.0546, max=0.0847 | Z=16: mean=-0.0153, std=nan, min=-0.0153, max=-0.0153 | Z=17: mean=0.1650, std=nan, min=0.1650, max=0.1650 | Z=33: mean=-0.1857, std=nan, min=-0.1857, max=-0.1857 | Z=35: mean=-0.0470, std=0.2591, min=-0.3302, max=0.3223 | Z=53: mean=0.0549, std=0.2545, min=-0.3382, max=0.3003 | Z=55: mean=-0.0071, std=0.3685, min=-0.4148, max=0.4003 | Z=82: mean=-0.0470, std=0.3635, min=-0.4450, max=0.3681
2026-08-29 00:43:03.779 INFO:   Top-10 param grad norms:
2026-08-29 00:43:03.779 INFO:     products.0.symmetric_contractions.weight: 0.058945
2026-08-29 00:43:03.779 INFO:     interactions.1.linear.weight: 0.054458
2026-08-29 00:43:03.779 INFO:     interactions.0.linear.weight: 0.043405
2026-08-29 00:43:03.779 INFO:     products.1.symmetric_contractions.weight: 0.040818
2026-08-29 00:43:03.779 INFO:     products.0.linear.weight: 0.031110
2026-08-29 00:43:03.779 INFO:     products.1.linear.weight: 0.028801
2026-08-29 00:43:03.779 INFO:     charge_embedding.weight: 0.013799
2026-08-29 00:43:03.779 INFO:     interactions.0.conv_tp_weights.layer0.weight: 0.013210
2026-08-29 00:43:03.779 INFO:     interactions.0.linear_up.weight: 0.008633
2026-08-29 00:43:03.779 INFO:     interactions.1.linear_up.weight: 0.007934
2026-08-29 00:43:03.780 INFO:   All parameters have nonzero gradients ✓
2026-08-29 00:43:03.780 INFO:   Total grad norm (before clip): 0.1128
2026-08-29 00:43:03.780 INFO: --- End gradient diagnostics ---
2026-08-29 00:54:31.276 INFO:   Epoch energy decomposition (mean/atom): E_inter=0.4785 eV, E_QEq=-0.478132 eV
2026-08-29 00:55:22.988 INFO: Epoch 352: head: Default, loss=0.00132477, RMSE_E_per_atom=    2.74 meV, RMSE_F=   14.40 meV / A
2026-08-29 00:55:23.127 INFO: --- Gradient diagnostics (epoch 353, batch 0) ---
2026-08-29 00:55:23.127 INFO:   forces: pred_rms=0.1032 eV/Å, ref_rms=0.1030 eV/Å, err_rms=0.0156 eV/Å
2026-08-29 00:55:23.127 INFO:   energy/atom: pred_mean=-3.0098 eV, ref_mean=-3.0098 eV, err_mean=0.0019 eV
2026-08-29 00:55:23.128 INFO:   energy decomposition (mean/atom): E_inter=0.4774 eV, E_QEq=-0.484692 eV
2026-08-29 00:55:23.131 INFO:   QEq charges per element: Z=7: mean=-0.3581, std=0.3032, min=-0.5725, max=-0.1437 | Z=16: mean=-0.1434, std=0.2072, min=-0.3740, max=0.0270 | Z=17: mean=-0.1260, std=nan, min=-0.1260, max=-0.1260 | Z=33: mean=-0.1873, std=nan, min=-0.1873, max=-0.1873 | Z=35: mean=0.0945, std=0.2395, min=-0.3314, max=0.3021 | Z=52: mean=-0.6653, std=nan, min=-0.6653, max=-0.6653 | Z=53: mean=0.1380, std=0.2222, min=-0.2588, max=0.3131 | Z=55: mean=-0.1477, std=0.3454, min=-0.4268, max=0.4293 | Z=82: mean=-0.1876, std=0.3264, min=-0.4576, max=0.3454
2026-08-29 00:55:23.132 INFO:   Top-10 param grad norms:
2026-08-29 00:55:23.132 INFO:     products.0.symmetric_contractions.weight: 0.168913
2026-08-29 00:55:23.133 INFO:     products.1.symmetric_contractions.weight: 0.131482
2026-08-29 00:55:23.133 INFO:     interactions.1.linear.weight: 0.125812
2026-08-29 00:55:23.133 INFO:     interactions.0.linear.weight: 0.093876
2026-08-29 00:55:23.133 INFO:     products.0.linear.weight: 0.075570
2026-08-29 00:55:23.133 INFO:     interactions.0.conv_tp_weights.layer0.weight: 0.048638
2026-08-29 00:55:23.133 INFO:     products.1.linear.weight: 0.044878
2026-08-29 00:55:23.133 INFO:     interactions.1.conv_tp_weights.layer0.weight: 0.032536
2026-08-29 00:55:23.133 INFO:     charge_embedding.weight: 0.028986
2026-08-29 00:55:23.133 INFO:     interactions.0.conv_tp_weights.layer1.weight: 0.028453
2026-08-29 00:55:23.133 INFO:   All parameters have nonzero gradients ✓
2026-08-29 00:55:23.133 INFO:   Total grad norm (before clip): 0.2925
2026-08-29 00:55:23.133 INFO: --- End gradient diagnostics ---
2026-08-29 01:06:49.560 INFO:   Epoch energy decomposition (mean/atom): E_inter=0.4787 eV, E_QEq=-0.478329 eV
2026-08-29 01:07:41.631 INFO: Epoch 353: head: Default, loss=0.00131765, RMSE_E_per_atom=    2.73 meV, RMSE_F=   14.36 meV / A
2026-08-29 01:07:41.832 INFO: --- Gradient diagnostics (epoch 354, batch 0) ---
2026-08-29 01:07:41.832 INFO:   forces: pred_rms=0.1651 eV/Å, ref_rms=0.1649 eV/Å, err_rms=0.0147 eV/Å
2026-08-29 01:07:41.833 INFO:   energy/atom: pred_mean=-2.9884 eV, ref_mean=-2.9875 eV, err_mean=0.0016 eV
2026-08-29 01:07:41.833 INFO:   energy decomposition (mean/atom): E_inter=0.4794 eV, E_QEq=-0.471177 eV
2026-08-29 01:07:41.835 INFO:   QEq charges per element: Z=15: mean=-0.1475, std=0.2715, min=-0.4582, max=0.0441 | Z=34: mean=-0.3609, std=nan, min=-0.3609, max=-0.3609 | Z=35: mean=0.1807, std=0.1896, min=-0.2540, max=0.3383 | Z=52: mean=-0.1114, std=0.3217, min=-0.3389, max=0.1161 | Z=53: mean=-0.1260, std=0.2266, min=-0.3539, max=0.3316 | Z=55: mean=-0.0690, std=0.3610, min=-0.4185, max=0.4141 | Z=82: mean=-0.1176, std=0.3463, min=-0.4452, max=0.3763
2026-08-29 01:07:41.837 INFO:   Top-10 param grad norms:
2026-08-29 01:07:41.837 INFO:     interactions.0.conv_tp_weights.layer0.weight: 0.100309
2026-08-29 01:07:41.837 INFO:     products.0.symmetric_contractions.weight: 0.079537
2026-08-29 01:07:41.837 INFO:     interactions.0.linear.weight: 0.062651
2026-08-29 01:07:41.837 INFO:     interactions.1.linear.weight: 0.053304
2026-08-29 01:07:41.837 INFO:     products.1.symmetric_contractions.weight: 0.048790
2026-08-29 01:07:41.837 INFO:     products.0.linear.weight: 0.038770
2026-08-29 01:07:41.838 INFO:     interactions.0.conv_tp_weights.layer1.weight: 0.035345
2026-08-29 01:07:41.838 INFO:     products.1.linear.weight: 0.028071
2026-08-29 01:07:41.838 INFO:     interactions.0.conv_tp_weights.layer2.weight: 0.024313
2026-08-29 01:07:41.838 INFO:     interactions.0.conv_tp_weights.layer3.weight: 0.022608
2026-08-29 01:07:41.838 INFO:   All parameters have nonzero gradients ✓
2026-08-29 01:07:41.838 INFO:   Total grad norm (before clip): 0.1761
2026-08-29 01:07:41.838 INFO: --- End gradient diagnostics ---
2026-08-29 01:19:14.038 INFO:   Epoch energy decomposition (mean/atom): E_inter=0.4786 eV, E_QEq=-0.478290 eV
2026-08-29 01:20:07.769 INFO: Epoch 354: head: Default, loss=0.00133020, RMSE_E_per_atom=    2.74 meV, RMSE_F=   14.43 meV / A
2026-08-29 01:20:07.905 INFO: --- Gradient diagnostics (epoch 355, batch 0) ---
2026-08-29 01:20:07.905 INFO:   forces: pred_rms=0.1028 eV/Å, ref_rms=0.1012 eV/Å, err_rms=0.0123 eV/Å
2026-08-29 01:20:07.905 INFO:   energy/atom: pred_mean=-3.0510 eV, ref_mean=-3.0507 eV, err_mean=0.0011 eV
2026-08-29 01:20:07.906 INFO:   energy decomposition (mean/atom): E_inter=0.4782 eV, E_QEq=-0.484463 eV
2026-08-29 01:20:07.908 INFO:   QEq charges per element: Z=7: mean=-0.4005, std=nan, min=-0.4005, max=-0.4005 | Z=15: mean=-0.0491, std=0.0051, min=-0.0527, max=-0.0454 | Z=17: mean=0.2787, std=nan, min=0.2787, max=0.2787 | Z=33: mean=-0.1749, std=0.4379, min=-0.4845, max=0.1348 | Z=34: mean=-0.2697, std=0.0759, min=-0.3235, max=-0.2160 | Z=35: mean=0.0479, std=0.2564, min=-0.3456, max=0.3356 | Z=53: mean=0.0997, std=0.2485, min=-0.3133, max=0.2918 | Z=55: mean=-0.0749, std=0.3561, min=-0.3894, max=0.4300 | Z=82: mean=-0.1095, std=0.3451, min=-0.4780, max=0.3291
2026-08-29 01:20:07.909 INFO:   Top-10 param grad norms:
2026-08-29 01:20:07.909 INFO:     products.0.symmetric_contractions.weight: 0.050846
2026-08-29 01:20:07.910 INFO:     interactions.1.linear.weight: 0.037777
2026-08-29 01:20:07.910 INFO:     products.1.symmetric_contractions.weight: 0.032112
2026-08-29 01:20:07.910 INFO:     interactions.0.linear.weight: 0.029110
2026-08-29 01:20:07.910 INFO:     products.0.linear.weight: 0.020745
2026-08-29 01:20:07.910 INFO:     products.1.linear.weight: 0.014975
2026-08-29 01:20:07.910 INFO:     charge_embedding.weight: 0.011762
2026-08-29 01:20:07.910 INFO:     interactions.0.linear_up.weight: 0.006892
2026-08-29 01:20:07.910 INFO:     interactions.0.conv_tp_weights.layer0.weight: 0.006257
2026-08-29 01:20:07.910 INFO:     interactions.1.linear_up.weight: 0.005491
2026-08-29 01:20:07.910 INFO:   All parameters have nonzero gradients ✓
2026-08-29 01:20:07.910 INFO:   Total grad norm (before clip): 0.0837
2026-08-29 01:20:07.910 INFO: --- End gradient diagnostics ---
2026-08-29 01:31:41.724 INFO:   Epoch energy decomposition (mean/atom): E_inter=0.4790 eV, E_QEq=-0.478705 eV
2026-08-29 01:32:34.442 INFO: Epoch 355: head: Default, loss=0.00131956, RMSE_E_per_atom=    2.74 meV, RMSE_F=   14.37 meV / A
2026-08-29 01:32:34.578 INFO: --- Gradient diagnostics (epoch 356, batch 0) ---
2026-08-29 01:32:34.578 INFO:   forces: pred_rms=0.0572 eV/Å, ref_rms=0.0544 eV/Å, err_rms=0.0141 eV/Å
2026-08-29 01:32:34.578 INFO:   energy/atom: pred_mean=-2.9250 eV, ref_mean=-2.9248 eV, err_mean=0.0013 eV
2026-08-29 01:32:34.579 INFO:   energy decomposition (mean/atom): E_inter=0.4532 eV, E_QEq=-0.474291 eV
2026-08-29 01:32:34.581 INFO:   QEq charges per element: Z=7: mean=-0.2746, std=nan, min=-0.2746, max=-0.2746 | Z=15: mean=0.0188, std=0.1718, min=-0.1760, max=0.1484 | Z=16: mean=-0.5061, std=nan, min=-0.5061, max=-0.5061 | Z=34: mean=-0.3443, std=0.1852, min=-0.4752, max=-0.2133 | Z=35: mean=0.0952, std=0.2384, min=-0.2992, max=0.2899 | Z=52: mean=-0.3357, std=nan, min=-0.3357, max=-0.3357 | Z=53: mean=0.0547, std=0.2585, min=-0.2666, max=0.3161 | Z=55: mean=-0.0598, std=0.3743, min=-0.4012, max=0.4446 | Z=82: mean=-0.1168, std=0.3311, min=-0.4227, max=0.3193
2026-08-29 01:32:34.583 INFO:   Top-10 param grad norms:
2026-08-29 01:32:34.583 INFO:     products.0.symmetric_contractions.weight: 0.065631
2026-08-29 01:32:34.583 INFO:     interactions.1.linear.weight: 0.063081
2026-08-29 01:32:34.583 INFO:     interactions.0.linear.weight: 0.044599
2026-08-29 01:32:34.583 INFO:     products.0.linear.weight: 0.037561
2026-08-29 01:32:34.583 INFO:     products.1.symmetric_contractions.weight: 0.037074
2026-08-29 01:32:34.583 INFO:     products.1.linear.weight: 0.028910
2026-08-29 01:32:34.583 INFO:     interactions.0.conv_tp_weights.layer0.weight: 0.022164
2026-08-29 01:32:34.583 INFO:     charge_embedding.weight: 0.019070
2026-08-29 01:32:34.583 INFO:     interactions.0.linear_up.weight: 0.010915
2026-08-29 01:32:34.583 INFO:     interactions.0.conv_tp_weights.layer3.weight: 0.009616
2026-08-29 01:32:34.583 INFO:   All parameters have nonzero gradients ✓
2026-08-29 01:32:34.583 INFO:   Total grad norm (before clip): 0.1245
2026-08-29 01:32:34.583 INFO: --- End gradient diagnostics ---
2026-08-29 01:44:09.732 INFO:   Epoch energy decomposition (mean/atom): E_inter=0.4790 eV, E_QEq=-0.478639 eV
2026-08-29 01:45:01.806 INFO: Epoch 356: head: Default, loss=0.00132230, RMSE_E_per_atom=    2.74 meV, RMSE_F=   14.39 meV / A
2026-08-29 01:45:01.938 INFO: --- Gradient diagnostics (epoch 357, batch 0) ---
2026-08-29 01:45:01.939 INFO:   forces: pred_rms=0.1149 eV/Å, ref_rms=0.1123 eV/Å, err_rms=0.0145 eV/Å
2026-08-29 01:45:01.939 INFO:   energy/atom: pred_mean=-3.0532 eV, ref_mean=-3.0538 eV, err_mean=0.0018 eV
2026-08-29 01:45:01.939 INFO:   energy decomposition (mean/atom): E_inter=0.4909 eV, E_QEq=-0.495755 eV
2026-08-29 01:45:01.942 INFO:   QEq charges per element: Z=7: mean=-0.4438, std=0.3380, min=-0.6829, max=-0.2048 | Z=8: mean=-0.2002, std=nan, min=-0.2002, max=-0.2002 | Z=15: mean=-0.3166, std=nan, min=-0.3166, max=-0.3166 | Z=16: mean=-0.7727, std=nan, min=-0.7727, max=-0.7727 | Z=33: mean=-0.0125, std=0.1630, min=-0.1278, max=0.1027 | Z=35: mean=0.0451, std=0.2606, min=-0.3281, max=0.3049 | Z=53: mean=0.0982, std=0.2519, min=-0.3287, max=0.3225 | Z=55: mean=-0.0793, std=0.3471, min=-0.4467, max=0.4087 | Z=82: mean=-0.1033, std=0.3490, min=-0.4375, max=0.3896
2026-08-29 01:45:01.943 INFO:   Top-10 param grad norms:
2026-08-29 01:45:01.944 INFO:     products.0.symmetric_contractions.weight: 0.079488
2026-08-29 01:45:01.944 INFO:     interactions.1.linear.weight: 0.068555
2026-08-29 01:45:01.944 INFO:     interactions.0.linear.weight: 0.066996
2026-08-29 01:45:01.944 INFO:     products.1.symmetric_contractions.weight: 0.064240
2026-08-29 01:45:01.944 INFO:     products.0.linear.weight: 0.045738
2026-08-29 01:45:01.944 INFO:     interactions.0.conv_tp_weights.layer0.weight: 0.034868
2026-08-29 01:45:01.944 INFO:     products.1.linear.weight: 0.029697
2026-08-29 01:45:01.944 INFO:     charge_embedding.weight: 0.025984
2026-08-29 01:45:01.944 INFO:     interactions.0.conv_tp_weights.layer3.weight: 0.020599
2026-08-29 01:45:01.944 INFO:     interactions.0.linear_up.weight: 0.017700
2026-08-29 01:45:01.944 INFO:   All parameters have nonzero gradients ✓
2026-08-29 01:45:01.944 INFO:   Total grad norm (before clip): 0.1621
2026-08-29 01:45:01.944 INFO: --- End gradient diagnostics ---
2026-08-29 01:56:31.898 INFO:   Epoch energy decomposition (mean/atom): E_inter=0.4791 eV, E_QEq=-0.478800 eV
2026-08-29 01:57:24.870 INFO: Epoch 357: head: Default, loss=0.00131936, RMSE_E_per_atom=    2.74 meV, RMSE_F=   14.37 meV / A
2026-08-29 01:57:25.003 INFO: --- Gradient diagnostics (epoch 358, batch 0) ---
2026-08-29 01:57:25.004 INFO:   forces: pred_rms=0.0700 eV/Å, ref_rms=0.0687 eV/Å, err_rms=0.0110 eV/Å
2026-08-29 01:57:25.004 INFO:   energy/atom: pred_mean=-2.9755 eV, ref_mean=-2.9755 eV, err_mean=0.0021 eV
2026-08-29 01:57:25.004 INFO:   energy decomposition (mean/atom): E_inter=0.4429 eV, E_QEq=-0.453624 eV
2026-08-29 01:57:25.007 INFO:   QEq charges per element: Z=7: mean=-0.3477, std=0.4029, min=-0.6326, max=-0.0628 | Z=17: mean=-0.1294, std=0.1148, min=-0.2106, max=-0.0483 | Z=33: mean=-0.1842, std=nan, min=-0.1842, max=-0.1842 | Z=34: mean=-0.1578, std=nan, min=-0.1578, max=-0.1578 | Z=35: mean=0.0586, std=0.2503, min=-0.2930, max=0.2898 | Z=52: mean=-0.3864, std=0.2481, min=-0.5618, max=-0.2109 | Z=53: mean=-0.0441, std=0.2538, min=-0.2980, max=0.3091 | Z=55: mean=0.0023, std=0.3796, min=-0.4544, max=0.4360 | Z=82: mean=-0.0442, std=0.3507, min=-0.4281, max=0.3519
2026-08-29 01:57:25.008 INFO:   Top-10 param grad norms:
2026-08-29 01:57:25.008 INFO:     products.0.symmetric_contractions.weight: 0.062644
2026-08-29 01:57:25.008 INFO:     interactions.1.linear.weight: 0.047202
2026-08-29 01:57:25.008 INFO:     products.1.symmetric_contractions.weight: 0.042605
2026-08-29 01:57:25.008 INFO:     interactions.0.linear.weight: 0.034900
2026-08-29 01:57:25.008 INFO:     products.0.linear.weight: 0.027508
2026-08-29 01:57:25.008 INFO:     products.1.linear.weight: 0.017051
2026-08-29 01:57:25.008 INFO:     interactions.0.conv_tp_weights.layer0.weight: 0.013704
2026-08-29 01:57:25.009 INFO:     charge_embedding.weight: 0.010699
2026-08-29 01:57:25.009 INFO:     interactions.0.conv_tp_weights.layer3.weight: 0.007500
2026-08-29 01:57:25.009 INFO:     interactions.0.linear_up.weight: 0.006484
2026-08-29 01:57:25.009 INFO:   All parameters have nonzero gradients ✓
2026-08-29 01:57:25.009 INFO:   Total grad norm (before clip): 0.1044
2026-08-29 01:57:25.009 INFO: --- End gradient diagnostics ---
2026-08-29 02:08:59.588 INFO:   Epoch energy decomposition (mean/atom): E_inter=0.4792 eV, E_QEq=-0.478863 eV
2026-08-29 02:09:51.680 INFO: Epoch 358: head: Default, loss=0.00131635, RMSE_E_per_atom=    2.73 meV, RMSE_F=   14.36 meV / A
2026-08-29 02:09:51.862 INFO: --- Gradient diagnostics (epoch 359, batch 0) ---
2026-08-29 02:09:51.862 INFO:   forces: pred_rms=0.1060 eV/Å, ref_rms=0.1061 eV/Å, err_rms=0.0132 eV/Å
2026-08-29 02:09:51.863 INFO:   energy/atom: pred_mean=-3.0716 eV, ref_mean=-3.0725 eV, err_mean=0.0019 eV
2026-08-29 02:09:51.863 INFO:   energy decomposition (mean/atom): E_inter=0.4567 eV, E_QEq=-0.456390 eV
2026-08-29 02:09:51.866 INFO:   QEq charges per element: Z=7: mean=-0.1578, std=nan, min=-0.1578, max=-0.1578 | Z=9: mean=-0.4345, std=nan, min=-0.4345, max=-0.4345 | Z=15: mean=-0.1450, std=0.3151, min=-0.5038, max=0.0865 | Z=16: mean=-0.4679, std=nan, min=-0.4679, max=-0.4679 | Z=33: mean=-0.0205, std=nan, min=-0.0205, max=-0.0205 | Z=35: mean=0.0081, std=0.2566, min=-0.3226, max=0.3179 | Z=52: mean=-0.2564, std=0.2393, min=-0.4256, max=-0.0871 | Z=53: mean=0.0112, std=0.2527, min=-0.2972, max=0.2858 | Z=55: mean=0.0064, std=0.3807, min=-0.4159, max=0.4286 | Z=82: mean=-0.0530, std=0.3568, min=-0.5027, max=0.3541
2026-08-29 02:09:51.867 INFO:   Top-10 param grad norms:
2026-08-29 02:09:51.868 INFO:     products.0.symmetric_contractions.weight: 0.118211
2026-08-29 02:09:51.868 INFO:     interactions.1.linear.weight: 0.094407
2026-08-29 02:09:51.868 INFO:     products.1.symmetric_contractions.weight: 0.085331
2026-08-29 02:09:51.868 INFO:     interactions.0.conv_tp_weights.layer0.weight: 0.076023
2026-08-29 02:09:51.868 INFO:     interactions.0.linear.weight: 0.065812
2026-08-29 02:09:51.868 INFO:     products.0.linear.weight: 0.057716
2026-08-29 02:09:51.868 INFO:     products.1.linear.weight: 0.029405
2026-08-29 02:09:51.868 INFO:     interactions.0.conv_tp_weights.layer1.weight: 0.023961
2026-08-29 02:09:51.868 INFO:     charge_embedding.weight: 0.017787
2026-08-29 02:09:51.868 INFO:     interactions.0.conv_tp_weights.layer2.weight: 0.013981
2026-08-29 02:09:51.868 INFO:   All parameters have nonzero gradients ✓
2026-08-29 02:09:51.868 INFO:   Total grad norm (before clip): 0.2158
2026-08-29 02:09:51.868 INFO: --- End gradient diagnostics ---
2026-08-29 02:21:21.480 INFO:   Epoch energy decomposition (mean/atom): E_inter=0.4793 eV, E_QEq=-0.478961 eV
2026-08-29 02:22:15.158 INFO: Epoch 359: head: Default, loss=0.00132445, RMSE_E_per_atom=    2.72 meV, RMSE_F=   14.40 meV / A
2026-08-29 02:22:15.294 INFO: --- Gradient diagnostics (epoch 360, batch 0) ---
2026-08-29 02:22:15.295 INFO:   forces: pred_rms=0.0550 eV/Å, ref_rms=0.0538 eV/Å, err_rms=0.0109 eV/Å
2026-08-29 02:22:15.295 INFO:   energy/atom: pred_mean=-3.0651 eV, ref_mean=-3.0649 eV, err_mean=0.0018 eV
2026-08-29 02:22:15.295 INFO:   energy decomposition (mean/atom): E_inter=0.4420 eV, E_QEq=-0.458680 eV
2026-08-29 02:22:15.298 INFO:   QEq charges per element: Z=7: mean=-0.1044, std=0.5194, min=-0.4716, max=0.2629 | Z=8: mean=-0.1214, std=nan, min=-0.1214, max=-0.1214 | Z=9: mean=0.3966, std=nan, min=0.3966, max=0.3966 | Z=15: mean=-0.3641, std=0.0508, min=-0.4001, max=-0.3282 | Z=35: mean=0.0477, std=0.2639, min=-0.3501, max=0.3369 | Z=53: mean=-0.2453, std=0.0313, min=-0.3177, max=0.0283 | Z=55: mean=0.0880, std=0.3550, min=-0.3942, max=0.4230 | Z=82: mean=0.0154, std=0.3441, min=-0.4539, max=0.3557
2026-08-29 02:22:15.300 INFO:   Top-10 param grad norms:
2026-08-29 02:22:15.300 INFO:     products.0.symmetric_contractions.weight: 0.068194
2026-08-29 02:22:15.300 INFO:     interactions.1.linear.weight: 0.054129
2026-08-29 02:22:15.300 INFO:     products.1.symmetric_contractions.weight: 0.044201
2026-08-29 02:22:15.300 INFO:     interactions.0.linear.weight: 0.041656
2026-08-29 02:22:15.300 INFO:     products.0.linear.weight: 0.039489
2026-08-29 02:22:15.300 INFO:     interactions.0.conv_tp_weights.layer0.weight: 0.029160
2026-08-29 02:22:15.300 INFO:     products.1.linear.weight: 0.021726
2026-08-29 02:22:15.300 INFO:     charge_embedding.weight: 0.014094
2026-08-29 02:22:15.300 INFO:     interactions.0.conv_tp_weights.layer1.weight: 0.011392
2026-08-29 02:22:15.300 INFO:     interactions.0.linear_up.weight: 0.009720
2026-08-29 02:22:15.301 INFO:   All parameters have nonzero gradients ✓
2026-08-29 02:22:15.301 INFO:   Total grad norm (before clip): 0.1228
2026-08-29 02:22:15.301 INFO: --- End gradient diagnostics ---
2026-08-29 02:33:42.639 INFO:   Epoch energy decomposition (mean/atom): E_inter=0.4795 eV, E_QEq=-0.479184 eV
2026-08-29 02:34:36.439 INFO: Epoch 360: head: Default, loss=0.00131910, RMSE_E_per_atom=    2.73 meV, RMSE_F=   14.37 meV / A
2026-08-29 02:34:36.574 INFO: --- Gradient diagnostics (epoch 361, batch 0) ---
2026-08-29 02:34:36.574 INFO:   forces: pred_rms=0.0772 eV/Å, ref_rms=0.0751 eV/Å, err_rms=0.0130 eV/Å
2026-08-29 02:34:36.575 INFO:   energy/atom: pred_mean=-2.9983 eV, ref_mean=-2.9992 eV, err_mean=0.0019 eV
2026-08-29 02:34:36.575 INFO:   energy decomposition (mean/atom): E_inter=0.4871 eV, E_QEq=-0.517772 eV
2026-08-29 02:34:36.578 INFO:   QEq charges per element: Z=7: mean=-0.0445, std=0.0989, min=-0.1144, max=0.0255 | Z=9: mean=0.4136, std=nan, min=0.4136, max=0.4136 | Z=15: mean=-0.5161, std=0.0850, min=-0.5762, max=-0.4560 | Z=16: mean=-0.2751, std=nan, min=-0.2751, max=-0.2751 | Z=34: mean=-0.3738, std=nan, min=-0.3738, max=-0.3738 | Z=35: mean=0.2658, std=0.0255, min=0.0291, max=0.3412 | Z=52: mean=-0.2010, std=nan, min=-0.2010, max=-0.2010 | Z=53: mean=0.0712, std=0.2587, min=-0.2861, max=0.3537 | Z=55: mean=-0.2093, std=0.3001, min=-0.3839, max=0.4120 | Z=82: mean=-0.2553, std=0.2735, min=-0.4646, max=0.3184
2026-08-29 02:34:36.579 INFO:   Top-10 param grad norms:
2026-08-29 02:34:36.579 INFO:     products.0.symmetric_contractions.weight: 0.079312
2026-08-29 02:34:36.579 INFO:     interactions.0.conv_tp_weights.layer0.weight: 0.071758
2026-08-29 02:34:36.579 INFO:     interactions.0.linear.weight: 0.063449
2026-08-29 02:34:36.579 INFO:     interactions.1.linear.weight: 0.059369
2026-08-29 02:34:36.579 INFO:     products.0.linear.weight: 0.049841
2026-08-29 02:34:36.579 INFO:     products.1.symmetric_contractions.weight: 0.045028
2026-08-29 02:34:36.579 INFO:     products.1.linear.weight: 0.034780
2026-08-29 02:34:36.580 INFO:     interactions.0.conv_tp_weights.layer1.weight: 0.026572
2026-08-29 02:34:36.580 INFO:     interactions.0.conv_tp_weights.layer3.weight: 0.019860
2026-08-29 02:34:36.580 INFO:     interactions.0.conv_tp_weights.layer2.weight: 0.018928
2026-08-29 02:34:36.580 INFO:   All parameters have nonzero gradients ✓
2026-08-29 02:34:36.580 INFO:   Total grad norm (before clip): 0.1661
2026-08-29 02:34:36.580 INFO: --- End gradient diagnostics ---
2026-08-29 02:46:08.628 INFO:   Epoch energy decomposition (mean/atom): E_inter=0.4797 eV, E_QEq=-0.479387 eV
2026-08-29 02:47:01.984 INFO: Epoch 361: head: Default, loss=0.00132069, RMSE_E_per_atom=    2.73 meV, RMSE_F=   14.38 meV / A
2026-08-29 02:47:02.121 INFO: --- Gradient diagnostics (epoch 362, batch 0) ---
2026-08-29 02:47:02.121 INFO:   forces: pred_rms=0.4547 eV/Å, ref_rms=0.4526 eV/Å, err_rms=0.0245 eV/Å
2026-08-29 02:47:02.121 INFO:   energy/atom: pred_mean=-2.9279 eV, ref_mean=-2.9270 eV, err_mean=0.0021 eV
2026-08-29 02:47:02.122 INFO:   energy decomposition (mean/atom): E_inter=0.5429 eV, E_QEq=-0.500858 eV
2026-08-29 02:47:02.124 INFO:   QEq charges per element: Z=7: mean=-0.0961, std=nan, min=-0.0961, max=-0.0961 | Z=8: mean=-0.1150, std=nan, min=-0.1150, max=-0.1150 | Z=9: mean=0.0317, std=0.2562, min=-0.1579, max=0.3917 | Z=16: mean=-0.2392, std=nan, min=-0.2392, max=-0.2392 | Z=33: mean=-0.5088, std=nan, min=-0.5088, max=-0.5088 | Z=34: mean=-0.5952, std=nan, min=-0.5952, max=-0.5952 | Z=35: mean=-0.0458, std=0.2567, min=-0.3831, max=0.3150 | Z=53: mean=0.2725, std=0.0385, min=0.1060, max=0.4507 | Z=55: mean=-0.1453, std=0.3435, min=-0.4277, max=0.4214 | Z=82: mean=-0.1843, std=0.3255, min=-0.5363, max=0.3801
2026-08-29 02:47:02.126 INFO:   Top-10 param grad norms:
2026-08-29 02:47:02.126 INFO:     interactions.0.conv_tp_weights.layer0.weight: 0.204802
2026-08-29 02:47:02.126 INFO:     products.0.symmetric_contractions.weight: 0.187699
2026-08-29 02:47:02.126 INFO:     interactions.0.linear.weight: 0.137212
2026-08-29 02:47:02.126 INFO:     interactions.1.linear.weight: 0.123677
2026-08-29 02:47:02.126 INFO:     products.1.symmetric_contractions.weight: 0.094864
2026-08-29 02:47:02.126 INFO:     products.0.linear.weight: 0.078691
2026-08-29 02:47:02.126 INFO:     interactions.0.conv_tp_weights.layer1.weight: 0.076842
2026-08-29 02:47:02.126 INFO:     interactions.0.conv_tp_weights.layer2.weight: 0.058370
2026-08-29 02:47:02.126 INFO:     charge_embedding.weight: 0.043979
2026-08-29 02:47:02.126 INFO:     interactions.0.conv_tp_weights.layer3.weight: 0.043395
2026-08-29 02:47:02.126 INFO:   All parameters have nonzero gradients ✓
2026-08-29 02:47:02.127 INFO:   Total grad norm (before clip): 0.3800
2026-08-29 02:47:02.127 INFO: --- End gradient diagnostics ---
2026-08-29 02:58:28.334 INFO:   Epoch energy decomposition (mean/atom): E_inter=0.4798 eV, E_QEq=-0.479455 eV
2026-08-29 02:59:19.631 INFO: Epoch 362: head: Default, loss=0.00132073, RMSE_E_per_atom=    2.73 meV, RMSE_F=   14.38 meV / A
2026-08-29 02:59:19.765 INFO: --- Gradient diagnostics (epoch 363, batch 0) ---
2026-08-29 02:59:19.765 INFO:   forces: pred_rms=0.1339 eV/Å, ref_rms=0.1316 eV/Å, err_rms=0.0150 eV/Å
2026-08-29 02:59:19.765 INFO:   energy/atom: pred_mean=-2.9737 eV, ref_mean=-2.9735 eV, err_mean=0.0014 eV
2026-08-29 02:59:19.766 INFO:   energy decomposition (mean/atom): E_inter=0.4688 eV, E_QEq=-0.478256 eV
2026-08-29 02:59:19.768 INFO:   QEq charges per element: Z=8: mean=-0.2356, std=nan, min=-0.2356, max=-0.2356 | Z=9: mean=0.3907, std=nan, min=0.3907, max=0.3907 | Z=15: mean=-0.0898, std=0.1283, min=-0.1806, max=0.0009 | Z=16: mean=-0.2504, std=nan, min=-0.2504, max=-0.2504 | Z=35: mean=0.0650, std=0.2502, min=-0.2726, max=0.3161 | Z=52: mean=0.0111, std=nan, min=0.0111, max=0.0111 | Z=53: mean=0.0560, std=0.2562, min=-0.2895, max=0.3162 | Z=55: mean=-0.0694, std=0.3688, min=-0.4049, max=0.4269 | Z=82: mean=-0.1135, std=0.3400, min=-0.4302, max=0.3776
2026-08-29 02:59:19.769 INFO:   Top-10 param grad norms:
2026-08-29 02:59:19.769 INFO:     products.0.symmetric_contractions.weight: 0.056353
2026-08-29 02:59:19.770 INFO:     interactions.1.linear.weight: 0.045689
2026-08-29 02:59:19.770 INFO:     interactions.0.linear.weight: 0.034654
2026-08-29 02:59:19.770 INFO:     products.1.symmetric_contractions.weight: 0.033802
2026-08-29 02:59:19.770 INFO:     interactions.0.conv_tp_weights.layer0.weight: 0.033001
2026-08-29 02:59:19.770 INFO:     products.0.linear.weight: 0.028937
2026-08-29 02:59:19.770 INFO:     products.1.linear.weight: 0.017653
2026-08-29 02:59:19.770 INFO:     interactions.0.conv_tp_weights.layer1.weight: 0.012507
2026-08-29 02:59:19.770 INFO:     charge_embedding.weight: 0.010566
2026-08-29 02:59:19.770 INFO:     interactions.0.conv_tp_weights.layer2.weight: 0.009047
2026-08-29 02:59:19.770 INFO:   All parameters have nonzero gradients ✓
2026-08-29 02:59:19.770 INFO:   Total grad norm (before clip): 0.1025
2026-08-29 02:59:19.770 INFO: --- End gradient diagnostics ---
2026-08-29 03:10:52.676 INFO:   Epoch energy decomposition (mean/atom): E_inter=0.4796 eV, E_QEq=-0.479270 eV
2026-08-29 03:11:45.499 INFO: Epoch 363: head: Default, loss=0.00132010, RMSE_E_per_atom=    2.73 meV, RMSE_F=   14.38 meV / A
2026-08-29 03:11:45.634 INFO: --- Gradient diagnostics (epoch 364, batch 0) ---
2026-08-29 03:11:45.634 INFO:   forces: pred_rms=0.0561 eV/Å, ref_rms=0.0532 eV/Å, err_rms=0.0125 eV/Å
2026-08-29 03:11:45.635 INFO:   energy/atom: pred_mean=-3.0621 eV, ref_mean=-3.0602 eV, err_mean=0.0021 eV
2026-08-29 03:11:45.635 INFO:   energy decomposition (mean/atom): E_inter=0.4827 eV, E_QEq=-0.502860 eV
2026-08-29 03:11:45.637 INFO:   QEq charges per element: Z=7: mean=-0.1158, std=nan, min=-0.1158, max=-0.1158 | Z=9: mean=-0.0403, std=nan, min=-0.0403, max=-0.0403 | Z=17: mean=-0.0608, std=nan, min=-0.0608, max=-0.0608 | Z=33: mean=-0.1134, std=0.0340, min=-0.1369, max=-0.0745 | Z=35: mean=0.1137, std=0.2334, min=-0.3196, max=0.3085 | Z=52: mean=0.2598, std=0.0973, min=0.1910, max=0.3286 | Z=53: mean=0.2681, std=0.0496, min=-0.1130, max=0.3228 | Z=55: mean=-0.2240, std=0.2926, min=-0.4075, max=0.4160 | Z=82: mean=-0.2549, std=0.2820, min=-0.4394, max=0.3276
2026-08-29 03:11:45.639 INFO:   Top-10 param grad norms:
2026-08-29 03:11:45.639 INFO:     interactions.0.conv_tp_weights.layer0.weight: 0.134937
2026-08-29 03:11:45.639 INFO:     interactions.0.linear.weight: 0.092472
2026-08-29 03:11:45.639 INFO:     products.0.symmetric_contractions.weight: 0.086106
2026-08-29 03:11:45.640 INFO:     interactions.1.linear.weight: 0.073139
2026-08-29 03:11:45.640 INFO:     products.0.linear.weight: 0.065858
2026-08-29 03:11:45.640 INFO:     products.1.symmetric_contractions.weight: 0.054909
2026-08-29 03:11:45.640 INFO:     interactions.0.conv_tp_weights.layer1.weight: 0.051336
2026-08-29 03:11:45.640 INFO:     products.1.linear.weight: 0.050115
2026-08-29 03:11:45.640 INFO:     interactions.0.conv_tp_weights.layer2.weight: 0.036447
2026-08-29 03:11:45.640 INFO:     interactions.0.conv_tp_weights.layer3.weight: 0.031175
2026-08-29 03:11:45.640 INFO:   All parameters have nonzero gradients ✓
2026-08-29 03:11:45.640 INFO:   Total grad norm (before clip): 0.2386
2026-08-29 03:11:45.640 INFO: --- End gradient diagnostics ---
2026-08-29 03:23:24.367 INFO:   Epoch energy decomposition (mean/atom): E_inter=0.4797 eV, E_QEq=-0.479345 eV
2026-08-29 03:24:17.226 INFO: Epoch 364: head: Default, loss=0.00131564, RMSE_E_per_atom=    2.72 meV, RMSE_F=   14.35 meV / A
2026-08-29 03:24:17.402 INFO: --- Gradient diagnostics (epoch 365, batch 0) ---
2026-08-29 03:24:17.402 INFO:   forces: pred_rms=0.3095 eV/Å, ref_rms=0.3056 eV/Å, err_rms=0.0214 eV/Å
2026-08-29 03:24:17.402 INFO:   energy/atom: pred_mean=-2.8552 eV, ref_mean=-2.8553 eV, err_mean=0.0038 eV
2026-08-29 03:24:17.403 INFO:   energy decomposition (mean/atom): E_inter=0.4950 eV, E_QEq=-0.462958 eV
2026-08-29 03:24:17.405 INFO:   QEq charges per element: Z=7: mean=-0.4748, std=nan, min=-0.4748, max=-0.4748 | Z=17: mean=-0.3092, std=nan, min=-0.3092, max=-0.3092 | Z=33: mean=-0.4385, std=nan, min=-0.4385, max=-0.4385 | Z=35: mean=-0.0828, std=0.2416, min=-0.4041, max=0.2705 | Z=52: mean=-0.4383, std=nan, min=-0.4383, max=-0.4383 | Z=53: mean=0.0426, std=0.2638, min=-0.4048, max=0.3273 | Z=55: mean=0.0025, std=0.3749, min=-0.4150, max=0.4246 | Z=82: mean=-0.0464, std=0.3527, min=-0.4894, max=0.4046
2026-08-29 03:24:17.406 INFO:   Top-10 param grad norms:
2026-08-29 03:24:17.406 INFO:     products.0.symmetric_contractions.weight: 0.179056
2026-08-29 03:24:17.406 INFO:     interactions.0.conv_tp_weights.layer0.weight: 0.157094
2026-08-29 03:24:17.407 INFO:     interactions.1.linear.weight: 0.136374
2026-08-29 03:24:17.407 INFO:     interactions.0.linear.weight: 0.120616
2026-08-29 03:24:17.407 INFO:     products.0.linear.weight: 0.097586
2026-08-29 03:24:17.407 INFO:     products.1.symmetric_contractions.weight: 0.083396
2026-08-29 03:24:17.407 INFO:     products.1.linear.weight: 0.054277
2026-08-29 03:24:17.407 INFO:     interactions.0.conv_tp_weights.layer1.weight: 0.052724
2026-08-29 03:24:17.407 INFO:     charge_embedding.weight: 0.035493
2026-08-29 03:24:17.407 INFO:     interactions.0.conv_tp_weights.layer2.weight: 0.034176
2026-08-29 03:24:17.407 INFO:   All parameters have nonzero gradients ✓
2026-08-29 03:24:17.407 INFO:   Total grad norm (before clip): 0.3450
2026-08-29 03:24:17.407 INFO: --- End gradient diagnostics ---
2026-08-29 03:35:47.446 INFO:   Epoch energy decomposition (mean/atom): E_inter=0.4800 eV, E_QEq=-0.479631 eV
2026-08-29 03:36:39.522 INFO: Epoch 365: head: Default, loss=0.00131290, RMSE_E_per_atom=    2.71 meV, RMSE_F=   14.34 meV / A
2026-08-29 03:36:39.693 INFO: --- Gradient diagnostics (epoch 366, batch 0) ---
2026-08-29 03:36:39.694 INFO:   forces: pred_rms=0.1553 eV/Å, ref_rms=0.1558 eV/Å, err_rms=0.0147 eV/Å
2026-08-29 03:36:39.694 INFO:   energy/atom: pred_mean=-2.9700 eV, ref_mean=-2.9704 eV, err_mean=0.0014 eV
2026-08-29 03:36:39.694 INFO:   energy decomposition (mean/atom): E_inter=0.5015 eV, E_QEq=-0.504448 eV
2026-08-29 03:36:39.697 INFO:   QEq charges per element: Z=15: mean=-0.2415, std=0.2706, min=-0.4073, max=0.0708 | Z=16: mean=-0.2674, std=nan, min=-0.2674, max=-0.2674 | Z=17: mean=-0.3314, std=nan, min=-0.3314, max=-0.3314 | Z=33: mean=-0.1882, std=0.4479, min=-0.5049, max=0.1286 | Z=34: mean=0.0398, std=nan, min=0.0398, max=0.0398 | Z=35: mean=0.2729, std=0.0281, min=0.1405, max=0.3354 | Z=52: mean=-0.4573, std=nan, min=-0.4573, max=-0.4573 | Z=53: mean=-0.0419, std=0.2638, min=-0.3312, max=0.3441 | Z=55: mean=-0.1265, std=0.3364, min=-0.3892, max=0.4154 | Z=82: mean=-0.1875, std=0.3186, min=-0.4208, max=0.3443
2026-08-29 03:36:39.698 INFO:   Top-10 param grad norms:
2026-08-29 03:36:39.698 INFO:     products.0.symmetric_contractions.weight: 0.055162
2026-08-29 03:36:39.698 INFO:     interactions.1.linear.weight: 0.054591
2026-08-29 03:36:39.698 INFO:     products.1.symmetric_contractions.weight: 0.049240
2026-08-29 03:36:39.699 INFO:     interactions.0.linear.weight: 0.034361
2026-08-29 03:36:39.699 INFO:     products.0.linear.weight: 0.031349
2026-08-29 03:36:39.699 INFO:     products.1.linear.weight: 0.019723
2026-08-29 03:36:39.699 INFO:     interactions.0.conv_tp_weights.layer0.weight: 0.017828
2026-08-29 03:36:39.699 INFO:     charge_embedding.weight: 0.012161
2026-08-29 03:36:39.699 INFO:     interactions.1.conv_tp_weights.layer0.weight: 0.008028
2026-08-29 03:36:39.699 INFO:     interactions.0.conv_tp_weights.layer1.weight: 0.006797
2026-08-29 03:36:39.699 INFO:   All parameters have nonzero gradients ✓
2026-08-29 03:36:39.699 INFO:   Total grad norm (before clip): 0.1092
2026-08-29 03:36:39.699 INFO: --- End gradient diagnostics ---
2026-08-29 03:48:11.450 INFO:   Epoch energy decomposition (mean/atom): E_inter=0.4801 eV, E_QEq=-0.479732 eV
2026-08-29 03:49:03.132 INFO: Epoch 366: head: Default, loss=0.00131370, RMSE_E_per_atom=    2.74 meV, RMSE_F=   14.34 meV / A
2026-08-29 03:49:03.265 INFO: --- Gradient diagnostics (epoch 367, batch 0) ---
2026-08-29 03:49:03.266 INFO:   forces: pred_rms=0.3531 eV/Å, ref_rms=0.3521 eV/Å, err_rms=0.0194 eV/Å
2026-08-29 03:49:03.266 INFO:   energy/atom: pred_mean=-2.9543 eV, ref_mean=-2.9547 eV, err_mean=0.0015 eV
2026-08-29 03:49:03.267 INFO:   energy decomposition (mean/atom): E_inter=0.4863 eV, E_QEq=-0.446254 eV
2026-08-29 03:49:03.269 INFO:   QEq charges per element: Z=7: mean=-0.0217, std=nan, min=-0.0217, max=-0.0217 | Z=16: mean=-0.0795, std=nan, min=-0.0795, max=-0.0795 | Z=17: mean=-0.0530, std=nan, min=-0.0530, max=-0.0530 | Z=33: mean=-0.2134, std=0.1294, min=-0.3049, max=-0.1219 | Z=34: mean=-0.1808, std=nan, min=-0.1808, max=-0.1808 | Z=35: mean=0.0978, std=0.2479, min=-0.3444, max=0.3573 | Z=52: mean=-0.3974, std=nan, min=-0.3974, max=-0.3974 | Z=53: mean=-0.2478, std=0.0292, min=-0.2922, max=-0.0014 | Z=55: mean=0.0866, std=0.3616, min=-0.4575, max=0.4195 | Z=82: mean=0.0244, std=0.3421, min=-0.5187, max=0.3713
2026-08-29 03:49:03.271 INFO:   Top-10 param grad norms:
2026-08-29 03:49:03.271 INFO:     products.0.symmetric_contractions.weight: 0.168860
2026-08-29 03:49:03.271 INFO:     interactions.1.linear.weight: 0.111856
2026-08-29 03:49:03.271 INFO:     products.1.symmetric_contractions.weight: 0.103292
2026-08-29 03:49:03.271 INFO:     interactions.0.linear.weight: 0.085561
2026-08-29 03:49:03.271 INFO:     products.0.linear.weight: 0.075635
2026-08-29 03:49:03.271 INFO:     interactions.0.conv_tp_weights.layer0.weight: 0.043084
2026-08-29 03:49:03.271 INFO:     products.1.linear.weight: 0.041331
2026-08-29 03:49:03.271 INFO:     charge_embedding.weight: 0.028710
2026-08-29 03:49:03.271 INFO:     interactions.0.conv_tp_weights.layer3.weight: 0.022021
2026-08-29 03:49:03.271 INFO:     interactions.0.linear_up.weight: 0.020855
2026-08-29 03:49:03.271 INFO:   All parameters have nonzero gradients ✓
2026-08-29 03:49:03.272 INFO:   Total grad norm (before clip): 0.2679
2026-08-29 03:49:03.272 INFO: --- End gradient diagnostics ---
2026-08-29 04:00:34.979 INFO:   Epoch energy decomposition (mean/atom): E_inter=0.4800 eV, E_QEq=-0.479697 eV
2026-08-29 04:01:28.279 INFO: Epoch 367: head: Default, loss=0.00130840, RMSE_E_per_atom=    2.73 meV, RMSE_F=   14.31 meV / A
2026-08-29 04:01:28.465 INFO: --- Gradient diagnostics (epoch 368, batch 0) ---
2026-08-29 04:01:28.465 INFO:   forces: pred_rms=0.1913 eV/Å, ref_rms=0.1911 eV/Å, err_rms=0.0170 eV/Å
2026-08-29 04:01:28.465 INFO:   energy/atom: pred_mean=-2.9965 eV, ref_mean=-2.9958 eV, err_mean=0.0021 eV
2026-08-29 04:01:28.466 INFO:   energy decomposition (mean/atom): E_inter=0.4855 eV, E_QEq=-0.477961 eV
2026-08-29 04:01:28.468 INFO:   QEq charges per element: Z=8: mean=-0.5751, std=0.3670, min=-0.8345, max=-0.3156 | Z=9: mean=0.2370, std=nan, min=0.2370, max=0.2370 | Z=15: mean=-0.2034, std=0.3539, min=-0.4536, max=0.0468 | Z=16: mean=-0.4531, std=nan, min=-0.4531, max=-0.4531 | Z=33: mean=-0.0777, std=nan, min=-0.0777, max=-0.0777 | Z=34: mean=-0.0578, std=nan, min=-0.0578, max=-0.0578 | Z=35: mean=-0.0782, std=0.2417, min=-0.3203, max=0.3157 | Z=53: mean=0.2693, std=0.0339, min=0.1106, max=0.3382 | Z=55: mean=-0.0916, std=0.3618, min=-0.4422, max=0.4354 | Z=82: mean=-0.1065, std=0.3519, min=-0.4821, max=0.3548
2026-08-29 04:01:28.470 INFO:   Top-10 param grad norms:
2026-08-29 04:01:28.470 INFO:     products.0.symmetric_contractions.weight: 0.205893
2026-08-29 04:01:28.470 INFO:     interactions.1.linear.weight: 0.126371
2026-08-29 04:01:28.470 INFO:     products.1.symmetric_contractions.weight: 0.113844
2026-08-29 04:01:28.470 INFO:     interactions.0.linear.weight: 0.097488
2026-08-29 04:01:28.470 INFO:     products.0.linear.weight: 0.084359
2026-08-29 04:01:28.470 INFO:     products.1.linear.weight: 0.058015
2026-08-29 04:01:28.470 INFO:     interactions.0.conv_tp_weights.layer0.weight: 0.028068
2026-08-29 04:01:28.470 INFO:     charge_embedding.weight: 0.022153
2026-08-29 04:01:28.470 INFO:     chi_readouts.1.linear_2.weight: 0.020921
2026-08-29 04:01:28.470 INFO:     interactions.0.conv_tp_weights.layer3.weight: 0.020255
2026-08-29 04:01:28.470 INFO:   All parameters have nonzero gradients ✓
2026-08-29 04:01:28.470 INFO:   Total grad norm (before clip): 0.3088
2026-08-29 04:01:28.471 INFO: --- End gradient diagnostics ---
2026-08-29 04:12:49.644 INFO:   Epoch energy decomposition (mean/atom): E_inter=0.4804 eV, E_QEq=-0.480116 eV
2026-08-29 04:13:41.992 INFO: Epoch 368: head: Default, loss=0.00131652, RMSE_E_per_atom=    2.71 meV, RMSE_F=   14.36 meV / A
2026-08-29 04:13:42.126 INFO: --- Gradient diagnostics (epoch 369, batch 0) ---
2026-08-29 04:13:42.126 INFO:   forces: pred_rms=0.1163 eV/Å, ref_rms=0.1122 eV/Å, err_rms=0.0140 eV/Å
2026-08-29 04:13:42.126 INFO:   energy/atom: pred_mean=-3.0264 eV, ref_mean=-3.0260 eV, err_mean=0.0016 eV
2026-08-29 04:13:42.127 INFO:   energy decomposition (mean/atom): E_inter=0.5120 eV, E_QEq=-0.527193 eV
2026-08-29 04:13:42.129 INFO:   QEq charges per element: Z=7: mean=-0.1074, std=0.1426, min=-0.2266, max=0.0694 | Z=17: mean=-0.3503, std=nan, min=-0.3503, max=-0.3503 | Z=35: mean=0.1855, std=0.1908, min=-0.2763, max=0.3255 | Z=52: mean=-0.2863, std=nan, min=-0.2863, max=-0.2863 | Z=53: mean=0.1482, std=0.2326, min=-0.2692, max=0.3776 | Z=55: mean=-0.2017, std=0.3025, min=-0.4030, max=0.4250 | Z=82: mean=-0.2485, std=0.2688, min=-0.4823, max=0.3134
2026-08-29 04:13:42.130 INFO:   Top-10 param grad norms:
2026-08-29 04:13:42.130 INFO:     products.0.symmetric_contractions.weight: 0.091526
2026-08-29 04:13:42.130 INFO:     products.1.symmetric_contractions.weight: 0.083873
2026-08-29 04:13:42.130 INFO:     interactions.1.linear.weight: 0.081786
2026-08-29 04:13:42.131 INFO:     interactions.0.linear.weight: 0.063294
2026-08-29 04:13:42.131 INFO:     products.0.linear.weight: 0.046596
2026-08-29 04:13:42.131 INFO:     interactions.0.conv_tp_weights.layer0.weight: 0.026592
2026-08-29 04:13:42.131 INFO:     products.1.linear.weight: 0.023656
2026-08-29 04:13:42.131 INFO:     charge_embedding.weight: 0.023479
2026-08-29 04:13:42.131 INFO:     interactions.0.linear_up.weight: 0.015341
2026-08-29 04:13:42.131 INFO:     interactions.0.conv_tp_weights.layer3.weight: 0.013989
2026-08-29 04:13:42.131 INFO:   All parameters have nonzero gradients ✓
2026-08-29 04:13:42.131 INFO:   Total grad norm (before clip): 0.1779
2026-08-29 04:13:42.131 INFO: --- End gradient diagnostics ---
2026-08-29 04:25:15.295 INFO:   Epoch energy decomposition (mean/atom): E_inter=0.4804 eV, E_QEq=-0.480036 eV
2026-08-29 04:26:10.995 INFO: Epoch 369: head: Default, loss=0.00131309, RMSE_E_per_atom=    2.73 meV, RMSE_F=   14.34 meV / A
2026-08-29 04:26:11.145 INFO: --- Gradient diagnostics (epoch 370, batch 0) ---
2026-08-29 04:26:11.145 INFO:   forces: pred_rms=0.1252 eV/Å, ref_rms=0.1218 eV/Å, err_rms=0.0146 eV/Å
2026-08-29 04:26:11.145 INFO:   energy/atom: pred_mean=-3.0066 eV, ref_mean=-3.0068 eV, err_mean=0.0014 eV
2026-08-29 04:26:11.146 INFO:   energy decomposition (mean/atom): E_inter=0.4694 eV, E_QEq=-0.475912 eV
2026-08-29 04:26:11.148 INFO:   QEq charges per element: Z=8: mean=-0.3632, std=nan, min=-0.3632, max=-0.3632 | Z=9: mean=-0.3503, std=0.1910, min=-0.4853, max=-0.2153 | Z=16: mean=-0.1423, std=nan, min=-0.1423, max=-0.1423 | Z=17: mean=-0.4241, std=0.1025, min=-0.4966, max=-0.3516 | Z=35: mean=0.0133, std=0.2611, min=-0.3354, max=0.3153 | Z=52: mean=-0.2075, std=0.1219, min=-0.2937, max=-0.1213 | Z=53: mean=0.0086, std=0.2586, min=-0.2745, max=0.3023 | Z=55: mean=0.0090, std=0.3684, min=-0.4154, max=0.4338 | Z=82: mean=-0.0404, std=0.3507, min=-0.4244, max=0.3804
2026-08-29 04:26:11.150 INFO:   Top-10 param grad norms:
2026-08-29 04:26:11.150 INFO:     products.0.symmetric_contractions.weight: 0.088686
2026-08-29 04:26:11.150 INFO:     interactions.1.linear.weight: 0.083779
2026-08-29 04:26:11.150 INFO:     interactions.0.linear.weight: 0.061050
2026-08-29 04:26:11.150 INFO:     products.1.symmetric_contractions.weight: 0.053484
2026-08-29 04:26:11.150 INFO:     products.0.linear.weight: 0.045900
2026-08-29 04:26:11.150 INFO:     products.1.linear.weight: 0.037667
2026-08-29 04:26:11.150 INFO:     interactions.0.conv_tp_weights.layer0.weight: 0.025888
2026-08-29 04:26:11.150 INFO:     charge_embedding.weight: 0.018198
2026-08-29 04:26:11.150 INFO:     interactions.0.conv_tp_weights.layer1.weight: 0.012948
2026-08-29 04:26:11.150 INFO:     interactions.0.linear_up.weight: 0.011769
2026-08-29 04:26:11.150 INFO:   All parameters have nonzero gradients ✓
2026-08-29 04:26:11.150 INFO:   Total grad norm (before clip): 0.1646
2026-08-29 04:26:11.151 INFO: --- End gradient diagnostics ---
2026-08-29 04:38:34.924 INFO:   Epoch energy decomposition (mean/atom): E_inter=0.4803 eV, E_QEq=-0.480020 eV
2026-08-29 04:39:31.012 INFO: Epoch 370: head: Default, loss=0.00131790, RMSE_E_per_atom=    2.72 meV, RMSE_F=   14.37 meV / A
2026-08-29 04:39:31.156 INFO: --- Gradient diagnostics (epoch 371, batch 0) ---
2026-08-29 04:39:31.156 INFO:   forces: pred_rms=0.2305 eV/Å, ref_rms=0.2288 eV/Å, err_rms=0.0171 eV/Å
2026-08-29 04:39:31.157 INFO:   energy/atom: pred_mean=-2.9355 eV, ref_mean=-2.9365 eV, err_mean=0.0023 eV
2026-08-29 04:39:31.157 INFO:   energy decomposition (mean/atom): E_inter=0.4414 eV, E_QEq=-0.409563 eV
2026-08-29 04:39:31.159 INFO:   QEq charges per element: Z=8: mean=-0.3731, std=nan, min=-0.3731, max=-0.3731 | Z=33: mean=-0.5148, std=0.2685, min=-0.7720, max=-0.2363 | Z=34: mean=-0.0735, std=0.2789, min=-0.2706, max=0.1237 | Z=35: mean=-0.2464, std=0.0219, min=-0.3208, max=-0.1038 | Z=52: mean=-0.2248, std=0.4772, min=-0.5217, max=0.3256 | Z=53: mean=-0.0421, std=0.2523, min=-0.3039, max=0.3486 | Z=55: mean=0.2248, std=0.3009, min=-0.4265, max=0.4362 | Z=82: mean=0.1683, std=0.2766, min=-0.4579, max=0.3785
2026-08-29 04:39:31.161 INFO:   Top-10 param grad norms:
2026-08-29 04:39:31.161 INFO:     products.0.symmetric_contractions.weight: 0.105647
2026-08-29 04:39:31.161 INFO:     interactions.1.linear.weight: 0.088520
2026-08-29 04:39:31.161 INFO:     interactions.0.linear.weight: 0.080070
2026-08-29 04:39:31.161 INFO:     products.0.linear.weight: 0.060419
2026-08-29 04:39:31.161 INFO:     products.1.symmetric_contractions.weight: 0.059638
2026-08-29 04:39:31.161 INFO:     products.1.linear.weight: 0.044574
2026-08-29 04:39:31.161 INFO:     chi_readouts.1.linear_2.weight: 0.022215
2026-08-29 04:39:31.161 INFO:     charge_embedding.weight: 0.021082
2026-08-29 04:39:31.162 INFO:     interactions.0.conv_tp_weights.layer0.weight: 0.017611
2026-08-29 04:39:31.162 INFO:     interactions.0.linear_up.weight: 0.017025
2026-08-29 04:39:31.162 INFO:   All parameters have nonzero gradients ✓
2026-08-29 04:39:31.162 INFO:   Total grad norm (before clip): 0.1935
2026-08-29 04:39:31.162 INFO: --- End gradient diagnostics ---
2026-08-29 04:51:57.080 INFO:   Epoch energy decomposition (mean/atom): E_inter=0.4806 eV, E_QEq=-0.480316 eV
2026-08-29 04:52:53.962 INFO: Epoch 371: head: Default, loss=0.00132898, RMSE_E_per_atom=    2.72 meV, RMSE_F=   14.43 meV / A
2026-08-29 04:52:54.099 INFO: --- Gradient diagnostics (epoch 372, batch 0) ---
2026-08-29 04:52:54.100 INFO:   forces: pred_rms=0.0749 eV/Å, ref_rms=0.0713 eV/Å, err_rms=0.0145 eV/Å
2026-08-29 04:52:54.100 INFO:   energy/atom: pred_mean=-3.0179 eV, ref_mean=-3.0184 eV, err_mean=0.0018 eV
2026-08-29 04:52:54.100 INFO:   energy decomposition (mean/atom): E_inter=0.4700 eV, E_QEq=-0.488116 eV
2026-08-29 04:52:54.102 INFO:   QEq charges per element: Z=15: mean=-0.4197, std=nan, min=-0.4197, max=-0.4197 | Z=16: mean=-0.1905, std=nan, min=-0.1905, max=-0.1905 | Z=33: mean=-0.1169, std=nan, min=-0.1169, max=-0.1169 | Z=35: mean=0.2621, std=0.0361, min=-0.2348, max=0.3141 | Z=52: mean=-0.0991, std=nan, min=-0.0991, max=-0.0991 | Z=53: mean=-0.1249, std=0.2231, min=-0.3482, max=0.2812 | Z=55: mean=-0.1355, std=0.3439, min=-0.3994, max=0.4245 | Z=82: mean=-0.1925, std=0.3244, min=-0.4383, max=0.3712
2026-08-29 04:52:54.104 INFO:   Top-10 param grad norms:
2026-08-29 04:52:54.104 INFO:     interactions.0.conv_tp_weights.layer0.weight: 0.052850
2026-08-29 04:52:54.104 INFO:     products.0.symmetric_contractions.weight: 0.051275
2026-08-29 04:52:54.104 INFO:     interactions.1.linear.weight: 0.043663
2026-08-29 04:52:54.104 INFO:     interactions.0.linear.weight: 0.036174
2026-08-29 04:52:54.104 INFO:     products.1.symmetric_contractions.weight: 0.031254
2026-08-29 04:52:54.104 INFO:     products.0.linear.weight: 0.029719
2026-08-29 04:52:54.104 INFO:     products.1.linear.weight: 0.026368
2026-08-29 04:52:54.105 INFO:     interactions.0.conv_tp_weights.layer1.weight: 0.019426
2026-08-29 04:52:54.105 INFO:     interactions.0.conv_tp_weights.layer2.weight: 0.013033
2026-08-29 04:52:54.105 INFO:     charge_embedding.weight: 0.011061
2026-08-29 04:52:54.105 INFO:   All parameters have nonzero gradients ✓
2026-08-29 04:52:54.105 INFO:   Total grad norm (before clip): 0.1107
2026-08-29 04:52:54.105 INFO: --- End gradient diagnostics ---
2026-08-29 05:05:25.940 INFO:   Epoch energy decomposition (mean/atom): E_inter=0.4807 eV, E_QEq=-0.480381 eV
2026-08-29 05:06:22.349 INFO: Epoch 372: head: Default, loss=0.00131890, RMSE_E_per_atom=    2.72 meV, RMSE_F=   14.37 meV / A
2026-08-29 05:06:22.483 INFO: --- Gradient diagnostics (epoch 373, batch 0) ---
2026-08-29 05:06:22.484 INFO:   forces: pred_rms=0.1646 eV/Å, ref_rms=0.1624 eV/Å, err_rms=0.0162 eV/Å
2026-08-29 05:06:22.484 INFO:   energy/atom: pred_mean=-3.0031 eV, ref_mean=-3.0032 eV, err_mean=0.0022 eV
2026-08-29 05:06:22.484 INFO:   energy decomposition (mean/atom): E_inter=0.4876 eV, E_QEq=-0.475011 eV
2026-08-29 05:06:22.487 INFO:   QEq charges per element: Z=7: mean=-0.2430, std=0.3929, min=-0.6931, max=0.0311 | Z=15: mean=-0.4838, std=nan, min=-0.4838, max=-0.4838 | Z=16: mean=-0.1926, std=nan, min=-0.1926, max=-0.1926 | Z=33: mean=-0.0246, std=0.2373, min=-0.1924, max=0.1432 | Z=35: mean=0.0086, std=0.2565, min=-0.3466, max=0.3073 | Z=53: mean=0.1345, std=0.2211, min=-0.2556, max=0.2805 | Z=55: mean=-0.0763, std=0.3629, min=-0.4026, max=0.4326 | Z=82: mean=-0.1163, std=0.3437, min=-0.4412, max=0.3950
2026-08-29 05:06:22.488 INFO:   Top-10 param grad norms:
2026-08-29 05:06:22.488 INFO:     products.0.symmetric_contractions.weight: 0.139870
2026-08-29 05:06:22.488 INFO:     interactions.0.conv_tp_weights.layer0.weight: 0.112830
2026-08-29 05:06:22.488 INFO:     interactions.1.linear.weight: 0.094859
2026-08-29 05:06:22.488 INFO:     products.1.symmetric_contractions.weight: 0.088755
2026-08-29 05:06:22.488 INFO:     interactions.0.linear.weight: 0.083352
2026-08-29 05:06:22.488 INFO:     products.0.linear.weight: 0.053701
2026-08-29 05:06:22.489 INFO:     interactions.0.conv_tp_weights.layer1.weight: 0.038712
2026-08-29 05:06:22.489 INFO:     products.1.linear.weight: 0.032145
2026-08-29 05:06:22.489 INFO:     interactions.0.conv_tp_weights.layer2.weight: 0.024744
2026-08-29 05:06:22.489 INFO:     interactions.0.conv_tp_weights.layer3.weight: 0.020067
2026-08-29 05:06:22.489 INFO:   All parameters have nonzero gradients ✓
2026-08-29 05:06:22.489 INFO:   Total grad norm (before clip): 0.2525
2026-08-29 05:06:22.489 INFO: --- End gradient diagnostics ---
2026-08-29 05:18:33.563 INFO:   Epoch energy decomposition (mean/atom): E_inter=0.4808 eV, E_QEq=-0.480516 eV
2026-08-29 05:19:30.990 INFO: Epoch 373: head: Default, loss=0.00131166, RMSE_E_per_atom=    2.74 meV, RMSE_F=   14.33 meV / A
2026-08-29 05:19:31.139 INFO: --- Gradient diagnostics (epoch 374, batch 0) ---
2026-08-29 05:19:31.140 INFO:   forces: pred_rms=0.0558 eV/Å, ref_rms=0.0536 eV/Å, err_rms=0.0126 eV/Å
2026-08-29 05:19:31.140 INFO:   energy/atom: pred_mean=-2.9351 eV, ref_mean=-2.9344 eV, err_mean=0.0018 eV
2026-08-29 05:19:31.140 INFO:   energy decomposition (mean/atom): E_inter=0.4642 eV, E_QEq=-0.476247 eV
2026-08-29 05:19:31.143 INFO:   QEq charges per element: Z=8: mean=-0.2295, std=nan, min=-0.2295, max=-0.2295 | Z=17: mean=-0.0528, std=0.1102, min=-0.1307, max=0.0250 | Z=33: mean=-0.0422, std=0.1248, min=-0.1304, max=0.0461 | Z=34: mean=-0.1896, std=nan, min=-0.1896, max=-0.1896 | Z=35: mean=0.0069, std=0.2563, min=-0.3105, max=0.3031 | Z=52: mean=-0.3949, std=0.1332, min=-0.4890, max=-0.3007 | Z=53: mean=0.1774, std=0.1913, min=-0.2603, max=0.3118 | Z=55: mean=-0.1488, std=0.3482, min=-0.4387, max=0.4392 | Z=82: mean=-0.1839, std=0.3181, min=-0.4409, max=0.3345
2026-08-29 05:19:31.144 INFO:   Top-10 param grad norms:
2026-08-29 05:19:31.144 INFO:     interactions.0.conv_tp_weights.layer0.weight: 0.076035
2026-08-29 05:19:31.144 INFO:     products.0.symmetric_contractions.weight: 0.073995
2026-08-29 05:19:31.144 INFO:     interactions.1.linear.weight: 0.068126
2026-08-29 05:19:31.144 INFO:     interactions.0.linear.weight: 0.052074
2026-08-29 05:19:31.144 INFO:     products.1.symmetric_contractions.weight: 0.045500
2026-08-29 05:19:31.144 INFO:     products.0.linear.weight: 0.041397
2026-08-29 05:19:31.144 INFO:     products.1.linear.weight: 0.027001
2026-08-29 05:19:31.145 INFO:     interactions.0.conv_tp_weights.layer1.weight: 0.024540
2026-08-29 05:19:31.145 INFO:     interactions.0.conv_tp_weights.layer2.weight: 0.014843
2026-08-29 05:19:31.145 INFO:     charge_embedding.weight: 0.014585
2026-08-29 05:19:31.145 INFO:   All parameters have nonzero gradients ✓
2026-08-29 05:19:31.145 INFO:   Total grad norm (before clip): 0.1583
2026-08-29 05:19:31.145 INFO: --- End gradient diagnostics ---
2026-08-29 05:32:01.703 INFO:   Epoch energy decomposition (mean/atom): E_inter=0.4808 eV, E_QEq=-0.480508 eV
2026-08-29 05:32:58.117 INFO: Epoch 374: head: Default, loss=0.00131129, RMSE_E_per_atom=    2.73 meV, RMSE_F=   14.33 meV / A
2026-08-29 05:32:58.254 INFO: --- Gradient diagnostics (epoch 375, batch 0) ---
2026-08-29 05:32:58.255 INFO:   forces: pred_rms=0.1998 eV/Å, ref_rms=0.1999 eV/Å, err_rms=0.0156 eV/Å
2026-08-29 05:32:58.255 INFO:   energy/atom: pred_mean=-3.0305 eV, ref_mean=-3.0319 eV, err_mean=0.0027 eV
2026-08-29 05:32:58.256 INFO:   energy decomposition (mean/atom): E_inter=0.4907 eV, E_QEq=-0.478308 eV
2026-08-29 05:32:58.258 INFO:   QEq charges per element: Z=7: mean=0.1820, std=0.1023, min=0.1097, max=0.2543 | Z=15: mean=-0.3369, std=0.0189, min=-0.3503, max=-0.3236 | Z=16: mean=-0.1078, std=nan, min=-0.1078, max=-0.1078 | Z=17: mean=0.1299, std=nan, min=0.1299, max=0.1299 | Z=33: mean=-0.2704, std=nan, min=-0.2704, max=-0.2704 | Z=34: mean=-0.5534, std=nan, min=-0.5534, max=-0.5534 | Z=35: mean=-0.0324, std=0.2634, min=-0.3890, max=0.3049 | Z=53: mean=0.1009, std=0.2472, min=-0.2787, max=0.3270 | Z=55: mean=0.0133, std=0.3665, min=-0.4323, max=0.4878 | Z=82: mean=-0.0478, std=0.3547, min=-0.4944, max=0.3779
2026-08-29 05:32:58.260 INFO:   Top-10 param grad norms:
2026-08-29 05:32:58.260 INFO:     products.0.symmetric_contractions.weight: 0.148954
2026-08-29 05:32:58.260 INFO:     interactions.1.linear.weight: 0.114212
2026-08-29 05:32:58.260 INFO:     interactions.0.linear.weight: 0.109533
2026-08-29 05:32:58.260 INFO:     interactions.0.conv_tp_weights.layer0.weight: 0.103323
2026-08-29 05:32:58.260 INFO:     products.1.symmetric_contractions.weight: 0.079106
2026-08-29 05:32:58.260 INFO:     products.0.linear.weight: 0.074836
2026-08-29 05:32:58.260 INFO:     products.1.linear.weight: 0.053915
2026-08-29 05:32:58.260 INFO:     interactions.0.conv_tp_weights.layer1.weight: 0.039596
2026-08-29 05:32:58.261 INFO:     charge_embedding.weight: 0.037499
2026-08-29 05:32:58.261 INFO:     interactions.0.conv_tp_weights.layer3.weight: 0.037484
2026-08-29 05:32:58.261 INFO:   All parameters have nonzero gradients ✓
2026-08-29 05:32:58.261 INFO:   Total grad norm (before clip): 0.2844
2026-08-29 05:32:58.261 INFO: --- End gradient diagnostics ---
2026-08-29 05:45:26.984 INFO:   Epoch energy decomposition (mean/atom): E_inter=0.4810 eV, E_QEq=-0.480621 eV
2026-08-29 05:46:22.278 INFO: Epoch 375: head: Default, loss=0.00130447, RMSE_E_per_atom=    2.72 meV, RMSE_F=   14.29 meV / A
2026-08-29 05:46:22.483 INFO: --- Gradient diagnostics (epoch 376, batch 0) ---
2026-08-29 05:46:22.484 INFO:   forces: pred_rms=0.2821 eV/Å, ref_rms=0.2811 eV/Å, err_rms=0.0153 eV/Å
2026-08-29 05:46:22.485 INFO:   energy/atom: pred_mean=-2.9418 eV, ref_mean=-2.9431 eV, err_mean=0.0017 eV
2026-08-29 05:46:22.485 INFO:   energy decomposition (mean/atom): E_inter=0.4879 eV, E_QEq=-0.468299 eV
2026-08-29 05:46:22.487 INFO:   QEq charges per element: Z=7: mean=-0.2119, std=nan, min=-0.2119, max=-0.2119 | Z=15: mean=-0.3985, std=0.0210, min=-0.4134, max=-0.3836 | Z=34: mean=0.0455, std=0.3630, min=-0.3732, max=0.2706 | Z=35: mean=0.0556, std=0.2514, min=-0.2872, max=0.2930 | Z=52: mean=-0.3222, std=0.2174, min=-0.4759, max=-0.1684 | Z=53: mean=0.0616, std=0.2535, min=-0.3604, max=0.3601 | Z=55: mean=-0.0735, std=0.3688, min=-0.4131, max=0.4259 | Z=82: mean=-0.1096, std=0.3476, min=-0.4619, max=0.3880
2026-08-29 05:46:22.489 INFO:   Top-10 param grad norms:
2026-08-29 05:46:22.489 INFO:     interactions.0.conv_tp_weights.layer0.weight: 0.133536
2026-08-29 05:46:22.489 INFO:     products.0.symmetric_contractions.weight: 0.124152
2026-08-29 05:46:22.489 INFO:     interactions.0.linear.weight: 0.122179
2026-08-29 05:46:22.489 INFO:     interactions.1.linear.weight: 0.089367
2026-08-29 05:46:22.489 INFO:     products.0.linear.weight: 0.070702
2026-08-29 05:46:22.489 INFO:     products.1.symmetric_contractions.weight: 0.053398
2026-08-29 05:46:22.489 INFO:     interactions.0.conv_tp_weights.layer1.weight: 0.047888
2026-08-29 05:46:22.489 INFO:     products.1.linear.weight: 0.043439
2026-08-29 05:46:22.489 INFO:     interactions.0.conv_tp_weights.layer3.weight: 0.034620
2026-08-29 05:46:22.489 INFO:     charge_embedding.weight: 0.034056
2026-08-29 05:46:22.490 INFO:   All parameters have nonzero gradients ✓
2026-08-29 05:46:22.490 INFO:   Total grad norm (before clip): 0.2713
2026-08-29 05:46:22.490 INFO: --- End gradient diagnostics ---
2026-08-29 05:58:55.757 INFO:   Epoch energy decomposition (mean/atom): E_inter=0.4811 eV, E_QEq=-0.480779 eV
2026-08-29 05:59:50.517 INFO: Epoch 376: head: Default, loss=0.00131230, RMSE_E_per_atom=    2.73 meV, RMSE_F=   14.34 meV / A
2026-08-29 05:59:50.673 INFO: --- Gradient diagnostics (epoch 377, batch 0) ---
2026-08-29 05:59:50.674 INFO:   forces: pred_rms=0.0370 eV/Å, ref_rms=0.0326 eV/Å, err_rms=0.0135 eV/Å
2026-08-29 05:59:50.674 INFO:   energy/atom: pred_mean=-3.0247 eV, ref_mean=-3.0230 eV, err_mean=0.0024 eV
2026-08-29 05:59:50.674 INFO:   energy decomposition (mean/atom): E_inter=0.4856 eV, E_QEq=-0.513317 eV
2026-08-29 05:59:50.678 INFO:   QEq charges per element: Z=7: mean=0.0031, std=nan, min=0.0031, max=0.0031 | Z=9: mean=-0.4658, std=nan, min=-0.4658, max=-0.4658 | Z=16: mean=-0.3749, std=nan, min=-0.3749, max=-0.3749 | Z=34: mean=-0.4417, std=0.0892, min=-0.5048, max=-0.3786 | Z=35: mean=0.0940, std=0.2422, min=-0.2846, max=0.2901 | Z=52: mean=-0.3085, std=nan, min=-0.3085, max=-0.3085 | Z=53: mean=0.1407, std=0.2342, min=-0.2792, max=0.3355 | Z=55: mean=-0.1443, std=0.3357, min=-0.4123, max=0.4430 | Z=82: mean=-0.1752, std=0.3242, min=-0.4619, max=0.3877
2026-08-29 05:59:50.679 INFO:   Top-10 param grad norms:
2026-08-29 05:59:50.679 INFO:     products.0.symmetric_contractions.weight: 0.071594
2026-08-29 05:59:50.680 INFO:     interactions.0.linear.weight: 0.055929
2026-08-29 05:59:50.680 INFO:     interactions.1.linear.weight: 0.051629
2026-08-29 05:59:50.680 INFO:     interactions.0.conv_tp_weights.layer0.weight: 0.050366
2026-08-29 05:59:50.680 INFO:     products.0.linear.weight: 0.045621
2026-08-29 05:59:50.680 INFO:     products.1.symmetric_contractions.weight: 0.044676
2026-08-29 05:59:50.680 INFO:     products.1.linear.weight: 0.034840
2026-08-29 05:59:50.680 INFO:     interactions.0.conv_tp_weights.layer1.weight: 0.021085
2026-08-29 05:59:50.680 INFO:     charge_embedding.weight: 0.017854
2026-08-29 05:59:50.680 INFO:     interactions.0.conv_tp_weights.layer3.weight: 0.016707
2026-08-29 05:59:50.680 INFO:   All parameters have nonzero gradients ✓
2026-08-29 05:59:50.680 INFO:   Total grad norm (before clip): 0.1455
2026-08-29 05:59:50.680 INFO: --- End gradient diagnostics ---
2026-08-29 06:12:19.411 INFO:   Epoch energy decomposition (mean/atom): E_inter=0.4812 eV, E_QEq=-0.480881 eV
2026-08-29 06:13:16.149 INFO: Epoch 377: head: Default, loss=0.00130226, RMSE_E_per_atom=    2.71 meV, RMSE_F=   14.28 meV / A
2026-08-29 06:13:16.360 INFO: --- Gradient diagnostics (epoch 378, batch 0) ---
2026-08-29 06:13:16.361 INFO:   forces: pred_rms=0.0748 eV/Å, ref_rms=0.0734 eV/Å, err_rms=0.0126 eV/Å
2026-08-29 06:13:16.361 INFO:   energy/atom: pred_mean=-3.0575 eV, ref_mean=-3.0580 eV, err_mean=0.0013 eV
2026-08-29 06:13:16.361 INFO:   energy decomposition (mean/atom): E_inter=0.4786 eV, E_QEq=-0.496627 eV
2026-08-29 06:13:16.364 INFO:   QEq charges per element: Z=7: mean=-0.1013, std=nan, min=-0.1013, max=-0.1013 | Z=8: mean=0.2612, std=nan, min=0.2612, max=0.2612 | Z=15: mean=-0.1203, std=nan, min=-0.1203, max=-0.1203 | Z=16: mean=-0.3834, std=0.0494, min=-0.4393, max=-0.3455 | Z=17: mean=0.3191, std=nan, min=0.3191, max=0.3191 | Z=33: mean=-0.2445, std=nan, min=-0.2445, max=-0.2445 | Z=35: mean=0.1219, std=0.2332, min=-0.2829, max=0.2955 | Z=53: mean=-0.0716, std=0.2542, min=-0.2898, max=0.3140 | Z=55: mean=-0.0659, std=0.3558, min=-0.3852, max=0.4203 | Z=82: mean=-0.1157, std=0.3406, min=-0.4449, max=0.3486
2026-08-29 06:13:16.365 INFO:   Top-10 param grad norms:
2026-08-29 06:13:16.366 INFO:     products.0.symmetric_contractions.weight: 0.066051
2026-08-29 06:13:16.366 INFO:     interactions.1.linear.weight: 0.049133
2026-08-29 06:13:16.366 INFO:     products.1.symmetric_contractions.weight: 0.045594
2026-08-29 06:13:16.366 INFO:     interactions.0.linear.weight: 0.043053
2026-08-29 06:13:16.366 INFO:     products.0.linear.weight: 0.030833
2026-08-29 06:13:16.366 INFO:     interactions.0.conv_tp_weights.layer0.weight: 0.022706
2026-08-29 06:13:16.366 INFO:     products.1.linear.weight: 0.015710
2026-08-29 06:13:16.366 INFO:     charge_embedding.weight: 0.008379
2026-08-29 06:13:16.366 INFO:     interactions.0.conv_tp_weights.layer1.weight: 0.008134
2026-08-29 06:13:16.366 INFO:     interactions.0.linear_up.weight: 0.007302
2026-08-29 06:13:16.366 INFO:   All parameters have nonzero gradients ✓
2026-08-29 06:13:16.366 INFO:   Total grad norm (before clip): 0.1133
2026-08-29 06:13:16.366 INFO: --- End gradient diagnostics ---
2026-08-29 06:25:47.524 INFO:   Epoch energy decomposition (mean/atom): E_inter=0.4812 eV, E_QEq=-0.480843 eV
2026-08-29 06:26:42.722 INFO: Epoch 378: head: Default, loss=0.00130915, RMSE_E_per_atom=    2.74 meV, RMSE_F=   14.32 meV / A
2026-08-29 06:26:42.859 INFO: --- Gradient diagnostics (epoch 379, batch 0) ---
2026-08-29 06:26:42.859 INFO:   forces: pred_rms=0.1666 eV/Å, ref_rms=0.1645 eV/Å, err_rms=0.0154 eV/Å
2026-08-29 06:26:42.860 INFO:   energy/atom: pred_mean=-2.9592 eV, ref_mean=-2.9588 eV, err_mean=0.0016 eV
2026-08-29 06:26:42.860 INFO:   energy decomposition (mean/atom): E_inter=0.4549 eV, E_QEq=-0.446520 eV
2026-08-29 06:26:42.862 INFO:   QEq charges per element: Z=7: mean=-0.4014, std=0.2812, min=-0.6002, max=-0.2025 | Z=15: mean=-0.3271, std=nan, min=-0.3271, max=-0.3271 | Z=16: mean=-0.1253, std=nan, min=-0.1253, max=-0.1253 | Z=33: mean=-0.2725, std=0.2722, min=-0.4650, max=-0.0800 | Z=34: mean=-0.2680, std=nan, min=-0.2680, max=-0.2680 | Z=35: mean=-0.1391, std=0.2103, min=-0.3324, max=0.3869 | Z=53: mean=0.0568, std=0.2545, min=-0.3488, max=0.2953 | Z=55: mean=0.0692, std=0.3674, min=-0.3990, max=0.4097 | Z=82: mean=0.0253, std=0.3429, min=-0.4621, max=0.3706
2026-08-29 06:26:42.864 INFO:   Top-10 param grad norms:
2026-08-29 06:26:42.864 INFO:     products.0.symmetric_contractions.weight: 0.066496
2026-08-29 06:26:42.864 INFO:     interactions.0.conv_tp_weights.layer0.weight: 0.064763
2026-08-29 06:26:42.864 INFO:     interactions.1.linear.weight: 0.050214
2026-08-29 06:26:42.864 INFO:     interactions.0.linear.weight: 0.048746
2026-08-29 06:26:42.864 INFO:     products.1.symmetric_contractions.weight: 0.040679
2026-08-29 06:26:42.864 INFO:     products.0.linear.weight: 0.031622
2026-08-29 06:26:42.864 INFO:     products.1.linear.weight: 0.022995
2026-08-29 06:26:42.864 INFO:     interactions.0.conv_tp_weights.layer1.weight: 0.022662
2026-08-29 06:26:42.864 INFO:     interactions.0.conv_tp_weights.layer2.weight: 0.014926
2026-08-29 06:26:42.864 INFO:     charge_embedding.weight: 0.012591
2026-08-29 06:26:42.864 INFO:   All parameters have nonzero gradients ✓
2026-08-29 06:26:42.864 INFO:   Total grad norm (before clip): 0.1344
2026-08-29 06:26:42.865 INFO: --- End gradient diagnostics ---
2026-08-29 06:39:08.821 INFO:   Epoch energy decomposition (mean/atom): E_inter=0.4813 eV, E_QEq=-0.480940 eV
2026-08-29 06:40:04.947 INFO: Epoch 379: head: Default, loss=0.00131796, RMSE_E_per_atom=    2.72 meV, RMSE_F=   14.37 meV / A
2026-08-29 06:40:04.949 INFO: Training complete
2026-08-29 06:40:04.949 INFO: 
2026-08-29 06:40:04.949 INFO: ===========RESULTS===========
2026-08-29 06:40:04.996 INFO: Loading checkpoint: MACEDefect_outputs/checkpoints/MACEDefect_CsPbX3_run-278_epoch-377.pt
2026-08-29 06:40:05.177 INFO: Loaded Stage one model from epoch 377 for evaluation
2026-08-29 06:40:05.178 INFO: Saving model to MACEDefect_outputs/checkpoints/MACEDefect_CsPbX3_run-278.model
2026-08-29 06:40:05.259 INFO: RUNING CUEQ TO E3NN
2026-08-29 06:40:05.330 INFO: Creating new model without CuEq settings
2026-08-29 06:40:06.707 INFO: Compiling model, saving metadata to MACEDefect_outputs/MACEDefect_CsPbX3_compiled.model
2026-08-29 06:40:07.575 INFO: Computing metrics for training, validation, and test sets
2026-08-29 06:40:07.576 INFO: Skipping evaluation for heads: ['pt_head']
2026-08-29 06:40:07.576 INFO: Evaluating train_Default ...
2026-08-29 06:56:46.844 INFO: Evaluating valid_Default ...
2026-08-29 06:57:41.751 INFO: Error-table on TRAIN and VALID:
+---------------+---------------------+------------------+-------------------+
|  config_type  | RMSE E / meV / atom | RMSE F / meV / A | relative F RMSE % |
+---------------+---------------------+------------------+-------------------+
| train_Default |            2.7      |         12.7     |          4.67     |
| valid_Default |            2.7      |         14.3     |          5.59     |
+---------------+---------------------+------------------+-------------------+
2026-08-29 07:30:58.498 INFO: Done
MACE training completed successfully!
End Time: Sat Aug 29 07:31:02 AM EDT 2026
